index,mtx,algorithmname,threads,nnz,rows,Analyze,Factorization
0,random_circuit_100_1,NICSLU,1,8830,1797,1.0,1592.0
1,random_circuit_100_2,NICSLU,1,9216,1860,1.0,1527.0
2,random_circuit_100_3,NICSLU,1,9380,1890,1.0,1208.0
3,random_circuit_1060_1,NICSLU,1,96241,19497,1.0,16553.0
4,random_circuit_1060_2,NICSLU,1,97902,19803,1.0,17570.0
5,random_circuit_1060_3,NICSLU,1,97377,19734,1.0,15067.0
6,random_circuit_10_1,NICSLU,1,753,157,1.0,171.0
7,random_circuit_10_2,NICSLU,1,806,159,1.0,180.0
8,random_circuit_10_3,NICSLU,1,794,164,1.0,193.0
9,random_circuit_1140_1,NICSLU,1,105245,21297,1.0,18301.0
10,random_circuit_1140_2,NICSLU,1,104136,21138,1.0,17855.0
11,random_circuit_1140_3,NICSLU,1,104614,21186,1.0,18388.0
12,random_circuit_1220_1,NICSLU,1,110986,22505,1.0,19610.0
13,random_circuit_1220_2,NICSLU,1,110517,22463,1.0,19986.0
14,random_circuit_1220_3,NICSLU,1,110223,22357,1.0,18701.0
15,random_circuit_1300_1,NICSLU,1,120614,24406,1.0,22421.0
16,random_circuit_1300_2,NICSLU,1,118761,24051,1.0,20434.0
17,random_circuit_1300_3,NICSLU,1,118052,23949,1.0,19557.0
18,random_circuit_1380_1,NICSLU,1,125252,25405,1.0,21231.0
19,random_circuit_1380_2,NICSLU,1,124795,25348,1.0,22395.0
20,random_circuit_1380_3,NICSLU,1,125502,25468,1.0,22779.0
21,random_circuit_1460_1,NICSLU,1,136869,27616,1.0,21258.0
22,random_circuit_1460_2,NICSLU,1,133055,26921,1.0,25492.0
23,random_circuit_1460_3,NICSLU,1,134022,27142,1.0,22796.0
24,random_circuit_1540_1,NICSLU,1,142078,28652,1.0,26181.0
25,random_circuit_1540_2,NICSLU,1,138698,28041,1.0,24862.0
26,random_circuit_1540_3,NICSLU,1,140026,28380,1.0,24152.0
27,random_circuit_15_1,NICSLU,1,1381,287,1.0,231.0
28,random_circuit_15_2,NICSLU,1,1321,272,1.0,213.0
29,random_circuit_15_3,NICSLU,1,1170,247,1.0,232.0
30,random_circuit_1620_1,NICSLU,1,147860,29985,1.0,27314.0
31,random_circuit_1620_2,NICSLU,1,147975,30036,1.0,29198.0
32,random_circuit_1620_3,NICSLU,1,148947,30051,1.0,30576.0
33,random_circuit_1700_1,NICSLU,1,155311,31582,1.0,31199.0
34,random_circuit_1700_2,NICSLU,1,153981,31162,1.0,27342.0
35,random_circuit_1700_3,NICSLU,1,155217,31503,1.0,27568.0
36,random_circuit_1780_1,NICSLU,1,164348,33294,1.0,28703.0
37,random_circuit_1780_2,NICSLU,1,163782,33177,1.0,29793.0
38,random_circuit_1780_3,NICSLU,1,162327,32827,1.0,29036.0
39,random_circuit_180_1,NICSLU,1,16883,3388,1.0,2372.0
40,random_circuit_180_2,NICSLU,1,16908,3404,1.0,2466.0
41,random_circuit_180_3,NICSLU,1,16201,3308,1.0,2012.0
42,random_circuit_1860_1,NICSLU,1,170460,34586,1.0,29239.0
43,random_circuit_1860_2,NICSLU,1,171440,34720,1.0,31388.0
44,random_circuit_1860_3,NICSLU,1,168909,34253,1.0,33644.0
45,random_circuit_1940_1,NICSLU,1,175336,35553,1.0,33829.0
46,random_circuit_1940_2,NICSLU,1,180067,36522,1.0,38406.0
47,random_circuit_1940_3,NICSLU,1,175755,35683,1.0,34448.0
48,random_circuit_20_1,NICSLU,1,1755,358,1.0,320.0
49,random_circuit_20_2,NICSLU,1,1736,353,1.0,290.0
50,random_circuit_20_3,NICSLU,1,1696,353,1.0,321.0
51,random_circuit_25_1,NICSLU,1,2330,476,1.0,357.0
52,random_circuit_25_2,NICSLU,1,2367,483,1.0,438.0
53,random_circuit_25_3,NICSLU,1,2393,480,1.0,360.0
54,random_circuit_260_1,NICSLU,1,23885,4827,1.0,3315.0
55,random_circuit_260_2,NICSLU,1,23042,4696,1.0,3618.0
56,random_circuit_260_3,NICSLU,1,23517,4740,1.0,3334.0
57,random_circuit_30_1,NICSLU,1,2398,503,1.0,380.0
58,random_circuit_30_2,NICSLU,1,2711,550,1.0,512.0
59,random_circuit_30_3,NICSLU,1,2945,589,1.0,483.0
60,random_circuit_340_1,NICSLU,1,31831,6447,1.0,4819.0
61,random_circuit_340_2,NICSLU,1,30824,6284,1.0,4713.0
62,random_circuit_340_3,NICSLU,1,30369,6204,1.0,4583.0
63,random_circuit_35_1,NICSLU,1,3118,626,1.0,631.0
64,random_circuit_35_2,NICSLU,1,2935,606,1.0,660.0
65,random_circuit_35_3,NICSLU,1,2702,560,1.0,483.0
66,random_circuit_40_1,NICSLU,1,3393,689,1.0,529.0
67,random_circuit_40_2,NICSLU,1,3193,659,1.0,511.0
68,random_circuit_40_3,NICSLU,1,3713,745,1.0,667.0
69,random_circuit_420_1,NICSLU,1,38521,7799,1.0,5964.0
70,random_circuit_420_2,NICSLU,1,36711,7488,1.0,5318.0
71,random_circuit_420_3,NICSLU,1,38784,7827,1.0,5920.0
72,random_circuit_45_1,NICSLU,1,4202,848,1.0,613.0
73,random_circuit_45_2,NICSLU,1,4149,836,1.0,702.0
74,random_circuit_45_3,NICSLU,1,4290,869,1.0,644.0
75,random_circuit_500_1,NICSLU,1,46453,9411,1.0,6647.0
76,random_circuit_500_2,NICSLU,1,45437,9177,1.0,7293.0
77,random_circuit_500_3,NICSLU,1,44803,9133,1.0,6291.0
78,random_circuit_50_1,NICSLU,1,3983,822,1.0,625.0
79,random_circuit_50_2,NICSLU,1,4963,984,1.0,789.0
80,random_circuit_50_3,NICSLU,1,4668,936,1.0,647.0
81,random_circuit_55_1,NICSLU,1,5009,1014,1.0,739.0
82,random_circuit_55_2,NICSLU,1,4775,981,1.0,754.0
83,random_circuit_55_3,NICSLU,1,5093,1046,1.0,750.0
84,random_circuit_580_1,NICSLU,1,53589,10820,1.0,7652.0
85,random_circuit_580_2,NICSLU,1,55681,11192,1.0,8059.0
86,random_circuit_580_3,NICSLU,1,53187,10766,1.0,7677.0
87,random_circuit_5_1,NICSLU,1,296,66,1.0,97.0
88,random_circuit_5_2,NICSLU,1,270,61,1.0,92.0
89,random_circuit_5_3,NICSLU,1,341,71,1.0,89.0
90,random_circuit_60_1,NICSLU,1,5652,1143,1.0,902.0
91,random_circuit_60_2,NICSLU,1,5254,1081,1.0,852.0
92,random_circuit_60_3,NICSLU,1,4798,991,1.0,784.0
93,random_circuit_65_1,NICSLU,1,5884,1199,1.0,979.0
94,random_circuit_65_2,NICSLU,1,5524,1121,1.0,1070.0
95,random_circuit_65_3,NICSLU,1,5574,1128,1.0,1017.0
96,random_circuit_660_1,NICSLU,1,60130,12177,1.0,9201.0
97,random_circuit_660_2,NICSLU,1,60996,12275,1.0,9712.0
98,random_circuit_660_3,NICSLU,1,56210,11443,1.0,9494.0
99,random_circuit_70_1,NICSLU,1,5497,1146,1.0,1009.0
100,random_circuit_70_2,NICSLU,1,6579,1352,1.0,1123.0
101,random_circuit_70_3,NICSLU,1,6488,1300,1.0,1082.0
102,random_circuit_740_1,NICSLU,1,67901,13763,1.0,11234.0
103,random_circuit_740_2,NICSLU,1,66379,13492,1.0,9557.0
104,random_circuit_740_3,NICSLU,1,68246,13786,1.0,12184.0
105,random_circuit_75_1,NICSLU,1,6806,1390,1.0,1191.0
106,random_circuit_75_2,NICSLU,1,7026,1432,1.0,1187.0
107,random_circuit_75_3,NICSLU,1,6959,1406,1.0,1393.0
108,random_circuit_80_1,NICSLU,1,6455,1326,1.0,1157.0
109,random_circuit_80_2,NICSLU,1,7269,1483,1.0,1267.0
110,random_circuit_80_3,NICSLU,1,7858,1582,1.0,1126.0
111,random_circuit_820_1,NICSLU,1,74268,15045,1.0,11251.0
112,random_circuit_820_2,NICSLU,1,75482,15287,1.0,11955.0
113,random_circuit_820_3,NICSLU,1,75128,15225,1.0,12414.0
114,random_circuit_85_1,NICSLU,1,8103,1651,1.0,1159.0
115,random_circuit_85_2,NICSLU,1,7330,1497,1.0,1149.0
116,random_circuit_85_3,NICSLU,1,7592,1567,1.0,1447.0
117,random_circuit_900_1,NICSLU,1,81575,16577,1.0,13387.0
118,random_circuit_900_2,NICSLU,1,81615,16565,1.0,14571.0
119,random_circuit_900_3,NICSLU,1,83074,16801,1.0,13769.0
120,random_circuit_90_1,NICSLU,1,8294,1675,1.0,1516.0
121,random_circuit_90_2,NICSLU,1,8518,1719,1.0,1493.0
122,random_circuit_90_3,NICSLU,1,8063,1632,1.0,1386.0
123,random_circuit_95_1,NICSLU,1,8928,1808,1.0,1362.0
124,random_circuit_95_2,NICSLU,1,9263,1864,1.0,1481.0
125,random_circuit_95_3,NICSLU,1,8717,1760,1.0,1517.0
126,random_circuit_980_1,NICSLU,1,89715,18218,1.0,13808.0
127,random_circuit_980_2,NICSLU,1,89337,18111,1.0,13426.0
128,random_circuit_980_3,NICSLU,1,90211,18182,1.0,14811.0
129,random_circuit_100_1,NICSLU,4,8830,1797,4.0,1487.0
130,random_circuit_100_2,NICSLU,4,9216,1860,4.0,1569.0
131,random_circuit_100_3,NICSLU,4,9380,1890,4.0,1259.0
132,random_circuit_1060_1,NICSLU,4,96241,19497,4.0,16339.0
133,random_circuit_1060_2,NICSLU,4,97902,19803,4.0,17297.0
134,random_circuit_1060_3,NICSLU,4,97377,19734,4.0,15639.0
135,random_circuit_10_1,NICSLU,4,753,157,4.0,201.0
136,random_circuit_10_2,NICSLU,4,806,159,4.0,206.0
137,random_circuit_10_3,NICSLU,4,794,164,4.0,197.0
138,random_circuit_1140_1,NICSLU,4,105245,21297,4.0,18071.0
139,random_circuit_1140_2,NICSLU,4,104136,21138,4.0,17816.0
140,random_circuit_1140_3,NICSLU,4,104614,21186,4.0,19401.0
141,random_circuit_1220_1,NICSLU,4,110986,22505,4.0,20382.0
142,random_circuit_1220_2,NICSLU,4,110517,22463,4.0,19817.0
143,random_circuit_1220_3,NICSLU,4,110223,22357,4.0,18929.0
144,random_circuit_1300_1,NICSLU,4,120614,24406,4.0,23119.0
145,random_circuit_1300_2,NICSLU,4,118761,24051,4.0,20774.0
146,random_circuit_1300_3,NICSLU,4,118052,23949,4.0,20341.0
147,random_circuit_1380_1,NICSLU,4,125252,25405,4.0,21404.0
148,random_circuit_1380_2,NICSLU,4,124795,25348,4.0,22303.0
149,random_circuit_1380_3,NICSLU,4,125502,25468,4.0,24445.0
150,random_circuit_1460_1,NICSLU,4,136869,27616,4.0,22218.0
151,random_circuit_1460_2,NICSLU,4,133055,26921,4.0,26621.0
152,random_circuit_1460_3,NICSLU,4,134022,27142,4.0,23766.0
153,random_circuit_1540_1,NICSLU,4,142078,28652,4.0,27151.0
154,random_circuit_1540_2,NICSLU,4,138698,28041,4.0,26019.0
155,random_circuit_1540_3,NICSLU,4,140026,28380,4.0,25450.0
156,random_circuit_15_1,NICSLU,4,1381,287,4.0,232.0
157,random_circuit_15_2,NICSLU,4,1321,272,4.0,258.0
158,random_circuit_15_3,NICSLU,4,1170,247,4.0,239.0
159,random_circuit_1620_1,NICSLU,4,147860,29985,4.0,27846.0
160,random_circuit_1620_2,NICSLU,4,147975,30036,4.0,30070.0
161,random_circuit_1620_3,NICSLU,4,148947,30051,4.0,32726.0
162,random_circuit_1700_1,NICSLU,4,155311,31582,4.0,32525.0
163,random_circuit_1700_2,NICSLU,4,153981,31162,4.0,29225.0
164,random_circuit_1700_3,NICSLU,4,155217,31503,4.0,28940.0
165,random_circuit_1780_1,NICSLU,4,164348,33294,4.0,30413.0
166,random_circuit_1780_2,NICSLU,4,163782,33177,4.0,30540.0
167,random_circuit_1780_3,NICSLU,4,162327,32827,4.0,30536.0
168,random_circuit_180_1,NICSLU,4,16883,3388,4.0,2460.0
169,random_circuit_180_2,NICSLU,4,16908,3404,4.0,2400.0
170,random_circuit_180_3,NICSLU,4,16201,3308,4.0,2101.0
171,random_circuit_1860_1,NICSLU,4,170460,34586,4.0,28351.0
172,random_circuit_1860_2,NICSLU,4,171440,34720,4.0,32518.0
173,random_circuit_1860_3,NICSLU,4,168909,34253,4.0,34619.0
174,random_circuit_1940_1,NICSLU,4,175336,35553,4.0,37516.0
175,random_circuit_1940_2,NICSLU,4,180067,36522,4.0,39772.0
176,random_circuit_1940_3,NICSLU,4,175755,35683,4.0,35675.0
177,random_circuit_20_1,NICSLU,4,1755,358,4.0,320.0
178,random_circuit_20_2,NICSLU,4,1736,353,4.0,322.0
179,random_circuit_20_3,NICSLU,4,1696,353,4.0,267.0
180,random_circuit_25_1,NICSLU,4,2330,476,4.0,463.0
181,random_circuit_25_2,NICSLU,4,2367,483,4.0,419.0
182,random_circuit_25_3,NICSLU,4,2393,480,4.0,388.0
183,random_circuit_260_1,NICSLU,4,23885,4827,4.0,3309.0
184,random_circuit_260_2,NICSLU,4,23042,4696,4.0,3676.0
185,random_circuit_260_3,NICSLU,4,23517,4740,4.0,3120.0
186,random_circuit_30_1,NICSLU,4,2398,503,4.0,370.0
187,random_circuit_30_2,NICSLU,4,2711,550,4.0,413.0
188,random_circuit_30_3,NICSLU,4,2945,589,4.0,509.0
189,random_circuit_340_1,NICSLU,4,31831,6447,4.0,4390.0
190,random_circuit_340_2,NICSLU,4,30824,6284,4.0,4997.0
191,random_circuit_340_3,NICSLU,4,30369,6204,4.0,4816.0
192,random_circuit_35_1,NICSLU,4,3118,626,4.0,506.0
193,random_circuit_35_2,NICSLU,4,2935,606,4.0,542.0
194,random_circuit_35_3,NICSLU,4,2702,560,4.0,481.0
195,random_circuit_40_1,NICSLU,4,3393,689,4.0,589.0
196,random_circuit_40_2,NICSLU,4,3193,659,4.0,540.0
197,random_circuit_40_3,NICSLU,4,3713,745,4.0,695.0
198,random_circuit_420_1,NICSLU,4,38521,7799,4.0,6081.0
199,random_circuit_420_2,NICSLU,4,36711,7488,4.0,5688.0
200,random_circuit_420_3,NICSLU,4,38784,7827,4.0,6073.0
201,random_circuit_45_1,NICSLU,4,4202,848,4.0,711.0
202,random_circuit_45_2,NICSLU,4,4149,836,4.0,688.0
203,random_circuit_45_3,NICSLU,4,4290,869,4.0,725.0
204,random_circuit_500_1,NICSLU,4,46453,9411,4.0,6734.0
205,random_circuit_500_2,NICSLU,4,45437,9177,4.0,7716.0
206,random_circuit_500_3,NICSLU,4,44803,9133,4.0,6672.0
207,random_circuit_50_1,NICSLU,4,3983,822,4.0,726.0
208,random_circuit_50_2,NICSLU,4,4963,984,4.0,713.0
209,random_circuit_50_3,NICSLU,4,4668,936,4.0,795.0
210,random_circuit_55_1,NICSLU,4,5009,1014,4.0,847.0
211,random_circuit_55_2,NICSLU,4,4775,981,4.0,797.0
212,random_circuit_55_3,NICSLU,4,5093,1046,4.0,859.0
213,random_circuit_580_1,NICSLU,4,53589,10820,4.0,7914.0
214,random_circuit_580_2,NICSLU,4,55681,11192,4.0,8521.0
215,random_circuit_580_3,NICSLU,4,53187,10766,4.0,7762.0
216,random_circuit_5_1,NICSLU,4,296,66,4.0,97.0
217,random_circuit_5_2,NICSLU,4,270,61,4.0,91.0
218,random_circuit_5_3,NICSLU,4,341,71,4.0,97.0
219,random_circuit_60_1,NICSLU,4,5652,1143,4.0,849.0
220,random_circuit_60_2,NICSLU,4,5254,1081,4.0,994.0
221,random_circuit_60_3,NICSLU,4,4798,991,4.0,761.0
222,random_circuit_65_1,NICSLU,4,5884,1199,4.0,1106.0
223,random_circuit_65_2,NICSLU,4,5524,1121,4.0,829.0
224,random_circuit_65_3,NICSLU,4,5574,1128,4.0,1038.0
225,random_circuit_660_1,NICSLU,4,60130,12177,4.0,9212.0
226,random_circuit_660_2,NICSLU,4,60996,12275,4.0,9673.0
227,random_circuit_660_3,NICSLU,4,56210,11443,4.0,9570.0
228,random_circuit_70_1,NICSLU,4,5497,1146,4.0,1013.0
229,random_circuit_70_2,NICSLU,4,6579,1352,4.0,1169.0
230,random_circuit_70_3,NICSLU,4,6488,1300,4.0,1144.0
231,random_circuit_740_1,NICSLU,4,67901,13763,4.0,10812.0
232,random_circuit_740_2,NICSLU,4,66379,13492,4.0,10081.0
233,random_circuit_740_3,NICSLU,4,68246,13786,4.0,12082.0
234,random_circuit_75_1,NICSLU,4,6806,1390,4.0,1329.0
235,random_circuit_75_2,NICSLU,4,7026,1432,4.0,1234.0
236,random_circuit_75_3,NICSLU,4,6959,1406,4.0,1339.0
237,random_circuit_80_1,NICSLU,4,6455,1326,4.0,1198.0
238,random_circuit_80_2,NICSLU,4,7269,1483,4.0,1106.0
239,random_circuit_80_3,NICSLU,4,7858,1582,4.0,1168.0
240,random_circuit_820_1,NICSLU,4,74268,15045,4.0,11286.0
241,random_circuit_820_2,NICSLU,4,75482,15287,4.0,12183.0
242,random_circuit_820_3,NICSLU,4,75128,15225,4.0,13245.0
243,random_circuit_85_1,NICSLU,4,8103,1651,4.0,1356.0
244,random_circuit_85_2,NICSLU,4,7330,1497,4.0,1183.0
245,random_circuit_85_3,NICSLU,4,7592,1567,4.0,1124.0
246,random_circuit_900_1,NICSLU,4,81575,16577,4.0,14004.0
247,random_circuit_900_2,NICSLU,4,81615,16565,4.0,13851.0
248,random_circuit_900_3,NICSLU,4,83074,16801,4.0,14263.0
249,random_circuit_90_1,NICSLU,4,8294,1675,4.0,1262.0
250,random_circuit_90_2,NICSLU,4,8518,1719,4.0,1461.0
251,random_circuit_90_3,NICSLU,4,8063,1632,4.0,1391.0
252,random_circuit_95_1,NICSLU,4,8928,1808,4.0,1326.0
253,random_circuit_95_2,NICSLU,4,9263,1864,4.0,1474.0
254,random_circuit_95_3,NICSLU,4,8717,1760,4.0,1470.0
255,random_circuit_980_1,NICSLU,4,89715,18218,4.0,13727.0
256,random_circuit_980_2,NICSLU,4,89337,18111,4.0,14785.0
257,random_circuit_980_3,NICSLU,4,90211,18182,4.0,15174.0
258,random_circuit_100_1,NICSLU,8,8830,1797,8.0,1614.0
259,random_circuit_100_2,NICSLU,8,9216,1860,8.0,1590.0
260,random_circuit_100_3,NICSLU,8,9380,1890,8.0,1207.0
261,random_circuit_1060_1,NICSLU,8,96241,19497,8.0,16964.0
262,random_circuit_1060_2,NICSLU,8,97902,19803,8.0,19078.0
263,random_circuit_1060_3,NICSLU,8,97377,19734,8.0,16702.0
264,random_circuit_10_1,NICSLU,8,753,157,8.0,196.0
265,random_circuit_10_2,NICSLU,8,806,159,8.0,194.0
266,random_circuit_10_3,NICSLU,8,794,164,8.0,189.0
267,random_circuit_1140_1,NICSLU,8,105245,21297,8.0,17901.0
268,random_circuit_1140_2,NICSLU,8,104136,21138,8.0,18630.0
269,random_circuit_1140_3,NICSLU,8,104614,21186,8.0,20152.0
270,random_circuit_1220_1,NICSLU,8,110986,22505,8.0,21266.0
271,random_circuit_1220_2,NICSLU,8,110517,22463,8.0,21538.0
272,random_circuit_1220_3,NICSLU,8,110223,22357,8.0,19763.0
273,random_circuit_1300_1,NICSLU,8,120614,24406,8.0,24184.0
274,random_circuit_1300_2,NICSLU,8,118761,24051,8.0,22450.0
275,random_circuit_1300_3,NICSLU,8,118052,23949,8.0,21091.0
276,random_circuit_1380_1,NICSLU,8,125252,25405,8.0,23779.0
277,random_circuit_1380_2,NICSLU,8,124795,25348,8.0,23918.0
278,random_circuit_1380_3,NICSLU,8,125502,25468,8.0,25587.0
279,random_circuit_1460_1,NICSLU,8,136869,27616,8.0,23109.0
280,random_circuit_1460_2,NICSLU,8,133055,26921,8.0,28631.0
281,random_circuit_1460_3,NICSLU,8,134022,27142,8.0,24927.0
282,random_circuit_1540_1,NICSLU,8,142078,28652,8.0,29346.0
283,random_circuit_1540_2,NICSLU,8,138698,28041,8.0,27094.0
284,random_circuit_1540_3,NICSLU,8,140026,28380,8.0,26140.0
285,random_circuit_15_1,NICSLU,8,1381,287,8.0,300.0
286,random_circuit_15_2,NICSLU,8,1321,272,8.0,282.0
287,random_circuit_15_3,NICSLU,8,1170,247,8.0,241.0
288,random_circuit_1620_1,NICSLU,8,147860,29985,8.0,27316.0
289,random_circuit_1620_2,NICSLU,8,147975,30036,8.0,32377.0
290,random_circuit_1620_3,NICSLU,8,148947,30051,8.0,33634.0
291,random_circuit_1700_1,NICSLU,8,155311,31582,8.0,35191.0
292,random_circuit_1700_2,NICSLU,8,153981,31162,8.0,30289.0
293,random_circuit_1700_3,NICSLU,8,155217,31503,8.0,30875.0
294,random_circuit_1780_1,NICSLU,8,164348,33294,8.0,32035.0
295,random_circuit_1780_2,NICSLU,8,163782,33177,8.0,32998.0
296,random_circuit_1780_3,NICSLU,8,162327,32827,8.0,32699.0
297,random_circuit_180_1,NICSLU,8,16883,3388,8.0,2491.0
298,random_circuit_180_2,NICSLU,8,16908,3404,8.0,2650.0
299,random_circuit_180_3,NICSLU,8,16201,3308,8.0,2269.0
300,random_circuit_1860_1,NICSLU,8,170460,34586,8.0,28758.0
301,random_circuit_1860_2,NICSLU,8,171440,34720,8.0,34220.0
302,random_circuit_1860_3,NICSLU,8,168909,34253,8.0,37062.0
303,random_circuit_1940_1,NICSLU,8,175336,35553,8.0,37588.0
304,random_circuit_1940_2,NICSLU,8,180067,36522,8.0,42375.0
305,random_circuit_1940_3,NICSLU,8,175755,35683,8.0,37366.0
306,random_circuit_20_1,NICSLU,8,1755,358,8.0,354.0
307,random_circuit_20_2,NICSLU,8,1736,353,8.0,368.0
308,random_circuit_20_3,NICSLU,8,1696,353,8.0,304.0
309,random_circuit_25_1,NICSLU,8,2330,476,8.0,419.0
310,random_circuit_25_2,NICSLU,8,2367,483,8.0,417.0
311,random_circuit_25_3,NICSLU,8,2393,480,8.0,398.0
312,random_circuit_260_1,NICSLU,8,23885,4827,8.0,3274.0
313,random_circuit_260_2,NICSLU,8,23042,4696,8.0,3886.0
314,random_circuit_260_3,NICSLU,8,23517,4740,8.0,3618.0
315,random_circuit_30_1,NICSLU,8,2398,503,8.0,498.0
316,random_circuit_30_2,NICSLU,8,2711,550,8.0,380.0
317,random_circuit_30_3,NICSLU,8,2945,589,8.0,523.0
318,random_circuit_340_1,NICSLU,8,31831,6447,8.0,4663.0
319,random_circuit_340_2,NICSLU,8,30824,6284,8.0,5506.0
320,random_circuit_340_3,NICSLU,8,30369,6204,8.0,5141.0
321,random_circuit_35_1,NICSLU,8,3118,626,8.0,632.0
322,random_circuit_35_2,NICSLU,8,2935,606,8.0,551.0
323,random_circuit_35_3,NICSLU,8,2702,560,8.0,473.0
324,random_circuit_40_1,NICSLU,8,3393,689,8.0,487.0
325,random_circuit_40_2,NICSLU,8,3193,659,8.0,561.0
326,random_circuit_40_3,NICSLU,8,3713,745,8.0,656.0
327,random_circuit_420_1,NICSLU,8,38521,7799,8.0,5849.0
328,random_circuit_420_2,NICSLU,8,36711,7488,8.0,6123.0
329,random_circuit_420_3,NICSLU,8,38784,7827,8.0,6406.0
330,random_circuit_45_1,NICSLU,8,4202,848,8.0,732.0
331,random_circuit_45_2,NICSLU,8,4149,836,8.0,677.0
332,random_circuit_45_3,NICSLU,8,4290,869,8.0,662.0
333,random_circuit_500_1,NICSLU,8,46453,9411,8.0,6820.0
334,random_circuit_500_2,NICSLU,8,45437,9177,8.0,8200.0
335,random_circuit_500_3,NICSLU,8,44803,9133,8.0,7195.0
336,random_circuit_50_1,NICSLU,8,3983,822,8.0,744.0
337,random_circuit_50_2,NICSLU,8,4963,984,8.0,869.0
338,random_circuit_50_3,NICSLU,8,4668,936,8.0,775.0
339,random_circuit_55_1,NICSLU,8,5009,1014,8.0,870.0
340,random_circuit_55_2,NICSLU,8,4775,981,8.0,676.0
341,random_circuit_55_3,NICSLU,8,5093,1046,8.0,891.0
342,random_circuit_580_1,NICSLU,8,53589,10820,8.0,7814.0
343,random_circuit_580_2,NICSLU,8,55681,11192,8.0,9103.0
344,random_circuit_580_3,NICSLU,8,53187,10766,8.0,8249.0
345,random_circuit_5_1,NICSLU,8,296,66,8.0,103.0
346,random_circuit_5_2,NICSLU,8,270,61,8.0,81.0
347,random_circuit_5_3,NICSLU,8,341,71,8.0,92.0
348,random_circuit_60_1,NICSLU,8,5652,1143,8.0,821.0
349,random_circuit_60_2,NICSLU,8,5254,1081,8.0,943.0
350,random_circuit_60_3,NICSLU,8,4798,991,8.0,818.0
351,random_circuit_65_1,NICSLU,8,5884,1199,8.0,1110.0
352,random_circuit_65_2,NICSLU,8,5524,1121,8.0,983.0
353,random_circuit_65_3,NICSLU,8,5574,1128,8.0,972.0
354,random_circuit_660_1,NICSLU,8,60130,12177,8.0,9508.0
355,random_circuit_660_2,NICSLU,8,60996,12275,8.0,10249.0
356,random_circuit_660_3,NICSLU,8,56210,11443,8.0,10319.0
357,random_circuit_70_1,NICSLU,8,5497,1146,8.0,1006.0
358,random_circuit_70_2,NICSLU,8,6579,1352,8.0,1156.0
359,random_circuit_70_3,NICSLU,8,6488,1300,8.0,1017.0
360,random_circuit_740_1,NICSLU,8,67901,13763,8.0,10788.0
361,random_circuit_740_2,NICSLU,8,66379,13492,8.0,10535.0
362,random_circuit_740_3,NICSLU,8,68246,13786,8.0,13143.0
363,random_circuit_75_1,NICSLU,8,6806,1390,8.0,1368.0
364,random_circuit_75_2,NICSLU,8,7026,1432,8.0,1375.0
365,random_circuit_75_3,NICSLU,8,6959,1406,8.0,1350.0
366,random_circuit_80_1,NICSLU,8,6455,1326,8.0,1053.0
367,random_circuit_80_2,NICSLU,8,7269,1483,8.0,1173.0
368,random_circuit_80_3,NICSLU,8,7858,1582,8.0,1217.0
369,random_circuit_820_1,NICSLU,8,74268,15045,8.0,11518.0
370,random_circuit_820_2,NICSLU,8,75482,15287,8.0,12977.0
371,random_circuit_820_3,NICSLU,8,75128,15225,8.0,13996.0
372,random_circuit_85_1,NICSLU,8,8103,1651,8.0,1295.0
373,random_circuit_85_2,NICSLU,8,7330,1497,8.0,1255.0
374,random_circuit_85_3,NICSLU,8,7592,1567,8.0,1164.0
375,random_circuit_900_1,NICSLU,8,81575,16577,8.0,13374.0
376,random_circuit_900_2,NICSLU,8,81615,16565,8.0,15513.0
377,random_circuit_900_3,NICSLU,8,83074,16801,8.0,15218.0
378,random_circuit_90_1,NICSLU,8,8294,1675,8.0,1373.0
379,random_circuit_90_2,NICSLU,8,8518,1719,8.0,1530.0
380,random_circuit_90_3,NICSLU,8,8063,1632,8.0,1295.0
381,random_circuit_95_1,NICSLU,8,8928,1808,8.0,1404.0
382,random_circuit_95_2,NICSLU,8,9263,1864,8.0,1438.0
383,random_circuit_95_3,NICSLU,8,8717,1760,8.0,1540.0
384,random_circuit_980_1,NICSLU,8,89715,18218,8.0,14231.0
385,random_circuit_980_2,NICSLU,8,89337,18111,8.0,15320.0
386,random_circuit_980_3,NICSLU,8,90211,18182,8.0,16726.0
387,random_circuit_100_1,NICSLU,12,8830,1797,12.0,1763.0
388,random_circuit_100_2,NICSLU,12,9216,1860,12.0,1497.0
389,random_circuit_100_3,NICSLU,12,9380,1890,12.0,1205.0
390,random_circuit_1060_1,NICSLU,12,96241,19497,12.0,17219.0
391,random_circuit_1060_2,NICSLU,12,97902,19803,12.0,19089.0
392,random_circuit_1060_3,NICSLU,12,97377,19734,12.0,16766.0
393,random_circuit_10_1,NICSLU,12,753,157,12.0,195.0
394,random_circuit_10_2,NICSLU,12,806,159,12.0,168.0
395,random_circuit_10_3,NICSLU,12,794,164,12.0,166.0
396,random_circuit_1140_1,NICSLU,12,105245,21297,12.0,18409.0
397,random_circuit_1140_2,NICSLU,12,104136,21138,12.0,19510.0
398,random_circuit_1140_3,NICSLU,12,104614,21186,12.0,20133.0
399,random_circuit_1220_1,NICSLU,12,110986,22505,12.0,21547.0
400,random_circuit_1220_2,NICSLU,12,110517,22463,12.0,21885.0
401,random_circuit_1220_3,NICSLU,12,110223,22357,12.0,20230.0
402,random_circuit_1300_1,NICSLU,12,120614,24406,12.0,24489.0
403,random_circuit_1300_2,NICSLU,12,118761,24051,12.0,22632.0
404,random_circuit_1300_3,NICSLU,12,118052,23949,12.0,21598.0
405,random_circuit_1380_1,NICSLU,12,125252,25405,12.0,23916.0
406,random_circuit_1380_2,NICSLU,12,124795,25348,12.0,24400.0
407,random_circuit_1380_3,NICSLU,12,125502,25468,12.0,25626.0
408,random_circuit_1460_1,NICSLU,12,136869,27616,12.0,23306.0
409,random_circuit_1460_2,NICSLU,12,133055,26921,12.0,28571.0
410,random_circuit_1460_3,NICSLU,12,134022,27142,12.0,25057.0
411,random_circuit_1540_1,NICSLU,12,142078,28652,12.0,29236.0
412,random_circuit_1540_2,NICSLU,12,138698,28041,12.0,27298.0
413,random_circuit_1540_3,NICSLU,12,140026,28380,12.0,26128.0
414,random_circuit_15_1,NICSLU,12,1381,287,12.0,303.0
415,random_circuit_15_2,NICSLU,12,1321,272,12.0,283.0
416,random_circuit_15_3,NICSLU,12,1170,247,12.0,247.0
417,random_circuit_1620_1,NICSLU,12,147860,29985,12.0,27022.0
418,random_circuit_1620_2,NICSLU,12,147975,30036,12.0,32344.0
419,random_circuit_1620_3,NICSLU,12,148947,30051,12.0,33456.0
420,random_circuit_1700_1,NICSLU,12,155311,31582,12.0,35081.0
421,random_circuit_1700_2,NICSLU,12,153981,31162,12.0,30156.0
422,random_circuit_1700_3,NICSLU,12,155217,31503,12.0,30231.0
423,random_circuit_1780_1,NICSLU,12,164348,33294,12.0,32389.0
424,random_circuit_1780_2,NICSLU,12,163782,33177,12.0,32830.0
425,random_circuit_1780_3,NICSLU,12,162327,32827,12.0,32624.0
426,random_circuit_180_1,NICSLU,12,16883,3388,12.0,2453.0
427,random_circuit_180_2,NICSLU,12,16908,3404,12.0,2803.0
428,random_circuit_180_3,NICSLU,12,16201,3308,12.0,2249.0
429,random_circuit_1860_1,NICSLU,12,170460,34586,12.0,28050.0
430,random_circuit_1860_2,NICSLU,12,171440,34720,12.0,34148.0
431,random_circuit_1860_3,NICSLU,12,168909,34253,12.0,36881.0
432,random_circuit_1940_1,NICSLU,12,175336,35553,12.0,37675.0
433,random_circuit_1940_2,NICSLU,12,180067,36522,12.0,42428.0
434,random_circuit_1940_3,NICSLU,12,175755,35683,12.0,37439.0
435,random_circuit_20_1,NICSLU,12,1755,358,12.0,360.0
436,random_circuit_20_2,NICSLU,12,1736,353,12.0,364.0
437,random_circuit_20_3,NICSLU,12,1696,353,12.0,306.0
438,random_circuit_25_1,NICSLU,12,2330,476,12.0,500.0
439,random_circuit_25_2,NICSLU,12,2367,483,12.0,374.0
440,random_circuit_25_3,NICSLU,12,2393,480,12.0,417.0
441,random_circuit_260_1,NICSLU,12,23885,4827,12.0,3305.0
442,random_circuit_260_2,NICSLU,12,23042,4696,12.0,3952.0
443,random_circuit_260_3,NICSLU,12,23517,4740,12.0,3531.0
444,random_circuit_30_1,NICSLU,12,2398,503,12.0,498.0
445,random_circuit_30_2,NICSLU,12,2711,550,12.0,459.0
446,random_circuit_30_3,NICSLU,12,2945,589,12.0,518.0
447,random_circuit_340_1,NICSLU,12,31831,6447,12.0,4645.0
448,random_circuit_340_2,NICSLU,12,30824,6284,12.0,5465.0
449,random_circuit_340_3,NICSLU,12,30369,6204,12.0,5094.0
450,random_circuit_35_1,NICSLU,12,3118,626,12.0,596.0
451,random_circuit_35_2,NICSLU,12,2935,606,12.0,551.0
452,random_circuit_35_3,NICSLU,12,2702,560,12.0,469.0
453,random_circuit_40_1,NICSLU,12,3393,689,12.0,583.0
454,random_circuit_40_2,NICSLU,12,3193,659,12.0,542.0
455,random_circuit_40_3,NICSLU,12,3713,745,12.0,569.0
456,random_circuit_420_1,NICSLU,12,38521,7799,12.0,5961.0
457,random_circuit_420_2,NICSLU,12,36711,7488,12.0,6054.0
458,random_circuit_420_3,NICSLU,12,38784,7827,12.0,6579.0
459,random_circuit_45_1,NICSLU,12,4202,848,12.0,682.0
460,random_circuit_45_2,NICSLU,12,4149,836,12.0,666.0
461,random_circuit_45_3,NICSLU,12,4290,869,12.0,726.0
462,random_circuit_500_1,NICSLU,12,46453,9411,12.0,6758.0
463,random_circuit_500_2,NICSLU,12,45437,9177,12.0,8045.0
464,random_circuit_500_3,NICSLU,12,44803,9133,12.0,7218.0
465,random_circuit_50_1,NICSLU,12,3983,822,12.0,805.0
466,random_circuit_50_2,NICSLU,12,4963,984,12.0,806.0
467,random_circuit_50_3,NICSLU,12,4668,936,12.0,691.0
468,random_circuit_55_1,NICSLU,12,5009,1014,12.0,904.0
469,random_circuit_55_2,NICSLU,12,4775,981,12.0,788.0
470,random_circuit_55_3,NICSLU,12,5093,1046,12.0,843.0
471,random_circuit_580_1,NICSLU,12,53589,10820,12.0,7922.0
472,random_circuit_580_2,NICSLU,12,55681,11192,12.0,9111.0
473,random_circuit_580_3,NICSLU,12,53187,10766,12.0,8268.0
474,random_circuit_5_1,NICSLU,12,296,66,12.0,103.0
475,random_circuit_5_2,NICSLU,12,270,61,12.0,89.0
476,random_circuit_5_3,NICSLU,12,341,71,12.0,92.0
477,random_circuit_60_1,NICSLU,12,5652,1143,12.0,905.0
478,random_circuit_60_2,NICSLU,12,5254,1081,12.0,795.0
479,random_circuit_60_3,NICSLU,12,4798,991,12.0,917.0
480,random_circuit_65_1,NICSLU,12,5884,1199,12.0,937.0
481,random_circuit_65_2,NICSLU,12,5524,1121,12.0,1002.0
482,random_circuit_65_3,NICSLU,12,5574,1128,12.0,928.0
483,random_circuit_660_1,NICSLU,12,60130,12177,12.0,9003.0
484,random_circuit_660_2,NICSLU,12,60996,12275,12.0,10452.0
485,random_circuit_660_3,NICSLU,12,56210,11443,12.0,10351.0
486,random_circuit_70_1,NICSLU,12,5497,1146,12.0,1009.0
487,random_circuit_70_2,NICSLU,12,6579,1352,12.0,1251.0
488,random_circuit_70_3,NICSLU,12,6488,1300,12.0,1095.0
489,random_circuit_740_1,NICSLU,12,67901,13763,12.0,11344.0
490,random_circuit_740_2,NICSLU,12,66379,13492,12.0,10659.0
491,random_circuit_740_3,NICSLU,12,68246,13786,12.0,12919.0
492,random_circuit_75_1,NICSLU,12,6806,1390,12.0,1364.0
493,random_circuit_75_2,NICSLU,12,7026,1432,12.0,1164.0
494,random_circuit_75_3,NICSLU,12,6959,1406,12.0,1173.0
495,random_circuit_80_1,NICSLU,12,6455,1326,12.0,1276.0
496,random_circuit_80_2,NICSLU,12,7269,1483,12.0,1153.0
497,random_circuit_80_3,NICSLU,12,7858,1582,12.0,1261.0
498,random_circuit_820_1,NICSLU,12,74268,15045,12.0,11435.0
499,random_circuit_820_2,NICSLU,12,75482,15287,12.0,12970.0
500,random_circuit_820_3,NICSLU,12,75128,15225,12.0,14040.0
501,random_circuit_85_1,NICSLU,12,8103,1651,12.0,1399.0
502,random_circuit_85_2,NICSLU,12,7330,1497,12.0,1348.0
503,random_circuit_85_3,NICSLU,12,7592,1567,12.0,1233.0
504,random_circuit_900_1,NICSLU,12,81575,16577,12.0,13360.0
505,random_circuit_900_2,NICSLU,12,81615,16565,12.0,15646.0
506,random_circuit_900_3,NICSLU,12,83074,16801,12.0,15286.0
507,random_circuit_90_1,NICSLU,12,8294,1675,12.0,1459.0
508,random_circuit_90_2,NICSLU,12,8518,1719,12.0,1444.0
509,random_circuit_90_3,NICSLU,12,8063,1632,12.0,1269.0
510,random_circuit_95_1,NICSLU,12,8928,1808,12.0,1309.0
511,random_circuit_95_2,NICSLU,12,9263,1864,12.0,1456.0
512,random_circuit_95_3,NICSLU,12,8717,1760,12.0,1583.0
513,random_circuit_980_1,NICSLU,12,89715,18218,12.0,14115.0
514,random_circuit_980_2,NICSLU,12,89337,18111,12.0,15293.0
515,random_circuit_980_3,NICSLU,12,90211,18182,12.0,16923.0
516,random_circuit_100_1,NICSLU,24,8830,1797,24.0,1773.0
517,random_circuit_100_2,NICSLU,24,9216,1860,24.0,1563.0
518,random_circuit_100_3,NICSLU,24,9380,1890,24.0,1277.0
519,random_circuit_1060_1,NICSLU,24,96241,19497,24.0,17097.0
520,random_circuit_1060_2,NICSLU,24,97902,19803,24.0,19086.0
521,random_circuit_1060_3,NICSLU,24,97377,19734,24.0,16712.0
522,random_circuit_10_1,NICSLU,24,753,157,24.0,201.0
523,random_circuit_10_2,NICSLU,24,806,159,24.0,186.0
524,random_circuit_10_3,NICSLU,24,794,164,24.0,225.0
525,random_circuit_1140_1,NICSLU,24,105245,21297,24.0,18671.0
526,random_circuit_1140_2,NICSLU,24,104136,21138,24.0,19472.0
527,random_circuit_1140_3,NICSLU,24,104614,21186,24.0,20412.0
528,random_circuit_1220_1,NICSLU,24,110986,22505,24.0,21489.0
529,random_circuit_1220_2,NICSLU,24,110517,22463,24.0,21586.0
530,random_circuit_1220_3,NICSLU,24,110223,22357,24.0,20331.0
531,random_circuit_1300_1,NICSLU,24,120614,24406,24.0,24483.0
532,random_circuit_1300_2,NICSLU,24,118761,24051,24.0,22526.0
533,random_circuit_1300_3,NICSLU,24,118052,23949,24.0,21591.0
534,random_circuit_1380_1,NICSLU,24,125252,25405,24.0,23989.0
535,random_circuit_1380_2,NICSLU,24,124795,25348,24.0,24060.0
536,random_circuit_1380_3,NICSLU,24,125502,25468,24.0,25614.0
537,random_circuit_1460_1,NICSLU,24,136869,27616,24.0,23144.0
538,random_circuit_1460_2,NICSLU,24,133055,26921,24.0,28561.0
539,random_circuit_1460_3,NICSLU,24,134022,27142,24.0,24951.0
540,random_circuit_1540_1,NICSLU,24,142078,28652,24.0,29398.0
541,random_circuit_1540_2,NICSLU,24,138698,28041,24.0,27276.0
542,random_circuit_1540_3,NICSLU,24,140026,28380,24.0,26198.0
543,random_circuit_15_1,NICSLU,24,1381,287,24.0,301.0
544,random_circuit_15_2,NICSLU,24,1321,272,24.0,288.0
545,random_circuit_15_3,NICSLU,24,1170,247,24.0,246.0
546,random_circuit_1620_1,NICSLU,24,147860,29985,24.0,27362.0
547,random_circuit_1620_2,NICSLU,24,147975,30036,24.0,32768.0
548,random_circuit_1620_3,NICSLU,24,148947,30051,24.0,33527.0
549,random_circuit_1700_1,NICSLU,24,155311,31582,24.0,35190.0
550,random_circuit_1700_2,NICSLU,24,153981,31162,24.0,30053.0
551,random_circuit_1700_3,NICSLU,24,155217,31503,24.0,30200.0
552,random_circuit_1780_1,NICSLU,24,164348,33294,24.0,32065.0
553,random_circuit_1780_2,NICSLU,24,163782,33177,24.0,33193.0
554,random_circuit_1780_3,NICSLU,24,162327,32827,24.0,32444.0
555,random_circuit_180_1,NICSLU,24,16883,3388,24.0,2562.0
556,random_circuit_180_2,NICSLU,24,16908,3404,24.0,2704.0
557,random_circuit_180_3,NICSLU,24,16201,3308,24.0,2317.0
558,random_circuit_1860_1,NICSLU,24,170460,34586,24.0,27957.0
559,random_circuit_1860_2,NICSLU,24,171440,34720,24.0,34076.0
560,random_circuit_1860_3,NICSLU,24,168909,34253,24.0,36552.0
561,random_circuit_1940_1,NICSLU,24,175336,35553,24.0,37453.0
562,random_circuit_1940_2,NICSLU,24,180067,36522,24.0,41947.0
563,random_circuit_1940_3,NICSLU,24,175755,35683,24.0,37900.0
564,random_circuit_20_1,NICSLU,24,1755,358,24.0,313.0
565,random_circuit_20_2,NICSLU,24,1736,353,24.0,360.0
566,random_circuit_20_3,NICSLU,24,1696,353,24.0,307.0
567,random_circuit_25_1,NICSLU,24,2330,476,24.0,459.0
568,random_circuit_25_2,NICSLU,24,2367,483,24.0,386.0
569,random_circuit_25_3,NICSLU,24,2393,480,24.0,398.0
570,random_circuit_260_1,NICSLU,24,23885,4827,24.0,3285.0
571,random_circuit_260_2,NICSLU,24,23042,4696,24.0,3897.0
572,random_circuit_260_3,NICSLU,24,23517,4740,24.0,3562.0
573,random_circuit_30_1,NICSLU,24,2398,503,24.0,453.0
574,random_circuit_30_2,NICSLU,24,2711,550,24.0,517.0
575,random_circuit_30_3,NICSLU,24,2945,589,24.0,594.0
576,random_circuit_340_1,NICSLU,24,31831,6447,24.0,4620.0
577,random_circuit_340_2,NICSLU,24,30824,6284,24.0,5439.0
578,random_circuit_340_3,NICSLU,24,30369,6204,24.0,5147.0
579,random_circuit_35_1,NICSLU,24,3118,626,24.0,604.0
580,random_circuit_35_2,NICSLU,24,2935,606,24.0,592.0
581,random_circuit_35_3,NICSLU,24,2702,560,24.0,480.0
582,random_circuit_40_1,NICSLU,24,3393,689,24.0,507.0
583,random_circuit_40_2,NICSLU,24,3193,659,24.0,650.0
584,random_circuit_40_3,NICSLU,24,3713,745,24.0,516.0
585,random_circuit_420_1,NICSLU,24,38521,7799,24.0,5867.0
586,random_circuit_420_2,NICSLU,24,36711,7488,24.0,6097.0
587,random_circuit_420_3,NICSLU,24,38784,7827,24.0,6429.0
588,random_circuit_45_1,NICSLU,24,4202,848,24.0,657.0
589,random_circuit_45_2,NICSLU,24,4149,836,24.0,595.0
590,random_circuit_45_3,NICSLU,24,4290,869,24.0,728.0
591,random_circuit_500_1,NICSLU,24,46453,9411,24.0,6596.0
592,random_circuit_500_2,NICSLU,24,45437,9177,24.0,8163.0
593,random_circuit_500_3,NICSLU,24,44803,9133,24.0,7136.0
594,random_circuit_50_1,NICSLU,24,3983,822,24.0,698.0
595,random_circuit_50_2,NICSLU,24,4963,984,24.0,919.0
596,random_circuit_50_3,NICSLU,24,4668,936,24.0,805.0
597,random_circuit_55_1,NICSLU,24,5009,1014,24.0,793.0
598,random_circuit_55_2,NICSLU,24,4775,981,24.0,770.0
599,random_circuit_55_3,NICSLU,24,5093,1046,24.0,837.0
600,random_circuit_580_1,NICSLU,24,53589,10820,24.0,7769.0
601,random_circuit_580_2,NICSLU,24,55681,11192,24.0,9041.0
602,random_circuit_580_3,NICSLU,24,53187,10766,24.0,8234.0
603,random_circuit_5_1,NICSLU,24,296,66,24.0,104.0
604,random_circuit_5_2,NICSLU,24,270,61,24.0,94.0
605,random_circuit_5_3,NICSLU,24,341,71,24.0,94.0
606,random_circuit_60_1,NICSLU,24,5652,1143,24.0,933.0
607,random_circuit_60_2,NICSLU,24,5254,1081,24.0,855.0
608,random_circuit_60_3,NICSLU,24,4798,991,24.0,794.0
609,random_circuit_65_1,NICSLU,24,5884,1199,24.0,1004.0
610,random_circuit_65_2,NICSLU,24,5524,1121,24.0,943.0
611,random_circuit_65_3,NICSLU,24,5574,1128,24.0,1115.0
612,random_circuit_660_1,NICSLU,24,60130,12177,24.0,9344.0
613,random_circuit_660_2,NICSLU,24,60996,12275,24.0,10350.0
614,random_circuit_660_3,NICSLU,24,56210,11443,24.0,10347.0
615,random_circuit_70_1,NICSLU,24,5497,1146,24.0,1024.0
616,random_circuit_70_2,NICSLU,24,6579,1352,24.0,1179.0
617,random_circuit_70_3,NICSLU,24,6488,1300,24.0,1171.0
618,random_circuit_740_1,NICSLU,24,67901,13763,24.0,10817.0
619,random_circuit_740_2,NICSLU,24,66379,13492,24.0,10582.0
620,random_circuit_740_3,NICSLU,24,68246,13786,24.0,12927.0
621,random_circuit_75_1,NICSLU,24,6806,1390,24.0,1331.0
622,random_circuit_75_2,NICSLU,24,7026,1432,24.0,1289.0
623,random_circuit_75_3,NICSLU,24,6959,1406,24.0,1268.0
624,random_circuit_80_1,NICSLU,24,6455,1326,24.0,1175.0
625,random_circuit_80_2,NICSLU,24,7269,1483,24.0,1268.0
626,random_circuit_80_3,NICSLU,24,7858,1582,24.0,1236.0
627,random_circuit_820_1,NICSLU,24,74268,15045,24.0,11389.0
628,random_circuit_820_2,NICSLU,24,75482,15287,24.0,13122.0
629,random_circuit_820_3,NICSLU,24,75128,15225,24.0,13946.0
630,random_circuit_85_1,NICSLU,24,8103,1651,24.0,1374.0
631,random_circuit_85_2,NICSLU,24,7330,1497,24.0,1434.0
632,random_circuit_85_3,NICSLU,24,7592,1567,24.0,1162.0
633,random_circuit_900_1,NICSLU,24,81575,16577,24.0,14015.0
634,random_circuit_900_2,NICSLU,24,81615,16565,24.0,15499.0
635,random_circuit_900_3,NICSLU,24,83074,16801,24.0,15416.0
636,random_circuit_90_1,NICSLU,24,8294,1675,24.0,1492.0
637,random_circuit_90_2,NICSLU,24,8518,1719,24.0,1513.0
638,random_circuit_90_3,NICSLU,24,8063,1632,24.0,1374.0
639,random_circuit_95_1,NICSLU,24,8928,1808,24.0,1482.0
640,random_circuit_95_2,NICSLU,24,9263,1864,24.0,1565.0
641,random_circuit_95_3,NICSLU,24,8717,1760,24.0,1704.0
642,random_circuit_980_1,NICSLU,24,89715,18218,24.0,13936.0
643,random_circuit_980_2,NICSLU,24,89337,18111,24.0,15342.0
644,random_circuit_980_3,NICSLU,24,90211,18182,24.0,16807.0
645,random_circuit_100_1,NICSLU,32,8830,1797,32.0,1789.0
646,random_circuit_100_2,NICSLU,32,9216,1860,32.0,1615.0
647,random_circuit_100_3,NICSLU,32,9380,1890,32.0,1357.0
648,random_circuit_1060_1,NICSLU,32,96241,19497,32.0,17399.0
649,random_circuit_1060_2,NICSLU,32,97902,19803,32.0,18514.0
650,random_circuit_1060_3,NICSLU,32,97377,19734,32.0,16486.0
651,random_circuit_10_1,NICSLU,32,753,157,32.0,197.0
652,random_circuit_10_2,NICSLU,32,806,159,32.0,206.0
653,random_circuit_10_3,NICSLU,32,794,164,32.0,188.0
654,random_circuit_1140_1,NICSLU,32,105245,21297,32.0,18273.0
655,random_circuit_1140_2,NICSLU,32,104136,21138,32.0,19424.0
656,random_circuit_1140_3,NICSLU,32,104614,21186,32.0,20237.0
657,random_circuit_1220_1,NICSLU,32,110986,22505,32.0,21211.0
658,random_circuit_1220_2,NICSLU,32,110517,22463,32.0,21855.0
659,random_circuit_1220_3,NICSLU,32,110223,22357,32.0,19956.0
660,random_circuit_1300_1,NICSLU,32,120614,24406,32.0,24309.0
661,random_circuit_1300_2,NICSLU,32,118761,24051,32.0,22325.0
662,random_circuit_1300_3,NICSLU,32,118052,23949,32.0,21694.0
663,random_circuit_1380_1,NICSLU,32,125252,25405,32.0,24326.0
664,random_circuit_1380_2,NICSLU,32,124795,25348,32.0,24019.0
665,random_circuit_1380_3,NICSLU,32,125502,25468,32.0,25509.0
666,random_circuit_1460_1,NICSLU,32,136869,27616,32.0,23109.0
667,random_circuit_1460_2,NICSLU,32,133055,26921,32.0,28925.0
668,random_circuit_1460_3,NICSLU,32,134022,27142,32.0,25184.0
669,random_circuit_1540_1,NICSLU,32,142078,28652,32.0,29521.0
670,random_circuit_1540_2,NICSLU,32,138698,28041,32.0,27151.0
671,random_circuit_1540_3,NICSLU,32,140026,28380,32.0,26230.0
672,random_circuit_15_1,NICSLU,32,1381,287,32.0,245.0
673,random_circuit_15_2,NICSLU,32,1321,272,32.0,286.0
674,random_circuit_15_3,NICSLU,32,1170,247,32.0,249.0
675,random_circuit_1620_1,NICSLU,32,147860,29985,32.0,28254.0
676,random_circuit_1620_2,NICSLU,32,147975,30036,32.0,32496.0
677,random_circuit_1620_3,NICSLU,32,148947,30051,32.0,33511.0
678,random_circuit_1700_1,NICSLU,32,155311,31582,32.0,35196.0
679,random_circuit_1700_2,NICSLU,32,153981,31162,32.0,30134.0
680,random_circuit_1700_3,NICSLU,32,155217,31503,32.0,30162.0
681,random_circuit_1780_1,NICSLU,32,164348,33294,32.0,32237.0
682,random_circuit_1780_2,NICSLU,32,163782,33177,32.0,32934.0
683,random_circuit_1780_3,NICSLU,32,162327,32827,32.0,32538.0
684,random_circuit_180_1,NICSLU,32,16883,3388,32.0,2526.0
685,random_circuit_180_2,NICSLU,32,16908,3404,32.0,2664.0
686,random_circuit_180_3,NICSLU,32,16201,3308,32.0,2354.0
687,random_circuit_1860_1,NICSLU,32,170460,34586,32.0,29333.0
688,random_circuit_1860_2,NICSLU,32,171440,34720,32.0,34080.0
689,random_circuit_1860_3,NICSLU,32,168909,34253,32.0,36924.0
690,random_circuit_1940_1,NICSLU,32,175336,35553,32.0,38086.0
691,random_circuit_1940_2,NICSLU,32,180067,36522,32.0,41382.0
692,random_circuit_1940_3,NICSLU,32,175755,35683,32.0,37400.0
693,random_circuit_20_1,NICSLU,32,1755,358,32.0,341.0
694,random_circuit_20_2,NICSLU,32,1736,353,32.0,361.0
695,random_circuit_20_3,NICSLU,32,1696,353,32.0,356.0
696,random_circuit_25_1,NICSLU,32,2330,476,32.0,371.0
697,random_circuit_25_2,NICSLU,32,2367,483,32.0,420.0
698,random_circuit_25_3,NICSLU,32,2393,480,32.0,437.0
699,random_circuit_260_1,NICSLU,32,23885,4827,32.0,3394.0
700,random_circuit_260_2,NICSLU,32,23042,4696,32.0,3873.0
701,random_circuit_260_3,NICSLU,32,23517,4740,32.0,3544.0
702,random_circuit_30_1,NICSLU,32,2398,503,32.0,452.0
703,random_circuit_30_2,NICSLU,32,2711,550,32.0,449.0
704,random_circuit_30_3,NICSLU,32,2945,589,32.0,433.0
705,random_circuit_340_1,NICSLU,32,31831,6447,32.0,4675.0
706,random_circuit_340_2,NICSLU,32,30824,6284,32.0,5401.0
707,random_circuit_340_3,NICSLU,32,30369,6204,32.0,5146.0
708,random_circuit_35_1,NICSLU,32,3118,626,32.0,549.0
709,random_circuit_35_2,NICSLU,32,2935,606,32.0,588.0
710,random_circuit_35_3,NICSLU,32,2702,560,32.0,451.0
711,random_circuit_40_1,NICSLU,32,3393,689,32.0,521.0
712,random_circuit_40_2,NICSLU,32,3193,659,32.0,549.0
713,random_circuit_40_3,NICSLU,32,3713,745,32.0,544.0
714,random_circuit_420_1,NICSLU,32,38521,7799,32.0,6070.0
715,random_circuit_420_2,NICSLU,32,36711,7488,32.0,6051.0
716,random_circuit_420_3,NICSLU,32,38784,7827,32.0,6433.0
717,random_circuit_45_1,NICSLU,32,4202,848,32.0,653.0
718,random_circuit_45_2,NICSLU,32,4149,836,32.0,725.0
719,random_circuit_45_3,NICSLU,32,4290,869,32.0,828.0
720,random_circuit_500_1,NICSLU,32,46453,9411,32.0,6654.0
721,random_circuit_500_2,NICSLU,32,45437,9177,32.0,8077.0
722,random_circuit_500_3,NICSLU,32,44803,9133,32.0,7105.0
723,random_circuit_50_1,NICSLU,32,3983,822,32.0,843.0
724,random_circuit_50_2,NICSLU,32,4963,984,32.0,930.0
725,random_circuit_50_3,NICSLU,32,4668,936,32.0,779.0
726,random_circuit_55_1,NICSLU,32,5009,1014,32.0,743.0
727,random_circuit_55_2,NICSLU,32,4775,981,32.0,702.0
728,random_circuit_55_3,NICSLU,32,5093,1046,32.0,761.0
729,random_circuit_580_1,NICSLU,32,53589,10820,32.0,7975.0
730,random_circuit_580_2,NICSLU,32,55681,11192,32.0,9069.0
731,random_circuit_580_3,NICSLU,32,53187,10766,32.0,8228.0
732,random_circuit_5_1,NICSLU,32,296,66,32.0,112.0
733,random_circuit_5_2,NICSLU,32,270,61,32.0,85.0
734,random_circuit_5_3,NICSLU,32,341,71,32.0,90.0
735,random_circuit_60_1,NICSLU,32,5652,1143,32.0,869.0
736,random_circuit_60_2,NICSLU,32,5254,1081,32.0,918.0
737,random_circuit_60_3,NICSLU,32,4798,991,32.0,894.0
738,random_circuit_65_1,NICSLU,32,5884,1199,32.0,1011.0
739,random_circuit_65_2,NICSLU,32,5524,1121,32.0,948.0
740,random_circuit_65_3,NICSLU,32,5574,1128,32.0,965.0
741,random_circuit_660_1,NICSLU,32,60130,12177,32.0,9376.0
742,random_circuit_660_2,NICSLU,32,60996,12275,32.0,10378.0
743,random_circuit_660_3,NICSLU,32,56210,11443,32.0,10229.0
744,random_circuit_70_1,NICSLU,32,5497,1146,32.0,1137.0
745,random_circuit_70_2,NICSLU,32,6579,1352,32.0,1263.0
746,random_circuit_70_3,NICSLU,32,6488,1300,32.0,1266.0
747,random_circuit_740_1,NICSLU,32,67901,13763,32.0,11202.0
748,random_circuit_740_2,NICSLU,32,66379,13492,32.0,10665.0
749,random_circuit_740_3,NICSLU,32,68246,13786,32.0,13015.0
750,random_circuit_75_1,NICSLU,32,6806,1390,32.0,1421.0
751,random_circuit_75_2,NICSLU,32,7026,1432,32.0,1368.0
752,random_circuit_75_3,NICSLU,32,6959,1406,32.0,1367.0
753,random_circuit_80_1,NICSLU,32,6455,1326,32.0,1275.0
754,random_circuit_80_2,NICSLU,32,7269,1483,32.0,1305.0
755,random_circuit_80_3,NICSLU,32,7858,1582,32.0,1306.0
756,random_circuit_820_1,NICSLU,32,74268,15045,32.0,11622.0
757,random_circuit_820_2,NICSLU,32,75482,15287,32.0,13079.0
758,random_circuit_820_3,NICSLU,32,75128,15225,32.0,13996.0
759,random_circuit_85_1,NICSLU,32,8103,1651,32.0,1334.0
760,random_circuit_85_2,NICSLU,32,7330,1497,32.0,1434.0
761,random_circuit_85_3,NICSLU,32,7592,1567,32.0,1291.0
762,random_circuit_900_1,NICSLU,32,81575,16577,32.0,14061.0
763,random_circuit_900_2,NICSLU,32,81615,16565,32.0,15644.0
764,random_circuit_900_3,NICSLU,32,83074,16801,32.0,15270.0
765,random_circuit_90_1,NICSLU,32,8294,1675,32.0,1451.0
766,random_circuit_90_2,NICSLU,32,8518,1719,32.0,1369.0
767,random_circuit_90_3,NICSLU,32,8063,1632,32.0,1540.0
768,random_circuit_95_1,NICSLU,32,8928,1808,32.0,1455.0
769,random_circuit_95_2,NICSLU,32,9263,1864,32.0,1482.0
770,random_circuit_95_3,NICSLU,32,8717,1760,32.0,1662.0
771,random_circuit_980_1,NICSLU,32,89715,18218,32.0,14359.0
772,random_circuit_980_2,NICSLU,32,89337,18111,32.0,15406.0
773,random_circuit_980_3,NICSLU,32,90211,18182,32.0,16811.0
