index,mtx,algorithmname,threads,nnz,rows,Analyze,Factorization
0,random_circuit_100_1,PARDISO,1,8830,1797,18489.0,576.22
1,random_circuit_100_2,PARDISO,1,9216,1860,17459.0,593.76
2,random_circuit_100_3,PARDISO,1,9380,1890,17722.0,608.24
3,random_circuit_1060_1,PARDISO,1,96241,19497,52600.0,9949.84
4,random_circuit_1060_2,PARDISO,1,97902,19803,53779.0,10011.7
5,random_circuit_1060_3,PARDISO,1,97377,19734,51858.0,9825.1
6,random_circuit_10_1,PARDISO,1,753,157,15534.0,46.82
7,random_circuit_10_2,PARDISO,1,806,159,14222.0,48.24
8,random_circuit_10_3,PARDISO,1,794,164,14706.0,50.9
9,random_circuit_1140_1,PARDISO,1,105245,21297,59655.0,10874.0
10,random_circuit_1140_2,PARDISO,1,104136,21138,57854.0,11131.5
11,random_circuit_1140_3,PARDISO,1,104614,21186,59114.0,11174.0
12,random_circuit_1220_1,PARDISO,1,110986,22505,62092.0,11864.3
13,random_circuit_1220_2,PARDISO,1,110517,22463,59870.0,11687.9
14,random_circuit_1220_3,PARDISO,1,110223,22357,64944.0,12687.5
15,random_circuit_1300_1,PARDISO,1,120614,24406,69375.0,13843.1
16,random_circuit_1300_2,PARDISO,1,118761,24051,68183.0,13307.4
17,random_circuit_1300_3,PARDISO,1,118052,23949,65949.0,13522.0
18,random_circuit_1380_1,PARDISO,1,125252,25405,71189.0,14330.8
19,random_circuit_1380_2,PARDISO,1,124795,25348,72020.0,13858.0
20,random_circuit_1380_3,PARDISO,1,125502,25468,69055.0,14232.2
21,random_circuit_1460_1,PARDISO,1,136869,27616,76685.0,16759.5
22,random_circuit_1460_2,PARDISO,1,133055,26921,78069.0,15829.1
23,random_circuit_1460_3,PARDISO,1,134022,27142,78214.0,15926.2
24,random_circuit_1540_1,PARDISO,1,142078,28652,82743.0,18703.6
25,random_circuit_1540_2,PARDISO,1,138698,28041,80355.0,18283.2
26,random_circuit_1540_3,PARDISO,1,140026,28380,79470.0,18046.5
27,random_circuit_15_1,PARDISO,1,1381,287,16265.0,88.48
28,random_circuit_15_2,PARDISO,1,1321,272,15523.0,82.54
29,random_circuit_15_3,PARDISO,1,1170,247,15248.0,76.0
30,random_circuit_1620_1,PARDISO,1,147860,29985,86565.0,19925.5
31,random_circuit_1620_2,PARDISO,1,147975,30036,88906.0,19610.0
32,random_circuit_1620_3,PARDISO,1,148947,30051,89560.0,20530.3
33,random_circuit_1700_1,PARDISO,1,155311,31582,90602.0,20862.7
34,random_circuit_1700_2,PARDISO,1,153981,31162,93768.0,21527.4
35,random_circuit_1700_3,PARDISO,1,155217,31503,92322.0,20768.1
36,random_circuit_1780_1,PARDISO,1,164348,33294,98084.0,22606.1
37,random_circuit_1780_2,PARDISO,1,163782,33177,96908.0,23179.2
38,random_circuit_1780_3,PARDISO,1,162327,32827,96771.0,23172.3
39,random_circuit_180_1,PARDISO,1,16883,3388,21087.0,1128.34
40,random_circuit_180_2,PARDISO,1,16908,3404,19986.0,1160.34
41,random_circuit_180_3,PARDISO,1,16201,3308,19566.0,1110.48
42,random_circuit_1860_1,PARDISO,1,170460,34586,104233.0,26227.5
43,random_circuit_1860_2,PARDISO,1,171440,34720,104596.0,25406.8
44,random_circuit_1860_3,PARDISO,1,168909,34253,102121.0,24574.9
45,random_circuit_1940_1,PARDISO,1,175336,35553,108997.0,27056.4
46,random_circuit_1940_2,PARDISO,1,180067,36522,114522.0,27313.0
47,random_circuit_1940_3,PARDISO,1,175755,35683,108156.0,29005.8
48,random_circuit_20_1,PARDISO,1,1755,358,16294.0,110.54
49,random_circuit_20_2,PARDISO,1,1736,353,14952.0,110.54
50,random_circuit_20_3,PARDISO,1,1696,353,15167.0,107.98
51,random_circuit_25_1,PARDISO,1,2330,476,15122.0,148.46
52,random_circuit_25_2,PARDISO,1,2367,483,15126.0,149.86
53,random_circuit_25_3,PARDISO,1,2393,480,15721.0,148.58
54,random_circuit_260_1,PARDISO,1,23885,4827,22026.0,1655.98
55,random_circuit_260_2,PARDISO,1,23042,4696,22655.0,1599.16
56,random_circuit_260_3,PARDISO,1,23517,4740,22003.0,1618.06
57,random_circuit_30_1,PARDISO,1,2398,503,16235.0,156.8
58,random_circuit_30_2,PARDISO,1,2711,550,15703.0,180.14
59,random_circuit_30_3,PARDISO,1,2945,589,15412.0,184.56
60,random_circuit_340_1,PARDISO,1,31831,6447,24271.0,2335.72
61,random_circuit_340_2,PARDISO,1,30824,6284,25124.0,2257.78
62,random_circuit_340_3,PARDISO,1,30369,6204,23971.0,2280.72
63,random_circuit_35_1,PARDISO,1,3118,626,15517.0,194.22
64,random_circuit_35_2,PARDISO,1,2935,606,15500.0,188.4
65,random_circuit_35_3,PARDISO,1,2702,560,15757.0,176.6
66,random_circuit_40_1,PARDISO,1,3393,689,15737.0,217.04
67,random_circuit_40_2,PARDISO,1,3193,659,15655.0,212.62
68,random_circuit_40_3,PARDISO,1,3713,745,14985.0,232.98
69,random_circuit_420_1,PARDISO,1,38521,7799,27282.0,2849.62
70,random_circuit_420_2,PARDISO,1,36711,7488,27078.0,2783.44
71,random_circuit_420_3,PARDISO,1,38784,7827,27314.0,2919.98
72,random_circuit_45_1,PARDISO,1,4202,848,17161.0,264.86
73,random_circuit_45_2,PARDISO,1,4149,836,16406.0,261.48
74,random_circuit_45_3,PARDISO,1,4290,869,16317.0,270.66
75,random_circuit_500_1,PARDISO,1,46453,9411,30604.0,3682.38
76,random_circuit_500_2,PARDISO,1,45437,9177,30286.0,3628.66
77,random_circuit_500_3,PARDISO,1,44803,9133,29802.0,3431.08
78,random_circuit_50_1,PARDISO,1,3983,822,17195.0,260.68
79,random_circuit_50_2,PARDISO,1,4963,984,16457.0,315.96
80,random_circuit_50_3,PARDISO,1,4668,936,16202.0,295.02
81,random_circuit_55_1,PARDISO,1,5009,1014,16797.0,320.34
82,random_circuit_55_2,PARDISO,1,4775,981,16682.0,312.46
83,random_circuit_55_3,PARDISO,1,5093,1046,17230.0,330.04
84,random_circuit_580_1,PARDISO,1,53589,10820,32891.0,4373.62
85,random_circuit_580_2,PARDISO,1,55681,11192,33387.0,4513.72
86,random_circuit_580_3,PARDISO,1,53187,10766,32509.0,4293.74
87,random_circuit_5_1,PARDISO,1,296,66,16261.0,21.26
88,random_circuit_5_2,PARDISO,1,270,61,15437.0,18.66
89,random_circuit_5_3,PARDISO,1,341,71,14646.0,21.72
90,random_circuit_60_1,PARDISO,1,5652,1143,15186.0,367.82
91,random_circuit_60_2,PARDISO,1,5254,1081,16504.0,347.28
92,random_circuit_60_3,PARDISO,1,4798,991,16850.0,321.9
93,random_circuit_65_1,PARDISO,1,5884,1199,21731.0,376.6
94,random_circuit_65_2,PARDISO,1,5524,1121,17126.0,359.08
95,random_circuit_65_3,PARDISO,1,5574,1128,17068.0,363.22
96,random_circuit_660_1,PARDISO,1,60130,12177,36897.0,5006.5
97,random_circuit_660_2,PARDISO,1,60996,12275,35658.0,5171.3
98,random_circuit_660_3,PARDISO,1,56210,11443,34815.0,4833.32
99,random_circuit_70_1,PARDISO,1,5497,1146,17222.0,375.58
100,random_circuit_70_2,PARDISO,1,6579,1352,17208.0,413.94
101,random_circuit_70_3,PARDISO,1,6488,1300,17274.0,418.8
102,random_circuit_740_1,PARDISO,1,67901,13763,39946.0,5713.34
103,random_circuit_740_2,PARDISO,1,66379,13492,37936.0,5827.44
104,random_circuit_740_3,PARDISO,1,68246,13786,39554.0,6110.68
105,random_circuit_75_1,PARDISO,1,6806,1390,17209.0,448.34
106,random_circuit_75_2,PARDISO,1,7026,1432,16454.0,450.22
107,random_circuit_75_3,PARDISO,1,6959,1406,17038.0,449.58
108,random_circuit_80_1,PARDISO,1,6455,1326,17086.0,426.8
109,random_circuit_80_2,PARDISO,1,7269,1483,17049.0,476.52
110,random_circuit_80_3,PARDISO,1,7858,1582,17188.0,509.16
111,random_circuit_820_1,PARDISO,1,74268,15045,42589.0,6683.76
112,random_circuit_820_2,PARDISO,1,75482,15287,42069.0,7019.92
113,random_circuit_820_3,PARDISO,1,75128,15225,43931.0,6629.14
114,random_circuit_85_1,PARDISO,1,8103,1651,17142.0,520.2
115,random_circuit_85_2,PARDISO,1,7330,1497,17147.0,476.04
116,random_circuit_85_3,PARDISO,1,7592,1567,17172.0,499.06
117,random_circuit_900_1,PARDISO,1,81575,16577,47108.0,7631.84
118,random_circuit_900_2,PARDISO,1,81615,16565,45942.0,7476.16
119,random_circuit_900_3,PARDISO,1,83074,16801,47898.0,8023.44
120,random_circuit_90_1,PARDISO,1,8294,1675,18479.0,529.92
121,random_circuit_90_2,PARDISO,1,8518,1719,17975.0,545.38
122,random_circuit_90_3,PARDISO,1,8063,1632,17796.0,518.64
123,random_circuit_95_1,PARDISO,1,8928,1808,17747.0,581.76
124,random_circuit_95_2,PARDISO,1,9263,1864,17747.0,577.04
125,random_circuit_95_3,PARDISO,1,8717,1760,17862.0,563.16
126,random_circuit_980_1,PARDISO,1,89715,18218,50226.0,8715.94
127,random_circuit_980_2,PARDISO,1,89337,18111,49729.0,9165.88
128,random_circuit_980_3,PARDISO,1,90211,18182,52826.0,9101.06
129,random_circuit_100_1,PARDISO,2,8830,1797,18129.0,634.38
130,random_circuit_100_2,PARDISO,2,9216,1860,18080.0,728.7
131,random_circuit_100_3,PARDISO,2,9380,1890,18553.0,717.74
132,random_circuit_1060_1,PARDISO,2,96241,19497,56559.0,9878.78
133,random_circuit_1060_2,PARDISO,2,97902,19803,58167.0,10865.2
134,random_circuit_1060_3,PARDISO,2,97377,19734,59004.0,9753.82
135,random_circuit_10_1,PARDISO,2,753,157,16843.0,71.02
136,random_circuit_10_2,PARDISO,2,806,159,15697.0,73.14
137,random_circuit_10_3,PARDISO,2,794,164,15446.0,72.1
138,random_circuit_1140_1,PARDISO,2,105245,21297,64351.0,10468.4
139,random_circuit_1140_2,PARDISO,2,104136,21138,61442.0,10991.1
140,random_circuit_1140_3,PARDISO,2,104614,21186,62762.0,10954.3
141,random_circuit_1220_1,PARDISO,2,110986,22505,66163.0,10714.0
142,random_circuit_1220_2,PARDISO,2,110517,22463,64582.0,11218.8
143,random_circuit_1220_3,PARDISO,2,110223,22357,71949.0,11366.8
144,random_circuit_1300_1,PARDISO,2,120614,24406,74063.0,12928.4
145,random_circuit_1300_2,PARDISO,2,118761,24051,71884.0,11681.3
146,random_circuit_1300_3,PARDISO,2,118052,23949,70031.0,11888.9
147,random_circuit_1380_1,PARDISO,2,125252,25405,75320.0,12768.2
148,random_circuit_1380_2,PARDISO,2,124795,25348,77550.0,13025.0
149,random_circuit_1380_3,PARDISO,2,125502,25468,73482.0,13846.6
150,random_circuit_1460_1,PARDISO,2,136869,27616,81914.0,15195.4
151,random_circuit_1460_2,PARDISO,2,133055,26921,83130.0,14055.7
152,random_circuit_1460_3,PARDISO,2,134022,27142,83675.0,13970.6
153,random_circuit_1540_1,PARDISO,2,142078,28652,87310.0,16660.2
154,random_circuit_1540_2,PARDISO,2,138698,28041,86429.0,16006.3
155,random_circuit_1540_3,PARDISO,2,140026,28380,84853.0,15609.6
156,random_circuit_15_1,PARDISO,2,1381,287,16269.0,121.48
157,random_circuit_15_2,PARDISO,2,1321,272,15009.0,120.9
158,random_circuit_15_3,PARDISO,2,1170,247,15186.0,106.66
159,random_circuit_1620_1,PARDISO,2,147860,29985,91807.0,17324.8
160,random_circuit_1620_2,PARDISO,2,147975,30036,93638.0,16947.2
161,random_circuit_1620_3,PARDISO,2,148947,30051,93308.0,18516.6
162,random_circuit_1700_1,PARDISO,2,155311,31582,96551.0,18120.8
163,random_circuit_1700_2,PARDISO,2,153981,31162,98068.0,18778.7
164,random_circuit_1700_3,PARDISO,2,155217,31503,96802.0,18662.8
165,random_circuit_1780_1,PARDISO,2,164348,33294,102893.0,19672.2
166,random_circuit_1780_2,PARDISO,2,163782,33177,103365.0,20010.4
167,random_circuit_1780_3,PARDISO,2,162327,32827,104608.0,20056.4
168,random_circuit_180_1,PARDISO,2,16883,3388,20056.0,1393.66
169,random_circuit_180_2,PARDISO,2,16908,3404,19336.0,1369.46
170,random_circuit_180_3,PARDISO,2,16201,3308,19555.0,1323.54
171,random_circuit_1860_1,PARDISO,2,170460,34586,108667.0,22615.3
172,random_circuit_1860_2,PARDISO,2,171440,34720,110117.0,21599.7
173,random_circuit_1860_3,PARDISO,2,168909,34253,108444.0,19727.5
174,random_circuit_1940_1,PARDISO,2,175336,35553,114304.0,21645.1
175,random_circuit_1940_2,PARDISO,2,180067,36522,120784.0,22948.7
176,random_circuit_1940_3,PARDISO,2,175755,35683,113736.0,24556.6
177,random_circuit_20_1,PARDISO,2,1755,358,16320.0,148.94
178,random_circuit_20_2,PARDISO,2,1736,353,16281.0,158.56
179,random_circuit_20_3,PARDISO,2,1696,353,16519.0,137.44
180,random_circuit_25_1,PARDISO,2,2330,476,16428.0,198.66
181,random_circuit_25_2,PARDISO,2,2367,483,15495.0,180.8
182,random_circuit_25_3,PARDISO,2,2393,480,15772.0,185.52
183,random_circuit_260_1,PARDISO,2,23885,4827,23367.0,2000.88
184,random_circuit_260_2,PARDISO,2,23042,4696,23263.0,1808.12
185,random_circuit_260_3,PARDISO,2,23517,4740,22458.0,1886.7
186,random_circuit_30_1,PARDISO,2,2398,503,15276.0,210.32
187,random_circuit_30_2,PARDISO,2,2711,550,15710.0,207.52
188,random_circuit_30_3,PARDISO,2,2945,589,16242.0,247.58
189,random_circuit_340_1,PARDISO,2,31831,6447,25275.0,2594.64
190,random_circuit_340_2,PARDISO,2,30824,6284,26206.0,2504.04
191,random_circuit_340_3,PARDISO,2,30369,6204,25959.0,2674.94
192,random_circuit_35_1,PARDISO,2,3118,626,16839.0,252.72
193,random_circuit_35_2,PARDISO,2,2935,606,15752.0,233.5
194,random_circuit_35_3,PARDISO,2,2702,560,15807.0,218.5
195,random_circuit_40_1,PARDISO,2,3393,689,15682.0,275.2
196,random_circuit_40_2,PARDISO,2,3193,659,16541.0,261.78
197,random_circuit_40_3,PARDISO,2,3713,745,16625.0,286.32
198,random_circuit_420_1,PARDISO,2,38521,7799,28887.0,3352.16
199,random_circuit_420_2,PARDISO,2,36711,7488,28885.0,3028.64
200,random_circuit_420_3,PARDISO,2,38784,7827,29655.0,3124.94
201,random_circuit_45_1,PARDISO,2,4202,848,16641.0,313.96
202,random_circuit_45_2,PARDISO,2,4149,836,16310.0,311.28
203,random_circuit_45_3,PARDISO,2,4290,869,16434.0,339.22
204,random_circuit_500_1,PARDISO,2,46453,9411,32130.0,4084.2
205,random_circuit_500_2,PARDISO,2,45437,9177,32780.0,3972.74
206,random_circuit_500_3,PARDISO,2,44803,9133,31181.0,3862.04
207,random_circuit_50_1,PARDISO,2,3983,822,16649.0,314.4
208,random_circuit_50_2,PARDISO,2,4963,984,16648.0,391.04
209,random_circuit_50_3,PARDISO,2,4668,936,16669.0,338.96
210,random_circuit_55_1,PARDISO,2,5009,1014,16672.0,383.2
211,random_circuit_55_2,PARDISO,2,4775,981,16298.0,353.86
212,random_circuit_55_3,PARDISO,2,5093,1046,16485.0,395.38
213,random_circuit_580_1,PARDISO,2,53589,10820,34928.0,4737.98
214,random_circuit_580_2,PARDISO,2,55681,11192,35118.0,4791.5
215,random_circuit_580_3,PARDISO,2,53187,10766,34870.0,4723.02
216,random_circuit_5_1,PARDISO,2,296,66,15792.0,34.08
217,random_circuit_5_2,PARDISO,2,270,61,15686.0,28.96
218,random_circuit_5_3,PARDISO,2,341,71,14926.0,39.16
219,random_circuit_60_1,PARDISO,2,5652,1143,16182.0,453.78
220,random_circuit_60_2,PARDISO,2,5254,1081,16282.0,412.82
221,random_circuit_60_3,PARDISO,2,4798,991,16224.0,391.7
222,random_circuit_65_1,PARDISO,2,5884,1199,17491.0,453.88
223,random_circuit_65_2,PARDISO,2,5524,1121,17070.0,435.06
224,random_circuit_65_3,PARDISO,2,5574,1128,17437.0,443.88
225,random_circuit_660_1,PARDISO,2,60130,12177,38740.0,5244.54
226,random_circuit_660_2,PARDISO,2,60996,12275,39510.0,5424.12
227,random_circuit_660_3,PARDISO,2,56210,11443,36371.0,5119.52
228,random_circuit_70_1,PARDISO,2,5497,1146,16941.0,454.2
229,random_circuit_70_2,PARDISO,2,6579,1352,17093.0,516.2
230,random_circuit_70_3,PARDISO,2,6488,1300,17567.0,469.46
231,random_circuit_740_1,PARDISO,2,67901,13763,43387.0,5871.8
232,random_circuit_740_2,PARDISO,2,66379,13492,40603.0,6051.0
233,random_circuit_740_3,PARDISO,2,68246,13786,43163.0,6139.04
234,random_circuit_75_1,PARDISO,2,6806,1390,17396.0,522.18
235,random_circuit_75_2,PARDISO,2,7026,1432,17581.0,533.52
236,random_circuit_75_3,PARDISO,2,6959,1406,17118.0,553.96
237,random_circuit_80_1,PARDISO,2,6455,1326,17463.0,548.28
238,random_circuit_80_2,PARDISO,2,7269,1483,17313.0,573.22
239,random_circuit_80_3,PARDISO,2,7858,1582,17766.0,586.78
240,random_circuit_820_1,PARDISO,2,74268,15045,45589.0,6908.72
241,random_circuit_820_2,PARDISO,2,75482,15287,45310.0,7177.44
242,random_circuit_820_3,PARDISO,2,75128,15225,47147.0,6932.74
243,random_circuit_85_1,PARDISO,2,8103,1651,17228.0,644.24
244,random_circuit_85_2,PARDISO,2,7330,1497,17368.0,566.78
245,random_circuit_85_3,PARDISO,2,7592,1567,16953.0,577.16
246,random_circuit_900_1,PARDISO,2,81575,16577,49342.0,7731.28
247,random_circuit_900_2,PARDISO,2,81615,16565,51719.0,7514.6
248,random_circuit_900_3,PARDISO,2,83074,16801,49929.0,7555.38
249,random_circuit_90_1,PARDISO,2,8294,1675,18218.0,704.28
250,random_circuit_90_2,PARDISO,2,8518,1719,17096.0,659.48
251,random_circuit_90_3,PARDISO,2,8063,1632,17088.0,658.08
252,random_circuit_95_1,PARDISO,2,8928,1808,18322.0,688.4
253,random_circuit_95_2,PARDISO,2,9263,1864,17507.0,682.62
254,random_circuit_95_3,PARDISO,2,8717,1760,16454.0,675.72
255,random_circuit_980_1,PARDISO,2,89715,18218,52793.0,8675.54
256,random_circuit_980_2,PARDISO,2,89337,18111,52009.0,8901.62
257,random_circuit_980_3,PARDISO,2,90211,18182,53783.0,8921.14
258,random_circuit_100_1,PARDISO,4,8830,1797,18403.0,443.44
259,random_circuit_100_2,PARDISO,4,9216,1860,18355.0,474.44
260,random_circuit_100_3,PARDISO,4,9380,1890,18157.0,483.2
261,random_circuit_1060_1,PARDISO,4,96241,19497,56719.0,6888.56
262,random_circuit_1060_2,PARDISO,4,97902,19803,58797.0,6760.48
263,random_circuit_1060_3,PARDISO,4,97377,19734,57941.0,6414.6
264,random_circuit_10_1,PARDISO,4,753,157,15694.0,51.04
265,random_circuit_10_2,PARDISO,4,806,159,14781.0,52.86
266,random_circuit_10_3,PARDISO,4,794,164,14685.0,56.94
267,random_circuit_1140_1,PARDISO,4,105245,21297,63277.0,7445.34
268,random_circuit_1140_2,PARDISO,4,104136,21138,62825.0,7447.58
269,random_circuit_1140_3,PARDISO,4,104614,21186,63537.0,7226.64
270,random_circuit_1220_1,PARDISO,4,110986,22505,66862.0,7550.06
271,random_circuit_1220_2,PARDISO,4,110517,22463,64494.0,7663.52
272,random_circuit_1220_3,PARDISO,4,110223,22357,69035.0,8371.82
273,random_circuit_1300_1,PARDISO,4,120614,24406,74374.0,8997.64
274,random_circuit_1300_2,PARDISO,4,118761,24051,72797.0,8568.02
275,random_circuit_1300_3,PARDISO,4,118052,23949,71702.0,8902.12
276,random_circuit_1380_1,PARDISO,4,125252,25405,76422.0,9205.06
277,random_circuit_1380_2,PARDISO,4,124795,25348,76958.0,8934.2
278,random_circuit_1380_3,PARDISO,4,125502,25468,74656.0,9330.6
279,random_circuit_1460_1,PARDISO,4,136869,27616,81969.0,10519.2
280,random_circuit_1460_2,PARDISO,4,133055,26921,82791.0,9971.84
281,random_circuit_1460_3,PARDISO,4,134022,27142,83487.0,10001.4
282,random_circuit_1540_1,PARDISO,4,142078,28652,88212.0,11650.6
283,random_circuit_1540_2,PARDISO,4,138698,28041,85695.0,11421.6
284,random_circuit_1540_3,PARDISO,4,140026,28380,84306.0,11322.0
285,random_circuit_15_1,PARDISO,4,1381,287,16447.0,85.84
286,random_circuit_15_2,PARDISO,4,1321,272,15770.0,84.38
287,random_circuit_15_3,PARDISO,4,1170,247,15074.0,76.4
288,random_circuit_1620_1,PARDISO,4,147860,29985,91975.0,12916.0
289,random_circuit_1620_2,PARDISO,4,147975,30036,94501.0,11671.6
290,random_circuit_1620_3,PARDISO,4,148947,30051,93780.0,12126.2
291,random_circuit_1700_1,PARDISO,4,155311,31582,97494.0,13160.8
292,random_circuit_1700_2,PARDISO,4,153981,31162,104239.0,13036.4
293,random_circuit_1700_3,PARDISO,4,155217,31503,96780.0,12509.6
294,random_circuit_1780_1,PARDISO,4,164348,33294,104122.0,12849.0
295,random_circuit_1780_2,PARDISO,4,163782,33177,102960.0,13922.4
296,random_circuit_1780_3,PARDISO,4,162327,32827,108422.0,14049.4
297,random_circuit_180_1,PARDISO,4,16883,3388,21024.0,901.24
298,random_circuit_180_2,PARDISO,4,16908,3404,20520.0,891.64
299,random_circuit_180_3,PARDISO,4,16201,3308,19539.0,897.7
300,random_circuit_1860_1,PARDISO,4,170460,34586,109707.0,14827.4
301,random_circuit_1860_2,PARDISO,4,171440,34720,111607.0,14466.1
302,random_circuit_1860_3,PARDISO,4,168909,34253,109540.0,13783.4
303,random_circuit_1940_1,PARDISO,4,175336,35553,116642.0,14531.5
304,random_circuit_1940_2,PARDISO,4,180067,36522,119933.0,14573.6
305,random_circuit_1940_3,PARDISO,4,175755,35683,113374.0,16227.3
306,random_circuit_20_1,PARDISO,4,1755,358,16662.0,102.26
307,random_circuit_20_2,PARDISO,4,1736,353,15347.0,104.82
308,random_circuit_20_3,PARDISO,4,1696,353,17573.0,105.74
309,random_circuit_25_1,PARDISO,4,2330,476,14987.0,134.76
310,random_circuit_25_2,PARDISO,4,2367,483,14168.0,135.96
311,random_circuit_25_3,PARDISO,4,2393,480,14122.0,138.08
312,random_circuit_260_1,PARDISO,4,23885,4827,23363.0,1285.38
313,random_circuit_260_2,PARDISO,4,23042,4696,24472.0,1204.72
314,random_circuit_260_3,PARDISO,4,23517,4740,23589.0,1258.32
315,random_circuit_30_1,PARDISO,4,2398,503,16737.0,146.12
316,random_circuit_30_2,PARDISO,4,2711,550,16184.0,150.82
317,random_circuit_30_3,PARDISO,4,2945,589,15363.0,164.4
318,random_circuit_340_1,PARDISO,4,31831,6447,24884.0,1742.16
319,random_circuit_340_2,PARDISO,4,30824,6284,40324.0,1684.06
320,random_circuit_340_3,PARDISO,4,30369,6204,25770.0,1738.46
321,random_circuit_35_1,PARDISO,4,3118,626,16441.0,164.42
322,random_circuit_35_2,PARDISO,4,2935,606,15517.0,163.76
323,random_circuit_35_3,PARDISO,4,2702,560,15541.0,156.92
324,random_circuit_40_1,PARDISO,4,3393,689,15011.0,193.66
325,random_circuit_40_2,PARDISO,4,3193,659,15103.0,186.48
326,random_circuit_40_3,PARDISO,4,3713,745,15675.0,201.26
327,random_circuit_420_1,PARDISO,4,38521,7799,29063.0,2087.9
328,random_circuit_420_2,PARDISO,4,36711,7488,28513.0,2026.78
329,random_circuit_420_3,PARDISO,4,38784,7827,29266.0,2057.26
330,random_circuit_45_1,PARDISO,4,4202,848,16567.0,222.6
331,random_circuit_45_2,PARDISO,4,4149,836,16491.0,226.32
332,random_circuit_45_3,PARDISO,4,4290,869,16609.0,224.78
333,random_circuit_500_1,PARDISO,4,46453,9411,31971.0,2597.78
334,random_circuit_500_2,PARDISO,4,45437,9177,32594.0,2655.1
335,random_circuit_500_3,PARDISO,4,44803,9133,30328.0,2479.9
336,random_circuit_50_1,PARDISO,4,3983,822,16965.0,218.66
337,random_circuit_50_2,PARDISO,4,4963,984,17059.0,245.12
338,random_circuit_50_3,PARDISO,4,4668,936,16672.0,244.08
339,random_circuit_55_1,PARDISO,4,5009,1014,16026.0,261.7
340,random_circuit_55_2,PARDISO,4,4775,981,16392.0,244.54
341,random_circuit_55_3,PARDISO,4,5093,1046,16453.0,264.3
342,random_circuit_580_1,PARDISO,4,53589,10820,34609.0,3027.86
343,random_circuit_580_2,PARDISO,4,55681,11192,35031.0,3168.8
344,random_circuit_580_3,PARDISO,4,53187,10766,35460.0,3062.46
345,random_circuit_5_1,PARDISO,4,296,66,16015.0,27.42
346,random_circuit_5_2,PARDISO,4,270,61,15099.0,27.16
347,random_circuit_5_3,PARDISO,4,341,71,14951.0,31.32
348,random_circuit_60_1,PARDISO,4,5652,1143,15516.0,298.24
349,random_circuit_60_2,PARDISO,4,5254,1081,16851.0,280.7
350,random_circuit_60_3,PARDISO,4,4798,991,17013.0,263.16
351,random_circuit_65_1,PARDISO,4,5884,1199,17083.0,300.16
352,random_circuit_65_2,PARDISO,4,5524,1121,16758.0,287.88
353,random_circuit_65_3,PARDISO,4,5574,1128,16565.0,295.2
354,random_circuit_660_1,PARDISO,4,60130,12177,39884.0,3564.74
355,random_circuit_660_2,PARDISO,4,60996,12275,37521.0,3693.38
356,random_circuit_660_3,PARDISO,4,56210,11443,37044.0,3453.5
357,random_circuit_70_1,PARDISO,4,5497,1146,17597.0,307.28
358,random_circuit_70_2,PARDISO,4,6579,1352,17293.0,327.72
359,random_circuit_70_3,PARDISO,4,6488,1300,17150.0,330.46
360,random_circuit_740_1,PARDISO,4,67901,13763,45343.0,3950.18
361,random_circuit_740_2,PARDISO,4,66379,13492,40625.0,4017.38
362,random_circuit_740_3,PARDISO,4,68246,13786,43544.0,4222.96
363,random_circuit_75_1,PARDISO,4,6806,1390,17675.0,354.88
364,random_circuit_75_2,PARDISO,4,7026,1432,16616.0,349.2
365,random_circuit_75_3,PARDISO,4,6959,1406,16353.0,353.6
366,random_circuit_80_1,PARDISO,4,6455,1326,17123.0,344.78
367,random_circuit_80_2,PARDISO,4,7269,1483,16741.0,375.36
368,random_circuit_80_3,PARDISO,4,7858,1582,17425.0,400.16
369,random_circuit_820_1,PARDISO,4,74268,15045,46732.0,4602.58
370,random_circuit_820_2,PARDISO,4,75482,15287,45558.0,4901.04
371,random_circuit_820_3,PARDISO,4,75128,15225,46913.0,4693.18
372,random_circuit_85_1,PARDISO,4,8103,1651,18222.0,414.8
373,random_circuit_85_2,PARDISO,4,7330,1497,17316.0,377.38
374,random_circuit_85_3,PARDISO,4,7592,1567,17381.0,376.12
375,random_circuit_900_1,PARDISO,4,81575,16577,50923.0,5277.08
376,random_circuit_900_2,PARDISO,4,81615,16565,49151.0,5296.3
377,random_circuit_900_3,PARDISO,4,83074,16801,50272.0,5514.92
378,random_circuit_90_1,PARDISO,4,8294,1675,18176.0,440.18
379,random_circuit_90_2,PARDISO,4,8518,1719,18114.0,424.94
380,random_circuit_90_3,PARDISO,4,8063,1632,17472.0,426.74
381,random_circuit_95_1,PARDISO,4,8928,1808,16806.0,455.94
382,random_circuit_95_2,PARDISO,4,9263,1864,18061.0,463.2
383,random_circuit_95_3,PARDISO,4,8717,1760,17910.0,434.36
384,random_circuit_980_1,PARDISO,4,89715,18218,52840.0,6011.74
385,random_circuit_980_2,PARDISO,4,89337,18111,53859.0,5970.9
386,random_circuit_980_3,PARDISO,4,90211,18182,53443.0,6063.22
387,random_circuit_100_1,PARDISO,8,8830,1797,18981.0,333.26
388,random_circuit_100_2,PARDISO,8,9216,1860,18686.0,343.98
389,random_circuit_100_3,PARDISO,8,9380,1890,18313.0,350.8
390,random_circuit_1060_1,PARDISO,8,96241,19497,59527.0,5492.74
391,random_circuit_1060_2,PARDISO,8,97902,19803,59779.0,5319.14
392,random_circuit_1060_3,PARDISO,8,97377,19734,58282.0,5013.88
393,random_circuit_10_1,PARDISO,8,753,157,16151.0,41.82
394,random_circuit_10_2,PARDISO,8,806,159,15969.0,42.06
395,random_circuit_10_3,PARDISO,8,794,164,15552.0,47.82
396,random_circuit_1140_1,PARDISO,8,105245,21297,66506.0,5846.56
397,random_circuit_1140_2,PARDISO,8,104136,21138,64617.0,6158.9
398,random_circuit_1140_3,PARDISO,8,104614,21186,66106.0,5795.8
399,random_circuit_1220_1,PARDISO,8,110986,22505,70407.0,5969.64
400,random_circuit_1220_2,PARDISO,8,110517,22463,65759.0,5964.18
401,random_circuit_1220_3,PARDISO,8,110223,22357,73392.0,6795.8
402,random_circuit_1300_1,PARDISO,8,120614,24406,77695.0,7315.86
403,random_circuit_1300_2,PARDISO,8,118761,24051,77864.0,6811.92
404,random_circuit_1300_3,PARDISO,8,118052,23949,72885.0,7122.42
405,random_circuit_1380_1,PARDISO,8,125252,25405,78099.0,7302.9
406,random_circuit_1380_2,PARDISO,8,124795,25348,82751.0,6944.06
407,random_circuit_1380_3,PARDISO,8,125502,25468,82379.0,7231.74
408,random_circuit_1460_1,PARDISO,8,136869,27616,84836.0,8666.86
409,random_circuit_1460_2,PARDISO,8,133055,26921,89385.0,8091.34
410,random_circuit_1460_3,PARDISO,8,134022,27142,86507.0,8155.48
411,random_circuit_1540_1,PARDISO,8,142078,28652,91019.0,9598.24
412,random_circuit_1540_2,PARDISO,8,138698,28041,92162.0,9477.56
413,random_circuit_1540_3,PARDISO,8,140026,28380,90831.0,9075.48
414,random_circuit_15_1,PARDISO,8,1381,287,16034.0,62.66
415,random_circuit_15_2,PARDISO,8,1321,272,15794.0,63.52
416,random_circuit_15_3,PARDISO,8,1170,247,14621.0,57.6
417,random_circuit_1620_1,PARDISO,8,147860,29985,95714.0,9764.58
418,random_circuit_1620_2,PARDISO,8,147975,30036,98690.0,9972.54
419,random_circuit_1620_3,PARDISO,8,148947,30051,102637.0,10184.2
420,random_circuit_1700_1,PARDISO,8,155311,31582,104670.0,10542.0
421,random_circuit_1700_2,PARDISO,8,153981,31162,107434.0,10709.8
422,random_circuit_1700_3,PARDISO,8,155217,31503,105469.0,10352.8
423,random_circuit_1780_1,PARDISO,8,164348,33294,108888.0,10781.7
424,random_circuit_1780_2,PARDISO,8,163782,33177,108044.0,11331.8
425,random_circuit_1780_3,PARDISO,8,162327,32827,106083.0,11266.7
426,random_circuit_180_1,PARDISO,8,16883,3388,21555.0,664.62
427,random_circuit_180_2,PARDISO,8,16908,3404,20684.0,649.5
428,random_circuit_180_3,PARDISO,8,16201,3308,19739.0,635.52
429,random_circuit_1860_1,PARDISO,8,170460,34586,115195.0,12384.8
430,random_circuit_1860_2,PARDISO,8,171440,34720,120435.0,12322.4
431,random_circuit_1860_3,PARDISO,8,168909,34253,118098.0,11245.9
432,random_circuit_1940_1,PARDISO,8,175336,35553,119427.0,12619.7
433,random_circuit_1940_2,PARDISO,8,180067,36522,126712.0,12410.0
434,random_circuit_1940_3,PARDISO,8,175755,35683,125395.0,13448.7
435,random_circuit_20_1,PARDISO,8,1755,358,17718.0,79.34
436,random_circuit_20_2,PARDISO,8,1736,353,16024.0,80.04
437,random_circuit_20_3,PARDISO,8,1696,353,15639.0,73.5
438,random_circuit_25_1,PARDISO,8,2330,476,15111.0,93.56
439,random_circuit_25_2,PARDISO,8,2367,483,14840.0,98.3
440,random_circuit_25_3,PARDISO,8,2393,480,14835.0,105.62
441,random_circuit_260_1,PARDISO,8,23885,4827,22980.0,929.92
442,random_circuit_260_2,PARDISO,8,23042,4696,23926.0,906.0
443,random_circuit_260_3,PARDISO,8,23517,4740,23335.0,918.58
444,random_circuit_30_1,PARDISO,8,2398,503,16807.0,108.82
445,random_circuit_30_2,PARDISO,8,2711,550,16104.0,106.54
446,random_circuit_30_3,PARDISO,8,2945,589,16010.0,118.38
447,random_circuit_340_1,PARDISO,8,31831,6447,25606.0,1297.96
448,random_circuit_340_2,PARDISO,8,30824,6284,26374.0,1270.32
449,random_circuit_340_3,PARDISO,8,30369,6204,24824.0,1307.74
450,random_circuit_35_1,PARDISO,8,3118,626,16526.0,128.54
451,random_circuit_35_2,PARDISO,8,2935,606,15191.0,117.74
452,random_circuit_35_3,PARDISO,8,2702,560,16279.0,115.56
453,random_circuit_40_1,PARDISO,8,3393,689,16149.0,133.26
454,random_circuit_40_2,PARDISO,8,3193,659,15568.0,130.7
455,random_circuit_40_3,PARDISO,8,3713,745,15943.0,154.88
456,random_circuit_420_1,PARDISO,8,38521,7799,28614.0,1569.0
457,random_circuit_420_2,PARDISO,8,36711,7488,29186.0,1535.1
458,random_circuit_420_3,PARDISO,8,38784,7827,30115.0,1646.14
459,random_circuit_45_1,PARDISO,8,4202,848,17617.0,169.54
460,random_circuit_45_2,PARDISO,8,4149,836,16721.0,167.28
461,random_circuit_45_3,PARDISO,8,4290,869,16602.0,167.6
462,random_circuit_500_1,PARDISO,8,46453,9411,31179.0,2012.78
463,random_circuit_500_2,PARDISO,8,45437,9177,32920.0,2069.16
464,random_circuit_500_3,PARDISO,8,44803,9133,32354.0,1838.4
465,random_circuit_50_1,PARDISO,8,3983,822,17397.0,169.62
466,random_circuit_50_2,PARDISO,8,4963,984,16554.0,190.56
467,random_circuit_50_3,PARDISO,8,4668,936,15871.0,179.44
468,random_circuit_55_1,PARDISO,8,5009,1014,16716.0,184.24
469,random_circuit_55_2,PARDISO,8,4775,981,16727.0,181.08
470,random_circuit_55_3,PARDISO,8,5093,1046,16856.0,190.12
471,random_circuit_580_1,PARDISO,8,53589,10820,35411.0,2395.34
472,random_circuit_580_2,PARDISO,8,55681,11192,35997.0,2464.14
473,random_circuit_580_3,PARDISO,8,53187,10766,36222.0,2330.58
474,random_circuit_5_1,PARDISO,8,296,66,16285.0,27.12
475,random_circuit_5_2,PARDISO,8,270,61,15979.0,27.74
476,random_circuit_5_3,PARDISO,8,341,71,15532.0,27.52
477,random_circuit_60_1,PARDISO,8,5652,1143,15945.0,209.36
478,random_circuit_60_2,PARDISO,8,5254,1081,16776.0,203.92
479,random_circuit_60_3,PARDISO,8,4798,991,16662.0,200.28
480,random_circuit_65_1,PARDISO,8,5884,1199,17282.0,211.42
481,random_circuit_65_2,PARDISO,8,5524,1121,16854.0,214.62
482,random_circuit_65_3,PARDISO,8,5574,1128,16807.0,211.7
483,random_circuit_660_1,PARDISO,8,60130,12177,40217.0,2772.56
484,random_circuit_660_2,PARDISO,8,60996,12275,39989.0,2916.1
485,random_circuit_660_3,PARDISO,8,56210,11443,38293.0,2670.64
486,random_circuit_70_1,PARDISO,8,5497,1146,17940.0,232.58
487,random_circuit_70_2,PARDISO,8,6579,1352,17376.0,254.22
488,random_circuit_70_3,PARDISO,8,6488,1300,17775.0,238.88
489,random_circuit_740_1,PARDISO,8,67901,13763,44644.0,3058.82
490,random_circuit_740_2,PARDISO,8,66379,13492,41414.0,3178.5
491,random_circuit_740_3,PARDISO,8,68246,13786,44285.0,3302.68
492,random_circuit_75_1,PARDISO,8,6806,1390,17951.0,264.46
493,random_circuit_75_2,PARDISO,8,7026,1432,17580.0,261.02
494,random_circuit_75_3,PARDISO,8,6959,1406,16622.0,254.36
495,random_circuit_80_1,PARDISO,8,6455,1326,16180.0,252.8
496,random_circuit_80_2,PARDISO,8,7269,1483,17273.0,270.08
497,random_circuit_80_3,PARDISO,8,7858,1582,17617.0,290.98
498,random_circuit_820_1,PARDISO,8,74268,15045,47062.0,3546.72
499,random_circuit_820_2,PARDISO,8,75482,15287,47119.0,3904.92
500,random_circuit_820_3,PARDISO,8,75128,15225,48740.0,3676.86
501,random_circuit_85_1,PARDISO,8,8103,1651,18879.0,307.38
502,random_circuit_85_2,PARDISO,8,7330,1497,17279.0,271.36
503,random_circuit_85_3,PARDISO,8,7592,1567,17647.0,282.76
504,random_circuit_900_1,PARDISO,8,81575,16577,51578.0,4177.54
505,random_circuit_900_2,PARDISO,8,81615,16565,50545.0,4024.7
506,random_circuit_900_3,PARDISO,8,83074,16801,51608.0,4483.9
507,random_circuit_90_1,PARDISO,8,8294,1675,19327.0,313.22
508,random_circuit_90_2,PARDISO,8,8518,1719,17724.0,312.46
509,random_circuit_90_3,PARDISO,8,8063,1632,18329.0,300.14
510,random_circuit_95_1,PARDISO,8,8928,1808,18089.0,330.08
511,random_circuit_95_2,PARDISO,8,9263,1864,17913.0,329.52
512,random_circuit_95_3,PARDISO,8,8717,1760,18395.0,329.1
513,random_circuit_980_1,PARDISO,8,89715,18218,54524.0,4626.68
514,random_circuit_980_2,PARDISO,8,89337,18111,55605.0,4642.62
515,random_circuit_980_3,PARDISO,8,90211,18182,55161.0,4868.22
516,random_circuit_100_1,PARDISO,16,8830,1797,19615.0,249.78
517,random_circuit_100_2,PARDISO,16,9216,1860,19022.0,259.8
518,random_circuit_100_3,PARDISO,16,9380,1890,18700.0,270.08
519,random_circuit_1060_1,PARDISO,16,96241,19497,60516.0,4742.82
520,random_circuit_1060_2,PARDISO,16,97902,19803,61652.0,4705.82
521,random_circuit_1060_3,PARDISO,16,97377,19734,60039.0,4169.02
522,random_circuit_10_1,PARDISO,16,753,157,16884.0,36.88
523,random_circuit_10_2,PARDISO,16,806,159,15407.0,37.88
524,random_circuit_10_3,PARDISO,16,794,164,14609.0,40.4
525,random_circuit_1140_1,PARDISO,16,105245,21297,68323.0,5193.26
526,random_circuit_1140_2,PARDISO,16,104136,21138,66015.0,5302.2
527,random_circuit_1140_3,PARDISO,16,104614,21186,68320.0,5029.04
528,random_circuit_1220_1,PARDISO,16,110986,22505,72363.0,5375.8
529,random_circuit_1220_2,PARDISO,16,110517,22463,70444.0,5023.74
530,random_circuit_1220_3,PARDISO,16,110223,22357,75001.0,6133.26
531,random_circuit_1300_1,PARDISO,16,120614,24406,81499.0,6600.28
532,random_circuit_1300_2,PARDISO,16,118761,24051,79149.0,5855.92
533,random_circuit_1300_3,PARDISO,16,118052,23949,76538.0,6414.56
534,random_circuit_1380_1,PARDISO,16,125252,25405,82286.0,6309.94
535,random_circuit_1380_2,PARDISO,16,124795,25348,84355.0,6181.78
536,random_circuit_1380_3,PARDISO,16,125502,25468,81355.0,6386.4
537,random_circuit_1460_1,PARDISO,16,136869,27616,88310.0,7566.32
538,random_circuit_1460_2,PARDISO,16,133055,26921,90872.0,7375.38
539,random_circuit_1460_3,PARDISO,16,134022,27142,89665.0,7331.2
540,random_circuit_1540_1,PARDISO,16,142078,28652,97263.0,8812.96
541,random_circuit_1540_2,PARDISO,16,138698,28041,94106.0,8660.0
542,random_circuit_1540_3,PARDISO,16,140026,28380,92506.0,8385.72
543,random_circuit_15_1,PARDISO,16,1381,287,17265.0,49.78
544,random_circuit_15_2,PARDISO,16,1321,272,16398.0,52.8
545,random_circuit_15_3,PARDISO,16,1170,247,15632.0,48.88
546,random_circuit_1620_1,PARDISO,16,147860,29985,101163.0,9297.18
547,random_circuit_1620_2,PARDISO,16,147975,30036,103744.0,8780.1
548,random_circuit_1620_3,PARDISO,16,148947,30051,104008.0,9233.88
549,random_circuit_1700_1,PARDISO,16,155311,31582,106274.0,9300.46
550,random_circuit_1700_2,PARDISO,16,153981,31162,109098.0,9529.04
551,random_circuit_1700_3,PARDISO,16,155217,31503,108347.0,9464.0
552,random_circuit_1780_1,PARDISO,16,164348,33294,115897.0,9620.12
553,random_circuit_1780_2,PARDISO,16,163782,33177,114653.0,10598.5
554,random_circuit_1780_3,PARDISO,16,162327,32827,115426.0,9662.54
555,random_circuit_180_1,PARDISO,16,16883,3388,22340.0,533.98
556,random_circuit_180_2,PARDISO,16,16908,3404,20079.0,526.56
557,random_circuit_180_3,PARDISO,16,16201,3308,19485.0,511.4
558,random_circuit_1860_1,PARDISO,16,170460,34586,119139.0,11209.0
559,random_circuit_1860_2,PARDISO,16,171440,34720,123186.0,10870.2
560,random_circuit_1860_3,PARDISO,16,168909,34253,118972.0,9939.42
561,random_circuit_1940_1,PARDISO,16,175336,35553,127002.0,11600.2
562,random_circuit_1940_2,PARDISO,16,180067,36522,135361.0,11536.2
563,random_circuit_1940_3,PARDISO,16,175755,35683,125363.0,12322.4
564,random_circuit_20_1,PARDISO,16,1755,358,17497.0,58.46
565,random_circuit_20_2,PARDISO,16,1736,353,15167.0,58.28
566,random_circuit_20_3,PARDISO,16,1696,353,14920.0,60.56
567,random_circuit_25_1,PARDISO,16,2330,476,14949.0,73.24
568,random_circuit_25_2,PARDISO,16,2367,483,15694.0,74.16
569,random_circuit_25_3,PARDISO,16,2393,480,15864.0,78.36
570,random_circuit_260_1,PARDISO,16,23885,4827,23618.0,758.5
571,random_circuit_260_2,PARDISO,16,23042,4696,24077.0,736.7
572,random_circuit_260_3,PARDISO,16,23517,4740,23329.0,742.32
573,random_circuit_30_1,PARDISO,16,2398,503,16296.0,74.04
574,random_circuit_30_2,PARDISO,16,2711,550,15554.0,86.28
575,random_circuit_30_3,PARDISO,16,2945,589,16157.0,89.92
576,random_circuit_340_1,PARDISO,16,31831,6447,25912.0,1056.82
577,random_circuit_340_2,PARDISO,16,30824,6284,26968.0,1035.1
578,random_circuit_340_3,PARDISO,16,30369,6204,26112.0,974.68
579,random_circuit_35_1,PARDISO,16,3118,626,16621.0,82.84
580,random_circuit_35_2,PARDISO,16,2935,606,15993.0,93.8
581,random_circuit_35_3,PARDISO,16,2702,560,15807.0,85.58
582,random_circuit_40_1,PARDISO,16,3393,689,16165.0,100.36
583,random_circuit_40_2,PARDISO,16,3193,659,15856.0,90.82
584,random_circuit_40_3,PARDISO,16,3713,745,16067.0,110.92
585,random_circuit_420_1,PARDISO,16,38521,7799,35618.0,1269.02
586,random_circuit_420_2,PARDISO,16,36711,7488,29011.0,1246.34
587,random_circuit_420_3,PARDISO,16,38784,7827,29104.0,1224.0
588,random_circuit_45_1,PARDISO,16,4202,848,17097.0,115.22
589,random_circuit_45_2,PARDISO,16,4149,836,16090.0,124.26
590,random_circuit_45_3,PARDISO,16,4290,869,16257.0,122.96
591,random_circuit_500_1,PARDISO,16,46453,9411,32396.0,1706.6
592,random_circuit_500_2,PARDISO,16,45437,9177,33189.0,1575.22
593,random_circuit_500_3,PARDISO,16,44803,9133,32162.0,1360.52
594,random_circuit_50_1,PARDISO,16,3983,822,17268.0,120.68
595,random_circuit_50_2,PARDISO,16,4963,984,16171.0,133.92
596,random_circuit_50_3,PARDISO,16,4668,936,16183.0,132.08
597,random_circuit_55_1,PARDISO,16,5009,1014,16383.0,138.28
598,random_circuit_55_2,PARDISO,16,4775,981,15868.0,137.12
599,random_circuit_55_3,PARDISO,16,5093,1046,16309.0,136.34
600,random_circuit_580_1,PARDISO,16,53589,10820,35601.0,1839.24
601,random_circuit_580_2,PARDISO,16,55681,11192,36431.0,2070.84
602,random_circuit_580_3,PARDISO,16,53187,10766,35891.0,1779.18
603,random_circuit_5_1,PARDISO,16,296,66,15784.0,26.84
604,random_circuit_5_2,PARDISO,16,270,61,14079.0,25.74
605,random_circuit_5_3,PARDISO,16,341,71,14697.0,25.22
606,random_circuit_60_1,PARDISO,16,5652,1143,16506.0,158.42
607,random_circuit_60_2,PARDISO,16,5254,1081,16958.0,134.96
608,random_circuit_60_3,PARDISO,16,4798,991,16234.0,139.24
609,random_circuit_65_1,PARDISO,16,5884,1199,16851.0,159.52
610,random_circuit_65_2,PARDISO,16,5524,1121,16348.0,141.8
611,random_circuit_65_3,PARDISO,16,5574,1128,16992.0,146.08
612,random_circuit_660_1,PARDISO,16,60130,12177,40727.0,2346.32
613,random_circuit_660_2,PARDISO,16,60996,12275,40026.0,2474.46
614,random_circuit_660_3,PARDISO,16,56210,11443,39323.0,2056.86
615,random_circuit_70_1,PARDISO,16,5497,1146,17400.0,165.24
616,random_circuit_70_2,PARDISO,16,6579,1352,16577.0,178.98
617,random_circuit_70_3,PARDISO,16,6488,1300,17343.0,171.4
618,random_circuit_740_1,PARDISO,16,67901,13763,45520.0,2619.88
619,random_circuit_740_2,PARDISO,16,66379,13492,43252.0,2478.66
620,random_circuit_740_3,PARDISO,16,68246,13786,45431.0,2646.0
621,random_circuit_75_1,PARDISO,16,6806,1390,17531.0,195.0
622,random_circuit_75_2,PARDISO,16,7026,1432,18237.0,169.22
623,random_circuit_75_3,PARDISO,16,6959,1406,17141.0,200.36
624,random_circuit_80_1,PARDISO,16,6455,1326,17337.0,185.86
625,random_circuit_80_2,PARDISO,16,7269,1483,16679.0,176.82
626,random_circuit_80_3,PARDISO,16,7858,1582,17097.0,219.68
627,random_circuit_820_1,PARDISO,16,74268,15045,47188.0,3136.66
628,random_circuit_820_2,PARDISO,16,75482,15287,47521.0,3287.18
629,random_circuit_820_3,PARDISO,16,75128,15225,49649.0,2925.2
630,random_circuit_85_1,PARDISO,16,8103,1651,18507.0,222.16
631,random_circuit_85_2,PARDISO,16,7330,1497,18123.0,199.52
632,random_circuit_85_3,PARDISO,16,7592,1567,17841.0,209.44
633,random_circuit_900_1,PARDISO,16,81575,16577,52501.0,3544.38
634,random_circuit_900_2,PARDISO,16,81615,16565,52017.0,3544.54
635,random_circuit_900_3,PARDISO,16,83074,16801,53437.0,3946.5
636,random_circuit_90_1,PARDISO,16,8294,1675,19210.0,257.8
637,random_circuit_90_2,PARDISO,16,8518,1719,17864.0,237.92
638,random_circuit_90_3,PARDISO,16,8063,1632,17739.0,241.42
639,random_circuit_95_1,PARDISO,16,8928,1808,18380.0,240.34
640,random_circuit_95_2,PARDISO,16,9263,1864,17819.0,255.02
641,random_circuit_95_3,PARDISO,16,8717,1760,17978.0,240.84
642,random_circuit_980_1,PARDISO,16,89715,18218,56482.0,4164.5
643,random_circuit_980_2,PARDISO,16,89337,18111,56366.0,4069.72
644,random_circuit_980_3,PARDISO,16,90211,18182,56994.0,4231.64
