index,mtx,algorithmname,threads,nnz,rows,Analyze,Factorization
0,random_circuit_100_1,KLU,1,8830,1797,317.62,595.17
1,random_circuit_100_2,KLU,1,9216,1860,317.88,614.54
2,random_circuit_100_3,KLU,1,9380,1890,340.55,619.32
3,random_circuit_1060_1,KLU,1,96241,19497,3462.89,55192.5
4,random_circuit_1060_2,KLU,1,97902,19803,3540.76,46629.8
5,random_circuit_1060_3,KLU,1,97377,19734,3492.7,47241.2
6,random_circuit_10_1,KLU,1,753,157,22.64,42.47
7,random_circuit_10_2,KLU,1,806,159,23.67,44.83
8,random_circuit_10_3,KLU,1,794,164,24.03,45.48
9,random_circuit_1140_1,KLU,1,105245,21297,3812.42,52606.0
10,random_circuit_1140_2,KLU,1,104136,21138,3753.79,56061.1
11,random_circuit_1140_3,KLU,1,104614,21186,3743.64,66889.8
12,random_circuit_1220_1,KLU,1,110986,22505,3981.33,61981.3
13,random_circuit_1220_2,KLU,1,110517,22463,3980.0,71871.5
14,random_circuit_1220_3,KLU,1,110223,22357,4009.22,70113.9
15,random_circuit_1300_1,KLU,1,120614,24406,4296.97,90402.2
16,random_circuit_1300_2,KLU,1,118761,24051,4277.27,75146.4
17,random_circuit_1300_3,KLU,1,118052,23949,4261.91,82989.8
18,random_circuit_1380_1,KLU,1,125252,25405,4516.16,87370.8
19,random_circuit_1380_2,KLU,1,124795,25348,4511.77,83886.4
20,random_circuit_1380_3,KLU,1,125502,25468,4512.89,91398.7
21,random_circuit_1460_1,KLU,1,136869,27616,4930.78,112409.0
22,random_circuit_1460_2,KLU,1,133055,26921,4800.18,102651.0
23,random_circuit_1460_3,KLU,1,134022,27142,-1.0,-1.0
24,random_circuit_1540_1,KLU,1,142078,28652,-1.0,-1.0
25,random_circuit_1540_2,KLU,1,138698,28041,-1.0,-1.0
26,random_circuit_1540_3,KLU,1,140026,28380,-1.0,-1.0
27,random_circuit_15_1,KLU,1,1381,287,41.8,77.46
28,random_circuit_15_2,KLU,1,1321,272,40.08,75.3
29,random_circuit_15_3,KLU,1,1170,247,35.08,65.61
30,random_circuit_1620_1,KLU,1,147860,29985,-1.0,-1.0
31,random_circuit_1620_2,KLU,1,147975,30036,5415.48,126179.0
32,random_circuit_1620_3,KLU,1,148947,30051,-1.0,-1.0
33,random_circuit_1700_1,KLU,1,155311,31582,5624.41,150884.0
34,random_circuit_1700_2,KLU,1,153981,31162,-1.0,-1.0
35,random_circuit_1700_3,KLU,1,155217,31503,-1.0,-1.0
36,random_circuit_1780_1,KLU,1,164348,33294,-1.0,-1.0
37,random_circuit_1780_2,KLU,1,163782,33177,-1.0,-1.0
38,random_circuit_1780_3,KLU,1,162327,32827,-1.0,-1.0
39,random_circuit_180_1,KLU,1,16883,3388,591.51,1538.08
40,random_circuit_180_2,KLU,1,16908,3404,583.43,1321.62
41,random_circuit_180_3,KLU,1,16201,3308,577.95,1247.61
42,random_circuit_1860_1,KLU,1,170460,34586,-1.0,-1.0
43,random_circuit_1860_2,KLU,1,171440,34720,-1.0,-1.0
44,random_circuit_1860_3,KLU,1,168909,34253,-1.0,-1.0
45,random_circuit_1940_1,KLU,1,175336,35553,-1.0,-1.0
46,random_circuit_1940_2,KLU,1,180067,36522,-1.0,-1.0
47,random_circuit_1940_3,KLU,1,175755,35683,-1.0,-1.0
48,random_circuit_20_1,KLU,1,1755,358,52.98,101.45
49,random_circuit_20_2,KLU,1,1736,353,52.96,97.08
50,random_circuit_20_3,KLU,1,1696,353,51.86,94.68
51,random_circuit_25_1,KLU,1,2330,476,71.48,133.46
52,random_circuit_25_2,KLU,1,2367,483,72.05,136.78
53,random_circuit_25_3,KLU,1,2393,480,72.25,140.24
54,random_circuit_260_1,KLU,1,23885,4827,838.77,2256.14
55,random_circuit_260_2,KLU,1,23042,4696,805.34,2383.72
56,random_circuit_260_3,KLU,1,23517,4740,833.89,2288.05
57,random_circuit_30_1,KLU,1,2398,503,74.99,140.23
58,random_circuit_30_2,KLU,1,2711,550,85.47,157.38
59,random_circuit_30_3,KLU,1,2945,589,90.83,168.25
60,random_circuit_340_1,KLU,1,31831,6447,1096.99,3907.75
61,random_circuit_340_2,KLU,1,30824,6284,1092.12,3567.31
62,random_circuit_340_3,KLU,1,30369,6204,1066.16,3379.81
63,random_circuit_35_1,KLU,1,3118,626,97.26,184.4
64,random_circuit_35_2,KLU,1,2935,606,92.57,170.96
65,random_circuit_35_3,KLU,1,2702,560,85.03,156.42
66,random_circuit_40_1,KLU,1,3393,689,105.37,189.5
67,random_circuit_40_2,KLU,1,3193,659,99.9,182.34
68,random_circuit_40_3,KLU,1,3713,745,115.56,211.47
69,random_circuit_420_1,KLU,1,38521,7799,1351.4,6063.52
70,random_circuit_420_2,KLU,1,36711,7488,1298.99,5625.27
71,random_circuit_420_3,KLU,1,38784,7827,1354.56,6030.9
72,random_circuit_45_1,KLU,1,4202,848,133.31,234.0
73,random_circuit_45_2,KLU,1,4149,836,133.19,244.91
74,random_circuit_45_3,KLU,1,4290,869,135.94,244.01
75,random_circuit_500_1,KLU,1,46453,9411,1640.66,8022.84
76,random_circuit_500_2,KLU,1,45437,9177,1595.05,10013.8
77,random_circuit_500_3,KLU,1,44803,9133,1571.9,6723.91
78,random_circuit_50_1,KLU,1,3983,822,128.67,221.18
79,random_circuit_50_2,KLU,1,4963,984,158.3,277.62
80,random_circuit_50_3,KLU,1,4668,936,148.04,266.23
81,random_circuit_55_1,KLU,1,5009,1014,163.26,262.53
82,random_circuit_55_2,KLU,1,4775,981,154.96,277.74
83,random_circuit_55_3,KLU,1,5093,1046,168.76,287.3
84,random_circuit_580_1,KLU,1,53589,10820,1880.64,10378.1
85,random_circuit_580_2,KLU,1,55681,11192,1914.41,11302.5
86,random_circuit_580_3,KLU,1,53187,10766,1866.01,9598.3
87,random_circuit_5_1,KLU,1,296,66,8.83,16.02
88,random_circuit_5_2,KLU,1,270,61,7.44,13.99
89,random_circuit_5_3,KLU,1,341,71,10.02,19.49
90,random_circuit_60_1,KLU,1,5652,1143,186.9,347.32
91,random_circuit_60_2,KLU,1,5254,1081,173.97,285.48
92,random_circuit_60_3,KLU,1,4798,991,157.88,286.42
93,random_circuit_65_1,KLU,1,5884,1199,194.3,323.35
94,random_circuit_65_2,KLU,1,5524,1121,181.91,330.28
95,random_circuit_65_3,KLU,1,5574,1128,184.46,346.66
96,random_circuit_660_1,KLU,1,60130,12177,2094.04,13034.8
97,random_circuit_660_2,KLU,1,60996,12275,2139.87,17150.7
98,random_circuit_660_3,KLU,1,56210,11443,2020.24,12730.6
99,random_circuit_70_1,KLU,1,5497,1146,185.44,336.24
100,random_circuit_70_2,KLU,1,6579,1352,219.74,366.95
101,random_circuit_70_3,KLU,1,6488,1300,218.4,368.84
102,random_circuit_740_1,KLU,1,67901,13763,2414.88,17484.0
103,random_circuit_740_2,KLU,1,66379,13492,2351.75,18594.3
104,random_circuit_740_3,KLU,1,68246,13786,2406.5,23336.5
105,random_circuit_75_1,KLU,1,6806,1390,230.87,368.13
106,random_circuit_75_2,KLU,1,7026,1432,237.13,408.55
107,random_circuit_75_3,KLU,1,6959,1406,237.0,475.74
108,random_circuit_80_1,KLU,1,6455,1326,228.37,387.26
109,random_circuit_80_2,KLU,1,7269,1483,251.54,424.05
110,random_circuit_80_3,KLU,1,7858,1582,267.7,474.5
111,random_circuit_820_1,KLU,1,74268,15045,2683.59,24006.4
112,random_circuit_820_2,KLU,1,75482,15287,2663.56,26972.9
113,random_circuit_820_3,KLU,1,75128,15225,2652.5,25760.0
114,random_circuit_85_1,KLU,1,8103,1651,282.46,452.6
115,random_circuit_85_2,KLU,1,7330,1497,257.02,442.93
116,random_circuit_85_3,KLU,1,7592,1567,268.15,448.24
117,random_circuit_900_1,KLU,1,81575,16577,2904.66,28006.8
118,random_circuit_900_2,KLU,1,81615,16565,2898.78,30066.5
119,random_circuit_900_3,KLU,1,83074,16801,2967.5,32449.6
120,random_circuit_90_1,KLU,1,8294,1675,279.4,596.6
121,random_circuit_90_2,KLU,1,8518,1719,295.43,518.73
122,random_circuit_90_3,KLU,1,8063,1632,292.13,496.2
123,random_circuit_95_1,KLU,1,8928,1808,303.33,542.27
124,random_circuit_95_2,KLU,1,9263,1864,322.03,567.99
125,random_circuit_95_3,KLU,1,8717,1760,307.44,508.75
126,random_circuit_980_1,KLU,1,89715,18218,3192.93,38549.4
127,random_circuit_980_2,KLU,1,89337,18111,3185.55,40831.7
128,random_circuit_980_3,KLU,1,90211,18182,3183.59,39526.0
