index,mtx,algorithmname,threads,nnz,rows,Analyze,Factorization
0,random_circuit_100_1,NICSLU,1,6830,1424,1.0,1586.0
1,random_circuit_100_2,NICSLU,1,6862,1415,1.0,1046.0
2,random_circuit_100_3,NICSLU,1,6661,1381,1.0,1086.0
3,random_circuit_1060_1,NICSLU,1,71337,14841,1.0,12655.0
4,random_circuit_1060_2,NICSLU,1,72108,14991,1.0,12261.0
5,random_circuit_1060_3,NICSLU,1,74117,15327,1.0,12675.0
6,random_circuit_10_1,NICSLU,1,424,96,1.0,90.0
7,random_circuit_10_2,NICSLU,1,586,126,1.0,144.0
8,random_circuit_10_3,NICSLU,1,632,135,1.0,146.0
9,random_circuit_1140_1,NICSLU,1,74160,15513,1.0,12587.0
10,random_circuit_1140_2,NICSLU,1,76946,15974,1.0,13219.0
11,random_circuit_1140_3,NICSLU,1,76106,15840,1.0,13503.0
12,random_circuit_1220_1,NICSLU,1,84147,17518,1.0,13622.0
13,random_circuit_1220_2,NICSLU,1,82528,17202,1.0,13574.0
14,random_circuit_1220_3,NICSLU,1,80800,16863,1.0,15481.0
15,random_circuit_1300_1,NICSLU,1,89160,18554,1.0,13771.0
16,random_circuit_1300_2,NICSLU,1,85977,17950,1.0,16061.0
17,random_circuit_1300_3,NICSLU,1,89645,18561,1.0,16568.0
18,random_circuit_1380_1,NICSLU,1,94350,19599,1.0,16883.0
19,random_circuit_1380_2,NICSLU,1,92140,19163,1.0,17516.0
20,random_circuit_1380_3,NICSLU,1,92721,19249,1.0,17650.0
21,random_circuit_1460_1,NICSLU,1,98100,20416,1.0,17611.0
22,random_circuit_1460_2,NICSLU,1,95821,19987,1.0,17091.0
23,random_circuit_1460_3,NICSLU,1,100727,20877,1.0,17771.0
24,random_circuit_1540_1,NICSLU,1,105854,21972,1.0,18249.0
25,random_circuit_1540_2,NICSLU,1,104155,21679,1.0,16983.0
26,random_circuit_1540_3,NICSLU,1,102192,21314,1.0,19061.0
27,random_circuit_15_1,NICSLU,1,1471,301,1.0,266.0
28,random_circuit_15_2,NICSLU,1,1361,280,1.0,260.0
29,random_circuit_15_3,NICSLU,1,1069,226,1.0,237.0
30,random_circuit_1620_1,NICSLU,1,107556,22350,1.0,20137.0
31,random_circuit_1620_2,NICSLU,1,111819,23236,1.0,21292.0
32,random_circuit_1620_3,NICSLU,1,109178,22711,1.0,20388.0
33,random_circuit_1700_1,NICSLU,1,111786,23311,1.0,22067.0
34,random_circuit_1700_2,NICSLU,1,114066,23714,1.0,23612.0
35,random_circuit_1700_3,NICSLU,1,114051,23772,1.0,22351.0
36,random_circuit_1780_1,NICSLU,1,122358,25402,1.0,22531.0
37,random_circuit_1780_2,NICSLU,1,119379,24924,1.0,21515.0
38,random_circuit_1780_3,NICSLU,1,121929,25268,1.0,21548.0
39,random_circuit_180_1,NICSLU,1,11852,2469,1.0,1620.0
40,random_circuit_180_2,NICSLU,1,11385,2401,1.0,2079.0
41,random_circuit_180_3,NICSLU,1,11815,2425,1.0,1973.0
42,random_circuit_1860_1,NICSLU,1,122507,25595,1.0,24750.0
43,random_circuit_1860_2,NICSLU,1,126075,26216,1.0,23669.0
44,random_circuit_1860_3,NICSLU,1,128164,26664,1.0,22361.0
45,random_circuit_1940_1,NICSLU,1,126379,26414,1.0,23305.0
46,random_circuit_1940_2,NICSLU,1,130489,27224,1.0,25325.0
47,random_circuit_1940_3,NICSLU,1,129298,26844,1.0,25345.0
48,random_circuit_20_1,NICSLU,1,1203,256,1.0,235.0
49,random_circuit_20_2,NICSLU,1,1469,313,1.0,230.0
50,random_circuit_20_3,NICSLU,1,1469,304,1.0,281.0
51,random_circuit_25_1,NICSLU,1,1893,387,1.0,334.0
52,random_circuit_25_2,NICSLU,1,1602,338,1.0,325.0
53,random_circuit_25_3,NICSLU,1,1470,301,1.0,311.0
54,random_circuit_260_1,NICSLU,1,16395,3433,1.0,2743.0
55,random_circuit_260_2,NICSLU,1,17848,3721,1.0,2488.0
56,random_circuit_260_3,NICSLU,1,18809,3890,1.0,2428.0
57,random_circuit_30_1,NICSLU,1,1930,415,1.0,328.0
58,random_circuit_30_2,NICSLU,1,2320,487,1.0,393.0
59,random_circuit_30_3,NICSLU,1,2226,457,1.0,323.0
60,random_circuit_340_1,NICSLU,1,22362,4681,1.0,3268.0
61,random_circuit_340_2,NICSLU,1,23121,4816,1.0,3299.0
62,random_circuit_340_3,NICSLU,1,23522,4887,1.0,3156.0
63,random_circuit_35_1,NICSLU,1,2543,523,1.0,456.0
64,random_circuit_35_2,NICSLU,1,2821,581,1.0,431.0
65,random_circuit_35_3,NICSLU,1,2173,446,1.0,339.0
66,random_circuit_40_1,NICSLU,1,2394,515,1.0,387.0
67,random_circuit_40_2,NICSLU,1,2726,578,1.0,468.0
68,random_circuit_40_3,NICSLU,1,2757,582,1.0,473.0
69,random_circuit_420_1,NICSLU,1,29702,6136,1.0,4713.0
70,random_circuit_420_2,NICSLU,1,27363,5697,1.0,4051.0
71,random_circuit_420_3,NICSLU,1,28721,5961,1.0,3983.0
72,random_circuit_45_1,NICSLU,1,3295,679,1.0,572.0
73,random_circuit_45_2,NICSLU,1,3539,725,1.0,682.0
74,random_circuit_45_3,NICSLU,1,3173,643,1.0,585.0
75,random_circuit_500_1,NICSLU,1,33054,6902,1.0,5291.0
76,random_circuit_500_2,NICSLU,1,34286,7153,1.0,5283.0
77,random_circuit_500_3,NICSLU,1,33296,6928,1.0,5251.0
78,random_circuit_50_1,NICSLU,1,3342,696,1.0,536.0
79,random_circuit_50_2,NICSLU,1,3649,753,1.0,663.0
80,random_circuit_50_3,NICSLU,1,3832,800,1.0,675.0
81,random_circuit_55_1,NICSLU,1,3753,773,1.0,720.0
82,random_circuit_55_2,NICSLU,1,3451,725,1.0,583.0
83,random_circuit_55_3,NICSLU,1,3763,796,1.0,632.0
84,random_circuit_580_1,NICSLU,1,40190,8364,1.0,6859.0
85,random_circuit_580_2,NICSLU,1,37788,7851,1.0,5931.0
86,random_circuit_580_3,NICSLU,1,40748,8504,1.0,6562.0
87,random_circuit_5_1,NICSLU,1,377,79,1.0,92.0
88,random_circuit_5_2,NICSLU,1,256,55,1.0,78.0
89,random_circuit_5_3,NICSLU,1,370,79,1.0,87.0
90,random_circuit_60_1,NICSLU,1,3783,809,1.0,796.0
91,random_circuit_60_2,NICSLU,1,4246,872,1.0,734.0
92,random_circuit_60_3,NICSLU,1,3810,808,1.0,737.0
93,random_circuit_65_1,NICSLU,1,4614,960,1.0,649.0
94,random_circuit_65_2,NICSLU,1,4004,847,1.0,637.0
95,random_circuit_65_3,NICSLU,1,4192,883,1.0,743.0
96,random_circuit_660_1,NICSLU,1,45851,9527,1.0,6874.0
97,random_circuit_660_2,NICSLU,1,45748,9499,1.0,7490.0
98,random_circuit_660_3,NICSLU,1,47759,9897,1.0,6802.0
99,random_circuit_70_1,NICSLU,1,4587,971,1.0,802.0
100,random_circuit_70_2,NICSLU,1,4394,916,1.0,754.0
101,random_circuit_70_3,NICSLU,1,4763,1000,1.0,849.0
102,random_circuit_740_1,NICSLU,1,49762,10344,1.0,8078.0
103,random_circuit_740_2,NICSLU,1,50538,10471,1.0,9148.0
104,random_circuit_740_3,NICSLU,1,51690,10723,1.0,8022.0
105,random_circuit_75_1,NICSLU,1,4172,903,1.0,721.0
106,random_circuit_75_2,NICSLU,1,4962,1048,1.0,933.0
107,random_circuit_75_3,NICSLU,1,5419,1129,1.0,957.0
108,random_circuit_80_1,NICSLU,1,5399,1138,1.0,922.0
109,random_circuit_80_2,NICSLU,1,6330,1304,1.0,1051.0
110,random_circuit_80_3,NICSLU,1,5584,1163,1.0,796.0
111,random_circuit_820_1,NICSLU,1,53782,11223,1.0,8740.0
112,random_circuit_820_2,NICSLU,1,56492,11716,1.0,7880.0
113,random_circuit_820_3,NICSLU,1,54653,11372,1.0,10041.0
114,random_circuit_85_1,NICSLU,1,5618,1183,1.0,863.0
115,random_circuit_85_2,NICSLU,1,5843,1227,1.0,1071.0
116,random_circuit_85_3,NICSLU,1,5591,1158,1.0,857.0
117,random_circuit_900_1,NICSLU,1,61081,12724,1.0,10424.0
118,random_circuit_900_2,NICSLU,1,61971,12911,1.0,10421.0
119,random_circuit_900_3,NICSLU,1,60912,12706,1.0,10714.0
120,random_circuit_90_1,NICSLU,1,6381,1321,1.0,990.0
121,random_circuit_90_2,NICSLU,1,6306,1310,1.0,1188.0
122,random_circuit_90_3,NICSLU,1,5437,1166,1.0,829.0
123,random_circuit_95_1,NICSLU,1,7232,1493,1.0,1185.0
124,random_circuit_95_2,NICSLU,1,6796,1411,1.0,1277.0
125,random_circuit_95_3,NICSLU,1,6101,1278,1.0,1015.0
126,random_circuit_980_1,NICSLU,1,64730,13526,1.0,10619.0
127,random_circuit_980_2,NICSLU,1,67606,14055,1.0,12171.0
128,random_circuit_980_3,NICSLU,1,66522,13783,1.0,10568.0
129,random_circuit_100_1,NICSLU,4,6830,1424,4.0,1166.0
130,random_circuit_100_2,NICSLU,4,6862,1415,4.0,1026.0
131,random_circuit_100_3,NICSLU,4,6661,1381,4.0,1069.0
132,random_circuit_1060_1,NICSLU,4,71337,14841,4.0,12674.0
133,random_circuit_1060_2,NICSLU,4,72108,14991,4.0,12431.0
134,random_circuit_1060_3,NICSLU,4,74117,15327,4.0,12663.0
135,random_circuit_10_1,NICSLU,4,424,96,4.0,101.0
136,random_circuit_10_2,NICSLU,4,586,126,4.0,162.0
137,random_circuit_10_3,NICSLU,4,632,135,4.0,142.0
138,random_circuit_1140_1,NICSLU,4,74160,15513,4.0,12390.0
139,random_circuit_1140_2,NICSLU,4,76946,15974,4.0,14170.0
140,random_circuit_1140_3,NICSLU,4,76106,15840,4.0,13732.0
141,random_circuit_1220_1,NICSLU,4,84147,17518,4.0,14313.0
142,random_circuit_1220_2,NICSLU,4,82528,17202,4.0,13438.0
143,random_circuit_1220_3,NICSLU,4,80800,16863,4.0,16254.0
144,random_circuit_1300_1,NICSLU,4,89160,18554,4.0,14817.0
145,random_circuit_1300_2,NICSLU,4,85977,17950,4.0,16136.0
146,random_circuit_1300_3,NICSLU,4,89645,18561,4.0,16666.0
147,random_circuit_1380_1,NICSLU,4,94350,19599,4.0,19102.0
148,random_circuit_1380_2,NICSLU,4,92140,19163,4.0,18177.0
149,random_circuit_1380_3,NICSLU,4,92721,19249,4.0,17879.0
150,random_circuit_1460_1,NICSLU,4,98100,20416,4.0,18957.0
151,random_circuit_1460_2,NICSLU,4,95821,19987,4.0,18192.0
152,random_circuit_1460_3,NICSLU,4,100727,20877,4.0,18051.0
153,random_circuit_1540_1,NICSLU,4,105854,21972,4.0,18911.0
154,random_circuit_1540_2,NICSLU,4,104155,21679,4.0,18297.0
155,random_circuit_1540_3,NICSLU,4,102192,21314,4.0,19562.0
156,random_circuit_15_1,NICSLU,4,1471,301,4.0,264.0
157,random_circuit_15_2,NICSLU,4,1361,280,4.0,287.0
158,random_circuit_15_3,NICSLU,4,1069,226,4.0,209.0
159,random_circuit_1620_1,NICSLU,4,107556,22350,4.0,19497.0
160,random_circuit_1620_2,NICSLU,4,111819,23236,4.0,21938.0
161,random_circuit_1620_3,NICSLU,4,109178,22711,4.0,21816.0
162,random_circuit_1700_1,NICSLU,4,111786,23311,4.0,22384.0
163,random_circuit_1700_2,NICSLU,4,114066,23714,4.0,23933.0
164,random_circuit_1700_3,NICSLU,4,114051,23772,4.0,23608.0
165,random_circuit_1780_1,NICSLU,4,122358,25402,4.0,22887.0
166,random_circuit_1780_2,NICSLU,4,119379,24924,4.0,21410.0
167,random_circuit_1780_3,NICSLU,4,121929,25268,4.0,23078.0
168,random_circuit_180_1,NICSLU,4,11852,2469,4.0,1967.0
169,random_circuit_180_2,NICSLU,4,11385,2401,4.0,2066.0
170,random_circuit_180_3,NICSLU,4,11815,2425,4.0,2097.0
171,random_circuit_1860_1,NICSLU,4,122507,25595,4.0,24758.0
172,random_circuit_1860_2,NICSLU,4,126075,26216,4.0,24731.0
173,random_circuit_1860_3,NICSLU,4,128164,26664,4.0,25007.0
174,random_circuit_1940_1,NICSLU,4,126379,26414,4.0,23662.0
175,random_circuit_1940_2,NICSLU,4,130489,27224,4.0,28213.0
176,random_circuit_1940_3,NICSLU,4,129298,26844,4.0,27302.0
177,random_circuit_20_1,NICSLU,4,1203,256,4.0,228.0
178,random_circuit_20_2,NICSLU,4,1469,313,4.0,252.0
179,random_circuit_20_3,NICSLU,4,1469,304,4.0,285.0
180,random_circuit_25_1,NICSLU,4,1893,387,4.0,335.0
181,random_circuit_25_2,NICSLU,4,1602,338,4.0,331.0
182,random_circuit_25_3,NICSLU,4,1470,301,4.0,282.0
183,random_circuit_260_1,NICSLU,4,16395,3433,4.0,2640.0
184,random_circuit_260_2,NICSLU,4,17848,3721,4.0,2421.0
185,random_circuit_260_3,NICSLU,4,18809,3890,4.0,2326.0
186,random_circuit_30_1,NICSLU,4,1930,415,4.0,366.0
187,random_circuit_30_2,NICSLU,4,2320,487,4.0,388.0
188,random_circuit_30_3,NICSLU,4,2226,457,4.0,366.0
189,random_circuit_340_1,NICSLU,4,22362,4681,4.0,3320.0
190,random_circuit_340_2,NICSLU,4,23121,4816,4.0,3439.0
191,random_circuit_340_3,NICSLU,4,23522,4887,4.0,3158.0
192,random_circuit_35_1,NICSLU,4,2543,523,4.0,401.0
193,random_circuit_35_2,NICSLU,4,2821,581,4.0,473.0
194,random_circuit_35_3,NICSLU,4,2173,446,4.0,423.0
195,random_circuit_40_1,NICSLU,4,2394,515,4.0,445.0
196,random_circuit_40_2,NICSLU,4,2726,578,4.0,477.0
197,random_circuit_40_3,NICSLU,4,2757,582,4.0,538.0
198,random_circuit_420_1,NICSLU,4,29702,6136,4.0,4674.0
199,random_circuit_420_2,NICSLU,4,27363,5697,4.0,4437.0
200,random_circuit_420_3,NICSLU,4,28721,5961,4.0,4166.0
201,random_circuit_45_1,NICSLU,4,3295,679,4.0,578.0
202,random_circuit_45_2,NICSLU,4,3539,725,4.0,609.0
203,random_circuit_45_3,NICSLU,4,3173,643,4.0,537.0
204,random_circuit_500_1,NICSLU,4,33054,6902,4.0,5172.0
205,random_circuit_500_2,NICSLU,4,34286,7153,4.0,5175.0
206,random_circuit_500_3,NICSLU,4,33296,6928,4.0,5304.0
207,random_circuit_50_1,NICSLU,4,3342,696,4.0,530.0
208,random_circuit_50_2,NICSLU,4,3649,753,4.0,686.0
209,random_circuit_50_3,NICSLU,4,3832,800,4.0,750.0
210,random_circuit_55_1,NICSLU,4,3753,773,4.0,805.0
211,random_circuit_55_2,NICSLU,4,3451,725,4.0,660.0
212,random_circuit_55_3,NICSLU,4,3763,796,4.0,666.0
213,random_circuit_580_1,NICSLU,4,40190,8364,4.0,6826.0
214,random_circuit_580_2,NICSLU,4,37788,7851,4.0,6119.0
215,random_circuit_580_3,NICSLU,4,40748,8504,4.0,7048.0
216,random_circuit_5_1,NICSLU,4,377,79,4.0,93.0
217,random_circuit_5_2,NICSLU,4,256,55,4.0,85.0
218,random_circuit_5_3,NICSLU,4,370,79,4.0,82.0
219,random_circuit_60_1,NICSLU,4,3783,809,4.0,703.0
220,random_circuit_60_2,NICSLU,4,4246,872,4.0,755.0
221,random_circuit_60_3,NICSLU,4,3810,808,4.0,663.0
222,random_circuit_65_1,NICSLU,4,4614,960,4.0,869.0
223,random_circuit_65_2,NICSLU,4,4004,847,4.0,662.0
224,random_circuit_65_3,NICSLU,4,4192,883,4.0,667.0
225,random_circuit_660_1,NICSLU,4,45851,9527,4.0,6774.0
226,random_circuit_660_2,NICSLU,4,45748,9499,4.0,8010.0
227,random_circuit_660_3,NICSLU,4,47759,9897,4.0,6687.0
228,random_circuit_70_1,NICSLU,4,4587,971,4.0,776.0
229,random_circuit_70_2,NICSLU,4,4394,916,4.0,763.0
230,random_circuit_70_3,NICSLU,4,4763,1000,4.0,897.0
231,random_circuit_740_1,NICSLU,4,49762,10344,4.0,7612.0
232,random_circuit_740_2,NICSLU,4,50538,10471,4.0,9274.0
233,random_circuit_740_3,NICSLU,4,51690,10723,4.0,8153.0
234,random_circuit_75_1,NICSLU,4,4172,903,4.0,684.0
235,random_circuit_75_2,NICSLU,4,4962,1048,4.0,827.0
236,random_circuit_75_3,NICSLU,4,5419,1129,4.0,982.0
237,random_circuit_80_1,NICSLU,4,5399,1138,4.0,1105.0
238,random_circuit_80_2,NICSLU,4,6330,1304,4.0,975.0
239,random_circuit_80_3,NICSLU,4,5584,1163,4.0,885.0
240,random_circuit_820_1,NICSLU,4,53782,11223,4.0,8968.0
241,random_circuit_820_2,NICSLU,4,56492,11716,4.0,8451.0
242,random_circuit_820_3,NICSLU,4,54653,11372,4.0,10147.0
243,random_circuit_85_1,NICSLU,4,5618,1183,4.0,1033.0
244,random_circuit_85_2,NICSLU,4,5843,1227,4.0,962.0
245,random_circuit_85_3,NICSLU,4,5591,1158,4.0,917.0
246,random_circuit_900_1,NICSLU,4,61081,12724,4.0,10736.0
247,random_circuit_900_2,NICSLU,4,61971,12911,4.0,10482.0
248,random_circuit_900_3,NICSLU,4,60912,12706,4.0,11157.0
249,random_circuit_90_1,NICSLU,4,6381,1321,4.0,1054.0
250,random_circuit_90_2,NICSLU,4,6306,1310,4.0,1039.0
251,random_circuit_90_3,NICSLU,4,5437,1166,4.0,809.0
252,random_circuit_95_1,NICSLU,4,7232,1493,4.0,1246.0
253,random_circuit_95_2,NICSLU,4,6796,1411,4.0,1045.0
254,random_circuit_95_3,NICSLU,4,6101,1278,4.0,1114.0
255,random_circuit_980_1,NICSLU,4,64730,13526,4.0,10408.0
256,random_circuit_980_2,NICSLU,4,67606,14055,4.0,12099.0
257,random_circuit_980_3,NICSLU,4,66522,13783,4.0,11193.0
258,random_circuit_100_1,NICSLU,8,6830,1424,8.0,1225.0
259,random_circuit_100_2,NICSLU,8,6862,1415,8.0,1135.0
260,random_circuit_100_3,NICSLU,8,6661,1381,8.0,1005.0
261,random_circuit_1060_1,NICSLU,8,71337,14841,8.0,12386.0
262,random_circuit_1060_2,NICSLU,8,72108,14991,8.0,13087.0
263,random_circuit_1060_3,NICSLU,8,74117,15327,8.0,13796.0
264,random_circuit_10_1,NICSLU,8,424,96,8.0,123.0
265,random_circuit_10_2,NICSLU,8,586,126,8.0,159.0
266,random_circuit_10_3,NICSLU,8,632,135,8.0,146.0
267,random_circuit_1140_1,NICSLU,8,74160,15513,8.0,11835.0
268,random_circuit_1140_2,NICSLU,8,76946,15974,8.0,14966.0
269,random_circuit_1140_3,NICSLU,8,76106,15840,8.0,14241.0
270,random_circuit_1220_1,NICSLU,8,84147,17518,8.0,15084.0
271,random_circuit_1220_2,NICSLU,8,82528,17202,8.0,14455.0
272,random_circuit_1220_3,NICSLU,8,80800,16863,8.0,17450.0
273,random_circuit_1300_1,NICSLU,8,89160,18554,8.0,15525.0
274,random_circuit_1300_2,NICSLU,8,85977,17950,8.0,16933.0
275,random_circuit_1300_3,NICSLU,8,89645,18561,8.0,18203.0
276,random_circuit_1380_1,NICSLU,8,94350,19599,8.0,19044.0
277,random_circuit_1380_2,NICSLU,8,92140,19163,8.0,19472.0
278,random_circuit_1380_3,NICSLU,8,92721,19249,8.0,19477.0
279,random_circuit_1460_1,NICSLU,8,98100,20416,8.0,20006.0
280,random_circuit_1460_2,NICSLU,8,95821,19987,8.0,19294.0
281,random_circuit_1460_3,NICSLU,8,100727,20877,8.0,19255.0
282,random_circuit_1540_1,NICSLU,8,105854,21972,8.0,20363.0
283,random_circuit_1540_2,NICSLU,8,104155,21679,8.0,19014.0
284,random_circuit_1540_3,NICSLU,8,102192,21314,8.0,20573.0
285,random_circuit_15_1,NICSLU,8,1471,301,8.0,299.0
286,random_circuit_15_2,NICSLU,8,1361,280,8.0,263.0
287,random_circuit_15_3,NICSLU,8,1069,226,8.0,224.0
288,random_circuit_1620_1,NICSLU,8,107556,22350,8.0,19884.0
289,random_circuit_1620_2,NICSLU,8,111819,23236,8.0,23056.0
290,random_circuit_1620_3,NICSLU,8,109178,22711,8.0,22031.0
291,random_circuit_1700_1,NICSLU,8,111786,23311,8.0,23368.0
292,random_circuit_1700_2,NICSLU,8,114066,23714,8.0,25370.0
293,random_circuit_1700_3,NICSLU,8,114051,23772,8.0,24731.0
294,random_circuit_1780_1,NICSLU,8,122358,25402,8.0,24082.0
295,random_circuit_1780_2,NICSLU,8,119379,24924,8.0,23157.0
296,random_circuit_1780_3,NICSLU,8,121929,25268,8.0,24326.0
297,random_circuit_180_1,NICSLU,8,11852,2469,8.0,1887.0
298,random_circuit_180_2,NICSLU,8,11385,2401,8.0,2052.0
299,random_circuit_180_3,NICSLU,8,11815,2425,8.0,1936.0
300,random_circuit_1860_1,NICSLU,8,122507,25595,8.0,24274.0
301,random_circuit_1860_2,NICSLU,8,126075,26216,8.0,25729.0
302,random_circuit_1860_3,NICSLU,8,128164,26664,8.0,25401.0
303,random_circuit_1940_1,NICSLU,8,126379,26414,8.0,25350.0
304,random_circuit_1940_2,NICSLU,8,130489,27224,8.0,28290.0
305,random_circuit_1940_3,NICSLU,8,129298,26844,8.0,27466.0
306,random_circuit_20_1,NICSLU,8,1203,256,8.0,270.0
307,random_circuit_20_2,NICSLU,8,1469,313,8.0,276.0
308,random_circuit_20_3,NICSLU,8,1469,304,8.0,237.0
309,random_circuit_25_1,NICSLU,8,1893,387,8.0,384.0
310,random_circuit_25_2,NICSLU,8,1602,338,8.0,330.0
311,random_circuit_25_3,NICSLU,8,1470,301,8.0,317.0
312,random_circuit_260_1,NICSLU,8,16395,3433,8.0,2483.0
313,random_circuit_260_2,NICSLU,8,17848,3721,8.0,2811.0
314,random_circuit_260_3,NICSLU,8,18809,3890,8.0,2592.0
315,random_circuit_30_1,NICSLU,8,1930,415,8.0,363.0
316,random_circuit_30_2,NICSLU,8,2320,487,8.0,446.0
317,random_circuit_30_3,NICSLU,8,2226,457,8.0,385.0
318,random_circuit_340_1,NICSLU,8,22362,4681,8.0,3371.0
319,random_circuit_340_2,NICSLU,8,23121,4816,8.0,3517.0
320,random_circuit_340_3,NICSLU,8,23522,4887,8.0,3598.0
321,random_circuit_35_1,NICSLU,8,2543,523,8.0,513.0
322,random_circuit_35_2,NICSLU,8,2821,581,8.0,423.0
323,random_circuit_35_3,NICSLU,8,2173,446,8.0,379.0
324,random_circuit_40_1,NICSLU,8,2394,515,8.0,425.0
325,random_circuit_40_2,NICSLU,8,2726,578,8.0,524.0
326,random_circuit_40_3,NICSLU,8,2757,582,8.0,579.0
327,random_circuit_420_1,NICSLU,8,29702,6136,8.0,4654.0
328,random_circuit_420_2,NICSLU,8,27363,5697,8.0,4344.0
329,random_circuit_420_3,NICSLU,8,28721,5961,8.0,4443.0
330,random_circuit_45_1,NICSLU,8,3295,679,8.0,534.0
331,random_circuit_45_2,NICSLU,8,3539,725,8.0,595.0
332,random_circuit_45_3,NICSLU,8,3173,643,8.0,592.0
333,random_circuit_500_1,NICSLU,8,33054,6902,8.0,5201.0
334,random_circuit_500_2,NICSLU,8,34286,7153,8.0,5939.0
335,random_circuit_500_3,NICSLU,8,33296,6928,8.0,5816.0
336,random_circuit_50_1,NICSLU,8,3342,696,8.0,600.0
337,random_circuit_50_2,NICSLU,8,3649,753,8.0,655.0
338,random_circuit_50_3,NICSLU,8,3832,800,8.0,599.0
339,random_circuit_55_1,NICSLU,8,3753,773,8.0,713.0
340,random_circuit_55_2,NICSLU,8,3451,725,8.0,588.0
341,random_circuit_55_3,NICSLU,8,3763,796,8.0,668.0
342,random_circuit_580_1,NICSLU,8,40190,8364,8.0,6983.0
343,random_circuit_580_2,NICSLU,8,37788,7851,8.0,6475.0
344,random_circuit_580_3,NICSLU,8,40748,8504,8.0,7176.0
345,random_circuit_5_1,NICSLU,8,377,79,8.0,104.0
346,random_circuit_5_2,NICSLU,8,256,55,8.0,78.0
347,random_circuit_5_3,NICSLU,8,370,79,8.0,94.0
348,random_circuit_60_1,NICSLU,8,3783,809,8.0,730.0
349,random_circuit_60_2,NICSLU,8,4246,872,8.0,702.0
350,random_circuit_60_3,NICSLU,8,3810,808,8.0,654.0
351,random_circuit_65_1,NICSLU,8,4614,960,8.0,711.0
352,random_circuit_65_2,NICSLU,8,4004,847,8.0,672.0
353,random_circuit_65_3,NICSLU,8,4192,883,8.0,731.0
354,random_circuit_660_1,NICSLU,8,45851,9527,8.0,6835.0
355,random_circuit_660_2,NICSLU,8,45748,9499,8.0,8096.0
356,random_circuit_660_3,NICSLU,8,47759,9897,8.0,7195.0
357,random_circuit_70_1,NICSLU,8,4587,971,8.0,878.0
358,random_circuit_70_2,NICSLU,8,4394,916,8.0,773.0
359,random_circuit_70_3,NICSLU,8,4763,1000,8.0,889.0
360,random_circuit_740_1,NICSLU,8,49762,10344,8.0,7638.0
361,random_circuit_740_2,NICSLU,8,50538,10471,8.0,9980.0
362,random_circuit_740_3,NICSLU,8,51690,10723,8.0,9029.0
363,random_circuit_75_1,NICSLU,8,4172,903,8.0,695.0
364,random_circuit_75_2,NICSLU,8,4962,1048,8.0,817.0
365,random_circuit_75_3,NICSLU,8,5419,1129,8.0,924.0
366,random_circuit_80_1,NICSLU,8,5399,1138,8.0,980.0
367,random_circuit_80_2,NICSLU,8,6330,1304,8.0,946.0
368,random_circuit_80_3,NICSLU,8,5584,1163,8.0,913.0
369,random_circuit_820_1,NICSLU,8,53782,11223,8.0,8715.0
370,random_circuit_820_2,NICSLU,8,56492,11716,8.0,9039.0
371,random_circuit_820_3,NICSLU,8,54653,11372,8.0,10946.0
372,random_circuit_85_1,NICSLU,8,5618,1183,8.0,1061.0
373,random_circuit_85_2,NICSLU,8,5843,1227,8.0,884.0
374,random_circuit_85_3,NICSLU,8,5591,1158,8.0,935.0
375,random_circuit_900_1,NICSLU,8,61081,12724,8.0,10855.0
376,random_circuit_900_2,NICSLU,8,61971,12911,8.0,11137.0
377,random_circuit_900_3,NICSLU,8,60912,12706,8.0,11639.0
378,random_circuit_90_1,NICSLU,8,6381,1321,8.0,1144.0
379,random_circuit_90_2,NICSLU,8,6306,1310,8.0,1119.0
380,random_circuit_90_3,NICSLU,8,5437,1166,8.0,995.0
381,random_circuit_95_1,NICSLU,8,7232,1493,8.0,1087.0
382,random_circuit_95_2,NICSLU,8,6796,1411,8.0,1272.0
383,random_circuit_95_3,NICSLU,8,6101,1278,8.0,1052.0
384,random_circuit_980_1,NICSLU,8,64730,13526,8.0,10005.0
385,random_circuit_980_2,NICSLU,8,67606,14055,8.0,12974.0
386,random_circuit_980_3,NICSLU,8,66522,13783,8.0,11822.0
387,random_circuit_100_1,NICSLU,12,6830,1424,12.0,1348.0
388,random_circuit_100_2,NICSLU,12,6862,1415,12.0,1275.0
389,random_circuit_100_3,NICSLU,12,6661,1381,12.0,1070.0
390,random_circuit_1060_1,NICSLU,12,71337,14841,12.0,13059.0
391,random_circuit_1060_2,NICSLU,12,72108,14991,12.0,13263.0
392,random_circuit_1060_3,NICSLU,12,74117,15327,12.0,13740.0
393,random_circuit_10_1,NICSLU,12,424,96,12.0,124.0
394,random_circuit_10_2,NICSLU,12,586,126,12.0,161.0
395,random_circuit_10_3,NICSLU,12,632,135,12.0,118.0
396,random_circuit_1140_1,NICSLU,12,74160,15513,12.0,12458.0
397,random_circuit_1140_2,NICSLU,12,76946,15974,12.0,15024.0
398,random_circuit_1140_3,NICSLU,12,76106,15840,12.0,14289.0
399,random_circuit_1220_1,NICSLU,12,84147,17518,12.0,15160.0
400,random_circuit_1220_2,NICSLU,12,82528,17202,12.0,14421.0
401,random_circuit_1220_3,NICSLU,12,80800,16863,12.0,17666.0
402,random_circuit_1300_1,NICSLU,12,89160,18554,12.0,15525.0
403,random_circuit_1300_2,NICSLU,12,85977,17950,12.0,16973.0
404,random_circuit_1300_3,NICSLU,12,89645,18561,12.0,18206.0
405,random_circuit_1380_1,NICSLU,12,94350,19599,12.0,19106.0
406,random_circuit_1380_2,NICSLU,12,92140,19163,12.0,19255.0
407,random_circuit_1380_3,NICSLU,12,92721,19249,12.0,19518.0
408,random_circuit_1460_1,NICSLU,12,98100,20416,12.0,20035.0
409,random_circuit_1460_2,NICSLU,12,95821,19987,12.0,19267.0
410,random_circuit_1460_3,NICSLU,12,100727,20877,12.0,19324.0
411,random_circuit_1540_1,NICSLU,12,105854,21972,12.0,20187.0
412,random_circuit_1540_2,NICSLU,12,104155,21679,12.0,18951.0
413,random_circuit_1540_3,NICSLU,12,102192,21314,12.0,20478.0
414,random_circuit_15_1,NICSLU,12,1471,301,12.0,292.0
415,random_circuit_15_2,NICSLU,12,1361,280,12.0,245.0
416,random_circuit_15_3,NICSLU,12,1069,226,12.0,218.0
417,random_circuit_1620_1,NICSLU,12,107556,22350,12.0,20154.0
418,random_circuit_1620_2,NICSLU,12,111819,23236,12.0,23424.0
419,random_circuit_1620_3,NICSLU,12,109178,22711,12.0,22096.0
420,random_circuit_1700_1,NICSLU,12,111786,23311,12.0,23425.0
421,random_circuit_1700_2,NICSLU,12,114066,23714,12.0,25360.0
422,random_circuit_1700_3,NICSLU,12,114051,23772,12.0,24767.0
423,random_circuit_1780_1,NICSLU,12,122358,25402,12.0,24166.0
424,random_circuit_1780_2,NICSLU,12,119379,24924,12.0,23261.0
425,random_circuit_1780_3,NICSLU,12,121929,25268,12.0,24425.0
426,random_circuit_180_1,NICSLU,12,11852,2469,12.0,1971.0
427,random_circuit_180_2,NICSLU,12,11385,2401,12.0,2118.0
428,random_circuit_180_3,NICSLU,12,11815,2425,12.0,2074.0
429,random_circuit_1860_1,NICSLU,12,122507,25595,12.0,24379.0
430,random_circuit_1860_2,NICSLU,12,126075,26216,12.0,25682.0
431,random_circuit_1860_3,NICSLU,12,128164,26664,12.0,25499.0
432,random_circuit_1940_1,NICSLU,12,126379,26414,12.0,25406.0
433,random_circuit_1940_2,NICSLU,12,130489,27224,12.0,28386.0
434,random_circuit_1940_3,NICSLU,12,129298,26844,12.0,27554.0
435,random_circuit_20_1,NICSLU,12,1203,256,12.0,272.0
436,random_circuit_20_2,NICSLU,12,1469,313,12.0,280.0
437,random_circuit_20_3,NICSLU,12,1469,304,12.0,318.0
438,random_circuit_25_1,NICSLU,12,1893,387,12.0,335.0
439,random_circuit_25_2,NICSLU,12,1602,338,12.0,268.0
440,random_circuit_25_3,NICSLU,12,1470,301,12.0,251.0
441,random_circuit_260_1,NICSLU,12,16395,3433,12.0,2732.0
442,random_circuit_260_2,NICSLU,12,17848,3721,12.0,2703.0
443,random_circuit_260_3,NICSLU,12,18809,3890,12.0,2343.0
444,random_circuit_30_1,NICSLU,12,1930,415,12.0,425.0
445,random_circuit_30_2,NICSLU,12,2320,487,12.0,403.0
446,random_circuit_30_3,NICSLU,12,2226,457,12.0,367.0
447,random_circuit_340_1,NICSLU,12,22362,4681,12.0,3354.0
448,random_circuit_340_2,NICSLU,12,23121,4816,12.0,3624.0
449,random_circuit_340_3,NICSLU,12,23522,4887,12.0,3522.0
450,random_circuit_35_1,NICSLU,12,2543,523,12.0,463.0
451,random_circuit_35_2,NICSLU,12,2821,581,12.0,445.0
452,random_circuit_35_3,NICSLU,12,2173,446,12.0,438.0
453,random_circuit_40_1,NICSLU,12,2394,515,12.0,458.0
454,random_circuit_40_2,NICSLU,12,2726,578,12.0,396.0
455,random_circuit_40_3,NICSLU,12,2757,582,12.0,450.0
456,random_circuit_420_1,NICSLU,12,29702,6136,12.0,4625.0
457,random_circuit_420_2,NICSLU,12,27363,5697,12.0,4456.0
458,random_circuit_420_3,NICSLU,12,28721,5961,12.0,4487.0
459,random_circuit_45_1,NICSLU,12,3295,679,12.0,625.0
460,random_circuit_45_2,NICSLU,12,3539,725,12.0,640.0
461,random_circuit_45_3,NICSLU,12,3173,643,12.0,476.0
462,random_circuit_500_1,NICSLU,12,33054,6902,12.0,5230.0
463,random_circuit_500_2,NICSLU,12,34286,7153,12.0,5825.0
464,random_circuit_500_3,NICSLU,12,33296,6928,12.0,5751.0
465,random_circuit_50_1,NICSLU,12,3342,696,12.0,576.0
466,random_circuit_50_2,NICSLU,12,3649,753,12.0,615.0
467,random_circuit_50_3,NICSLU,12,3832,800,12.0,624.0
468,random_circuit_55_1,NICSLU,12,3753,773,12.0,813.0
469,random_circuit_55_2,NICSLU,12,3451,725,12.0,661.0
470,random_circuit_55_3,NICSLU,12,3763,796,12.0,733.0
471,random_circuit_580_1,NICSLU,12,40190,8364,12.0,7160.0
472,random_circuit_580_2,NICSLU,12,37788,7851,12.0,6559.0
473,random_circuit_580_3,NICSLU,12,40748,8504,12.0,7084.0
474,random_circuit_5_1,NICSLU,12,377,79,12.0,103.0
475,random_circuit_5_2,NICSLU,12,256,55,12.0,77.0
476,random_circuit_5_3,NICSLU,12,370,79,12.0,82.0
477,random_circuit_60_1,NICSLU,12,3783,809,12.0,789.0
478,random_circuit_60_2,NICSLU,12,4246,872,12.0,723.0
479,random_circuit_60_3,NICSLU,12,3810,808,12.0,648.0
480,random_circuit_65_1,NICSLU,12,4614,960,12.0,744.0
481,random_circuit_65_2,NICSLU,12,4004,847,12.0,669.0
482,random_circuit_65_3,NICSLU,12,4192,883,12.0,775.0
483,random_circuit_660_1,NICSLU,12,45851,9527,12.0,6697.0
484,random_circuit_660_2,NICSLU,12,45748,9499,12.0,8105.0
485,random_circuit_660_3,NICSLU,12,47759,9897,12.0,7294.0
486,random_circuit_70_1,NICSLU,12,4587,971,12.0,717.0
487,random_circuit_70_2,NICSLU,12,4394,916,12.0,850.0
488,random_circuit_70_3,NICSLU,12,4763,1000,12.0,775.0
489,random_circuit_740_1,NICSLU,12,49762,10344,12.0,7882.0
490,random_circuit_740_2,NICSLU,12,50538,10471,12.0,9918.0
491,random_circuit_740_3,NICSLU,12,51690,10723,12.0,9229.0
492,random_circuit_75_1,NICSLU,12,4172,903,12.0,770.0
493,random_circuit_75_2,NICSLU,12,4962,1048,12.0,869.0
494,random_circuit_75_3,NICSLU,12,5419,1129,12.0,806.0
495,random_circuit_80_1,NICSLU,12,5399,1138,12.0,987.0
496,random_circuit_80_2,NICSLU,12,6330,1304,12.0,981.0
497,random_circuit_80_3,NICSLU,12,5584,1163,12.0,990.0
498,random_circuit_820_1,NICSLU,12,53782,11223,12.0,8708.0
499,random_circuit_820_2,NICSLU,12,56492,11716,12.0,8869.0
500,random_circuit_820_3,NICSLU,12,54653,11372,12.0,10885.0
501,random_circuit_85_1,NICSLU,12,5618,1183,12.0,1058.0
502,random_circuit_85_2,NICSLU,12,5843,1227,12.0,1136.0
503,random_circuit_85_3,NICSLU,12,5591,1158,12.0,997.0
504,random_circuit_900_1,NICSLU,12,61081,12724,12.0,10886.0
505,random_circuit_900_2,NICSLU,12,61971,12911,12.0,11129.0
506,random_circuit_900_3,NICSLU,12,60912,12706,12.0,11614.0
507,random_circuit_90_1,NICSLU,12,6381,1321,12.0,1138.0
508,random_circuit_90_2,NICSLU,12,6306,1310,12.0,1069.0
509,random_circuit_90_3,NICSLU,12,5437,1166,12.0,904.0
510,random_circuit_95_1,NICSLU,12,7232,1493,12.0,1183.0
511,random_circuit_95_2,NICSLU,12,6796,1411,12.0,1128.0
512,random_circuit_95_3,NICSLU,12,6101,1278,12.0,985.0
513,random_circuit_980_1,NICSLU,12,64730,13526,12.0,10415.0
514,random_circuit_980_2,NICSLU,12,67606,14055,12.0,13068.0
515,random_circuit_980_3,NICSLU,12,66522,13783,12.0,11650.0
516,random_circuit_100_1,NICSLU,24,6830,1424,24.0,1192.0
517,random_circuit_100_2,NICSLU,24,6862,1415,24.0,1106.0
518,random_circuit_100_3,NICSLU,24,6661,1381,24.0,1139.0
519,random_circuit_1060_1,NICSLU,24,71337,14841,24.0,13010.0
520,random_circuit_1060_2,NICSLU,24,72108,14991,24.0,13282.0
521,random_circuit_1060_3,NICSLU,24,74117,15327,24.0,13886.0
522,random_circuit_10_1,NICSLU,24,424,96,24.0,122.0
523,random_circuit_10_2,NICSLU,24,586,126,24.0,134.0
524,random_circuit_10_3,NICSLU,24,632,135,24.0,143.0
525,random_circuit_1140_1,NICSLU,24,74160,15513,24.0,11920.0
526,random_circuit_1140_2,NICSLU,24,76946,15974,24.0,14837.0
527,random_circuit_1140_3,NICSLU,24,76106,15840,24.0,14318.0
528,random_circuit_1220_1,NICSLU,24,84147,17518,24.0,15257.0
529,random_circuit_1220_2,NICSLU,24,82528,17202,24.0,14415.0
530,random_circuit_1220_3,NICSLU,24,80800,16863,24.0,17677.0
531,random_circuit_1300_1,NICSLU,24,89160,18554,24.0,15362.0
532,random_circuit_1300_2,NICSLU,24,85977,17950,24.0,17043.0
533,random_circuit_1300_3,NICSLU,24,89645,18561,24.0,18001.0
534,random_circuit_1380_1,NICSLU,24,94350,19599,24.0,19042.0
535,random_circuit_1380_2,NICSLU,24,92140,19163,24.0,19306.0
536,random_circuit_1380_3,NICSLU,24,92721,19249,24.0,19729.0
537,random_circuit_1460_1,NICSLU,24,98100,20416,24.0,20068.0
538,random_circuit_1460_2,NICSLU,24,95821,19987,24.0,19440.0
539,random_circuit_1460_3,NICSLU,24,100727,20877,24.0,19328.0
540,random_circuit_1540_1,NICSLU,24,105854,21972,24.0,20246.0
541,random_circuit_1540_2,NICSLU,24,104155,21679,24.0,19095.0
542,random_circuit_1540_3,NICSLU,24,102192,21314,24.0,20613.0
543,random_circuit_15_1,NICSLU,24,1471,301,24.0,300.0
544,random_circuit_15_2,NICSLU,24,1361,280,24.0,285.0
545,random_circuit_15_3,NICSLU,24,1069,226,24.0,228.0
546,random_circuit_1620_1,NICSLU,24,107556,22350,24.0,19744.0
547,random_circuit_1620_2,NICSLU,24,111819,23236,24.0,23081.0
548,random_circuit_1620_3,NICSLU,24,109178,22711,24.0,22088.0
549,random_circuit_1700_1,NICSLU,24,111786,23311,24.0,23460.0
550,random_circuit_1700_2,NICSLU,24,114066,23714,24.0,25357.0
551,random_circuit_1700_3,NICSLU,24,114051,23772,24.0,24854.0
552,random_circuit_1780_1,NICSLU,24,122358,25402,24.0,24203.0
553,random_circuit_1780_2,NICSLU,24,119379,24924,24.0,23314.0
554,random_circuit_1780_3,NICSLU,24,121929,25268,24.0,24369.0
555,random_circuit_180_1,NICSLU,24,11852,2469,24.0,1954.0
556,random_circuit_180_2,NICSLU,24,11385,2401,24.0,2066.0
557,random_circuit_180_3,NICSLU,24,11815,2425,24.0,2079.0
558,random_circuit_1860_1,NICSLU,24,122507,25595,24.0,24089.0
559,random_circuit_1860_2,NICSLU,24,126075,26216,24.0,25793.0
560,random_circuit_1860_3,NICSLU,24,128164,26664,24.0,25635.0
561,random_circuit_1940_1,NICSLU,24,126379,26414,24.0,25474.0
562,random_circuit_1940_2,NICSLU,24,130489,27224,24.0,28336.0
563,random_circuit_1940_3,NICSLU,24,129298,26844,24.0,27495.0
564,random_circuit_20_1,NICSLU,24,1203,256,24.0,219.0
565,random_circuit_20_2,NICSLU,24,1469,313,24.0,243.0
566,random_circuit_20_3,NICSLU,24,1469,304,24.0,284.0
567,random_circuit_25_1,NICSLU,24,1893,387,24.0,312.0
568,random_circuit_25_2,NICSLU,24,1602,338,24.0,340.0
569,random_circuit_25_3,NICSLU,24,1470,301,24.0,300.0
570,random_circuit_260_1,NICSLU,24,16395,3433,24.0,2618.0
571,random_circuit_260_2,NICSLU,24,17848,3721,24.0,2761.0
572,random_circuit_260_3,NICSLU,24,18809,3890,24.0,2715.0
573,random_circuit_30_1,NICSLU,24,1930,415,24.0,365.0
574,random_circuit_30_2,NICSLU,24,2320,487,24.0,429.0
575,random_circuit_30_3,NICSLU,24,2226,457,24.0,418.0
576,random_circuit_340_1,NICSLU,24,22362,4681,24.0,3262.0
577,random_circuit_340_2,NICSLU,24,23121,4816,24.0,3801.0
578,random_circuit_340_3,NICSLU,24,23522,4887,24.0,3604.0
579,random_circuit_35_1,NICSLU,24,2543,523,24.0,504.0
580,random_circuit_35_2,NICSLU,24,2821,581,24.0,444.0
581,random_circuit_35_3,NICSLU,24,2173,446,24.0,390.0
582,random_circuit_40_1,NICSLU,24,2394,515,24.0,439.0
583,random_circuit_40_2,NICSLU,24,2726,578,24.0,525.0
584,random_circuit_40_3,NICSLU,24,2757,582,24.0,535.0
585,random_circuit_420_1,NICSLU,24,29702,6136,24.0,4636.0
586,random_circuit_420_2,NICSLU,24,27363,5697,24.0,4328.0
587,random_circuit_420_3,NICSLU,24,28721,5961,24.0,4522.0
588,random_circuit_45_1,NICSLU,24,3295,679,24.0,638.0
589,random_circuit_45_2,NICSLU,24,3539,725,24.0,497.0
590,random_circuit_45_3,NICSLU,24,3173,643,24.0,582.0
591,random_circuit_500_1,NICSLU,24,33054,6902,24.0,5068.0
592,random_circuit_500_2,NICSLU,24,34286,7153,24.0,5960.0
593,random_circuit_500_3,NICSLU,24,33296,6928,24.0,5812.0
594,random_circuit_50_1,NICSLU,24,3342,696,24.0,540.0
595,random_circuit_50_2,NICSLU,24,3649,753,24.0,633.0
596,random_circuit_50_3,NICSLU,24,3832,800,24.0,664.0
597,random_circuit_55_1,NICSLU,24,3753,773,24.0,611.0
598,random_circuit_55_2,NICSLU,24,3451,725,24.0,655.0
599,random_circuit_55_3,NICSLU,24,3763,796,24.0,667.0
600,random_circuit_580_1,NICSLU,24,40190,8364,24.0,6957.0
601,random_circuit_580_2,NICSLU,24,37788,7851,24.0,6535.0
602,random_circuit_580_3,NICSLU,24,40748,8504,24.0,7119.0
603,random_circuit_5_1,NICSLU,24,377,79,24.0,101.0
604,random_circuit_5_2,NICSLU,24,256,55,24.0,86.0
605,random_circuit_5_3,NICSLU,24,370,79,24.0,84.0
606,random_circuit_60_1,NICSLU,24,3783,809,24.0,712.0
607,random_circuit_60_2,NICSLU,24,4246,872,24.0,632.0
608,random_circuit_60_3,NICSLU,24,3810,808,24.0,536.0
609,random_circuit_65_1,NICSLU,24,4614,960,24.0,725.0
610,random_circuit_65_2,NICSLU,24,4004,847,24.0,666.0
611,random_circuit_65_3,NICSLU,24,4192,883,24.0,705.0
612,random_circuit_660_1,NICSLU,24,45851,9527,24.0,6698.0
613,random_circuit_660_2,NICSLU,24,45748,9499,24.0,8193.0
614,random_circuit_660_3,NICSLU,24,47759,9897,24.0,7355.0
615,random_circuit_70_1,NICSLU,24,4587,971,24.0,854.0
616,random_circuit_70_2,NICSLU,24,4394,916,24.0,714.0
617,random_circuit_70_3,NICSLU,24,4763,1000,24.0,886.0
618,random_circuit_740_1,NICSLU,24,49762,10344,24.0,8002.0
619,random_circuit_740_2,NICSLU,24,50538,10471,24.0,9851.0
620,random_circuit_740_3,NICSLU,24,51690,10723,24.0,9131.0
621,random_circuit_75_1,NICSLU,24,4172,903,24.0,809.0
622,random_circuit_75_2,NICSLU,24,4962,1048,24.0,803.0
623,random_circuit_75_3,NICSLU,24,5419,1129,24.0,872.0
624,random_circuit_80_1,NICSLU,24,5399,1138,24.0,1018.0
625,random_circuit_80_2,NICSLU,24,6330,1304,24.0,980.0
626,random_circuit_80_3,NICSLU,24,5584,1163,24.0,801.0
627,random_circuit_820_1,NICSLU,24,53782,11223,24.0,8690.0
628,random_circuit_820_2,NICSLU,24,56492,11716,24.0,8990.0
629,random_circuit_820_3,NICSLU,24,54653,11372,24.0,10850.0
630,random_circuit_85_1,NICSLU,24,5618,1183,24.0,1094.0
631,random_circuit_85_2,NICSLU,24,5843,1227,24.0,1163.0
632,random_circuit_85_3,NICSLU,24,5591,1158,24.0,936.0
633,random_circuit_900_1,NICSLU,24,61081,12724,24.0,10499.0
634,random_circuit_900_2,NICSLU,24,61971,12911,24.0,11289.0
635,random_circuit_900_3,NICSLU,24,60912,12706,24.0,11529.0
636,random_circuit_90_1,NICSLU,24,6381,1321,24.0,1159.0
637,random_circuit_90_2,NICSLU,24,6306,1310,24.0,1133.0
638,random_circuit_90_3,NICSLU,24,5437,1166,24.0,985.0
639,random_circuit_95_1,NICSLU,24,7232,1493,24.0,1072.0
640,random_circuit_95_2,NICSLU,24,6796,1411,24.0,1110.0
641,random_circuit_95_3,NICSLU,24,6101,1278,24.0,1028.0
642,random_circuit_980_1,NICSLU,24,64730,13526,24.0,10269.0
643,random_circuit_980_2,NICSLU,24,67606,14055,24.0,13017.0
644,random_circuit_980_3,NICSLU,24,66522,13783,24.0,11750.0
645,random_circuit_100_1,NICSLU,32,6830,1424,32.0,1331.0
646,random_circuit_100_2,NICSLU,32,6862,1415,32.0,1257.0
647,random_circuit_100_3,NICSLU,32,6661,1381,32.0,1058.0
648,random_circuit_1060_1,NICSLU,32,71337,14841,32.0,13964.0
649,random_circuit_1060_2,NICSLU,32,72108,14991,32.0,13326.0
650,random_circuit_1060_3,NICSLU,32,74117,15327,32.0,13827.0
651,random_circuit_10_1,NICSLU,32,424,96,32.0,101.0
652,random_circuit_10_2,NICSLU,32,586,126,32.0,161.0
653,random_circuit_10_3,NICSLU,32,632,135,32.0,148.0
654,random_circuit_1140_1,NICSLU,32,74160,15513,32.0,12882.0
655,random_circuit_1140_2,NICSLU,32,76946,15974,32.0,14919.0
656,random_circuit_1140_3,NICSLU,32,76106,15840,32.0,14332.0
657,random_circuit_1220_1,NICSLU,32,84147,17518,32.0,15148.0
658,random_circuit_1220_2,NICSLU,32,82528,17202,32.0,14324.0
659,random_circuit_1220_3,NICSLU,32,80800,16863,32.0,17545.0
660,random_circuit_1300_1,NICSLU,32,89160,18554,32.0,15323.0
661,random_circuit_1300_2,NICSLU,32,85977,17950,32.0,16875.0
662,random_circuit_1300_3,NICSLU,32,89645,18561,32.0,18162.0
663,random_circuit_1380_1,NICSLU,32,94350,19599,32.0,19123.0
664,random_circuit_1380_2,NICSLU,32,92140,19163,32.0,19345.0
665,random_circuit_1380_3,NICSLU,32,92721,19249,32.0,19444.0
666,random_circuit_1460_1,NICSLU,32,98100,20416,32.0,20003.0
667,random_circuit_1460_2,NICSLU,32,95821,19987,32.0,19214.0
668,random_circuit_1460_3,NICSLU,32,100727,20877,32.0,19379.0
669,random_circuit_1540_1,NICSLU,32,105854,21972,32.0,20130.0
670,random_circuit_1540_2,NICSLU,32,104155,21679,32.0,19237.0
671,random_circuit_1540_3,NICSLU,32,102192,21314,32.0,20433.0
672,random_circuit_15_1,NICSLU,32,1471,301,32.0,300.0
673,random_circuit_15_2,NICSLU,32,1361,280,32.0,245.0
674,random_circuit_15_3,NICSLU,32,1069,226,32.0,245.0
675,random_circuit_1620_1,NICSLU,32,107556,22350,32.0,19994.0
676,random_circuit_1620_2,NICSLU,32,111819,23236,32.0,23127.0
677,random_circuit_1620_3,NICSLU,32,109178,22711,32.0,22154.0
678,random_circuit_1700_1,NICSLU,32,111786,23311,32.0,23389.0
679,random_circuit_1700_2,NICSLU,32,114066,23714,32.0,25617.0
680,random_circuit_1700_3,NICSLU,32,114051,23772,32.0,24718.0
681,random_circuit_1780_1,NICSLU,32,122358,25402,32.0,24117.0
682,random_circuit_1780_2,NICSLU,32,119379,24924,32.0,23236.0
683,random_circuit_1780_3,NICSLU,32,121929,25268,32.0,24421.0
684,random_circuit_180_1,NICSLU,32,11852,2469,32.0,1949.0
685,random_circuit_180_2,NICSLU,32,11385,2401,32.0,2118.0
686,random_circuit_180_3,NICSLU,32,11815,2425,32.0,2093.0
687,random_circuit_1860_1,NICSLU,32,122507,25595,32.0,26038.0
688,random_circuit_1860_2,NICSLU,32,126075,26216,32.0,26110.0
689,random_circuit_1860_3,NICSLU,32,128164,26664,32.0,25727.0
690,random_circuit_1940_1,NICSLU,32,126379,26414,32.0,25828.0
691,random_circuit_1940_2,NICSLU,32,130489,27224,32.0,28364.0
692,random_circuit_1940_3,NICSLU,32,129298,26844,32.0,27359.0
693,random_circuit_20_1,NICSLU,32,1203,256,32.0,267.0
694,random_circuit_20_2,NICSLU,32,1469,313,32.0,262.0
695,random_circuit_20_3,NICSLU,32,1469,304,32.0,290.0
696,random_circuit_25_1,NICSLU,32,1893,387,32.0,372.0
697,random_circuit_25_2,NICSLU,32,1602,338,32.0,304.0
698,random_circuit_25_3,NICSLU,32,1470,301,32.0,265.0
699,random_circuit_260_1,NICSLU,32,16395,3433,32.0,2557.0
700,random_circuit_260_2,NICSLU,32,17848,3721,32.0,2710.0
701,random_circuit_260_3,NICSLU,32,18809,3890,32.0,2615.0
702,random_circuit_30_1,NICSLU,32,1930,415,32.0,373.0
703,random_circuit_30_2,NICSLU,32,2320,487,32.0,334.0
704,random_circuit_30_3,NICSLU,32,2226,457,32.0,370.0
705,random_circuit_340_1,NICSLU,32,22362,4681,32.0,3473.0
706,random_circuit_340_2,NICSLU,32,23121,4816,32.0,3736.0
707,random_circuit_340_3,NICSLU,32,23522,4887,32.0,3578.0
708,random_circuit_35_1,NICSLU,32,2543,523,32.0,526.0
709,random_circuit_35_2,NICSLU,32,2821,581,32.0,493.0
710,random_circuit_35_3,NICSLU,32,2173,446,32.0,395.0
711,random_circuit_40_1,NICSLU,32,2394,515,32.0,481.0
712,random_circuit_40_2,NICSLU,32,2726,578,32.0,428.0
713,random_circuit_40_3,NICSLU,32,2757,582,32.0,508.0
714,random_circuit_420_1,NICSLU,32,29702,6136,32.0,4807.0
715,random_circuit_420_2,NICSLU,32,27363,5697,32.0,4450.0
716,random_circuit_420_3,NICSLU,32,28721,5961,32.0,4517.0
717,random_circuit_45_1,NICSLU,32,3295,679,32.0,592.0
718,random_circuit_45_2,NICSLU,32,3539,725,32.0,640.0
719,random_circuit_45_3,NICSLU,32,3173,643,32.0,587.0
720,random_circuit_500_1,NICSLU,32,33054,6902,32.0,5099.0
721,random_circuit_500_2,NICSLU,32,34286,7153,32.0,5930.0
722,random_circuit_500_3,NICSLU,32,33296,6928,32.0,5735.0
723,random_circuit_50_1,NICSLU,32,3342,696,32.0,567.0
724,random_circuit_50_2,NICSLU,32,3649,753,32.0,652.0
725,random_circuit_50_3,NICSLU,32,3832,800,32.0,591.0
726,random_circuit_55_1,NICSLU,32,3753,773,32.0,582.0
727,random_circuit_55_2,NICSLU,32,3451,725,32.0,669.0
728,random_circuit_55_3,NICSLU,32,3763,796,32.0,762.0
729,random_circuit_580_1,NICSLU,32,40190,8364,32.0,7172.0
730,random_circuit_580_2,NICSLU,32,37788,7851,32.0,6615.0
731,random_circuit_580_3,NICSLU,32,40748,8504,32.0,7146.0
732,random_circuit_5_1,NICSLU,32,377,79,32.0,104.0
733,random_circuit_5_2,NICSLU,32,256,55,32.0,90.0
734,random_circuit_5_3,NICSLU,32,370,79,32.0,88.0
735,random_circuit_60_1,NICSLU,32,3783,809,32.0,815.0
736,random_circuit_60_2,NICSLU,32,4246,872,32.0,808.0
737,random_circuit_60_3,NICSLU,32,3810,808,32.0,664.0
738,random_circuit_65_1,NICSLU,32,4614,960,32.0,811.0
739,random_circuit_65_2,NICSLU,32,4004,847,32.0,620.0
740,random_circuit_65_3,NICSLU,32,4192,883,32.0,696.0
741,random_circuit_660_1,NICSLU,32,45851,9527,32.0,6736.0
742,random_circuit_660_2,NICSLU,32,45748,9499,32.0,8185.0
743,random_circuit_660_3,NICSLU,32,47759,9897,32.0,7294.0
744,random_circuit_70_1,NICSLU,32,4587,971,32.0,752.0
745,random_circuit_70_2,NICSLU,32,4394,916,32.0,757.0
746,random_circuit_70_3,NICSLU,32,4763,1000,32.0,769.0
747,random_circuit_740_1,NICSLU,32,49762,10344,32.0,8041.0
748,random_circuit_740_2,NICSLU,32,50538,10471,32.0,9993.0
749,random_circuit_740_3,NICSLU,32,51690,10723,32.0,9078.0
750,random_circuit_75_1,NICSLU,32,4172,903,32.0,712.0
751,random_circuit_75_2,NICSLU,32,4962,1048,32.0,825.0
752,random_circuit_75_3,NICSLU,32,5419,1129,32.0,923.0
753,random_circuit_80_1,NICSLU,32,5399,1138,32.0,928.0
754,random_circuit_80_2,NICSLU,32,6330,1304,32.0,1008.0
755,random_circuit_80_3,NICSLU,32,5584,1163,32.0,962.0
756,random_circuit_820_1,NICSLU,32,53782,11223,32.0,8773.0
757,random_circuit_820_2,NICSLU,32,56492,11716,32.0,8982.0
758,random_circuit_820_3,NICSLU,32,54653,11372,32.0,10993.0
759,random_circuit_85_1,NICSLU,32,5618,1183,32.0,945.0
760,random_circuit_85_2,NICSLU,32,5843,1227,32.0,978.0
761,random_circuit_85_3,NICSLU,32,5591,1158,32.0,1020.0
762,random_circuit_900_1,NICSLU,32,61081,12724,32.0,11022.0
763,random_circuit_900_2,NICSLU,32,61971,12911,32.0,11299.0
764,random_circuit_900_3,NICSLU,32,60912,12706,32.0,11603.0
765,random_circuit_90_1,NICSLU,32,6381,1321,32.0,1093.0
766,random_circuit_90_2,NICSLU,32,6306,1310,32.0,1230.0
767,random_circuit_90_3,NICSLU,32,5437,1166,32.0,870.0
768,random_circuit_95_1,NICSLU,32,7232,1493,32.0,1138.0
769,random_circuit_95_2,NICSLU,32,6796,1411,32.0,1277.0
770,random_circuit_95_3,NICSLU,32,6101,1278,32.0,1130.0
771,random_circuit_980_1,NICSLU,32,64730,13526,32.0,10331.0
772,random_circuit_980_2,NICSLU,32,67606,14055,32.0,13091.0
773,random_circuit_980_3,NICSLU,32,66522,13783,32.0,12071.0
