index,mtx,algorithmname,threads,nnz,rows,Analyze,Factorization
0,random_circuit_100_1,PARDISO,1,6830,1424,22783.0,535.9
1,random_circuit_100_2,PARDISO,1,6862,1415,17532.0,432.06
2,random_circuit_100_3,PARDISO,1,6661,1381,17548.0,420.7
3,random_circuit_1060_1,PARDISO,1,71337,14841,39650.0,6145.26
4,random_circuit_1060_2,PARDISO,1,72108,14991,39489.0,6262.32
5,random_circuit_1060_3,PARDISO,1,74117,15327,40264.0,6340.1
6,random_circuit_10_1,PARDISO,1,424,96,15408.0,28.98
7,random_circuit_10_2,PARDISO,1,586,126,14356.0,40.28
8,random_circuit_10_3,PARDISO,1,632,135,14817.0,39.62
9,random_circuit_1140_1,PARDISO,1,74160,15513,39612.0,6346.52
10,random_circuit_1140_2,PARDISO,1,76946,15974,42749.0,6839.42
11,random_circuit_1140_3,PARDISO,1,76106,15840,42141.0,6656.76
12,random_circuit_1220_1,PARDISO,1,84147,17518,44193.0,7558.86
13,random_circuit_1220_2,PARDISO,1,82528,17202,43712.0,7371.36
14,random_circuit_1220_3,PARDISO,1,80800,16863,44630.0,7252.98
15,random_circuit_1300_1,PARDISO,1,89160,18554,47418.0,8565.12
16,random_circuit_1300_2,PARDISO,1,85977,17950,46316.0,8073.66
17,random_circuit_1300_3,PARDISO,1,89645,18561,48249.0,8068.8
18,random_circuit_1380_1,PARDISO,1,94350,19599,51342.0,9169.4
19,random_circuit_1380_2,PARDISO,1,92140,19163,49881.0,8863.0
20,random_circuit_1380_3,PARDISO,1,92721,19249,53390.0,9042.62
21,random_circuit_1460_1,PARDISO,1,98100,20416,50688.0,9659.12
22,random_circuit_1460_2,PARDISO,1,95821,19987,51833.0,9359.78
23,random_circuit_1460_3,PARDISO,1,100727,20877,54946.0,10716.6
24,random_circuit_1540_1,PARDISO,1,105854,21972,56977.0,10455.6
25,random_circuit_1540_2,PARDISO,1,104155,21679,55182.0,10363.8
26,random_circuit_1540_3,PARDISO,1,102192,21314,54564.0,10301.9
27,random_circuit_15_1,PARDISO,1,1471,301,15993.0,89.08
28,random_circuit_15_2,PARDISO,1,1361,280,15399.0,82.56
29,random_circuit_15_3,PARDISO,1,1069,226,15263.0,67.32
30,random_circuit_1620_1,PARDISO,1,107556,22350,56006.0,11476.5
31,random_circuit_1620_2,PARDISO,1,111819,23236,57514.0,11603.8
32,random_circuit_1620_3,PARDISO,1,109178,22711,58222.0,11477.2
33,random_circuit_1700_1,PARDISO,1,111786,23311,60894.0,12429.9
34,random_circuit_1700_2,PARDISO,1,114066,23714,64323.0,12634.2
35,random_circuit_1700_3,PARDISO,1,114051,23772,59319.0,11675.2
36,random_circuit_1780_1,PARDISO,1,122358,25402,63948.0,14076.2
37,random_circuit_1780_2,PARDISO,1,119379,24924,62565.0,12426.5
38,random_circuit_1780_3,PARDISO,1,121929,25268,61856.0,13340.0
39,random_circuit_180_1,PARDISO,1,11852,2469,18509.0,761.06
40,random_circuit_180_2,PARDISO,1,11385,2401,18604.0,720.74
41,random_circuit_180_3,PARDISO,1,11815,2425,18622.0,755.46
42,random_circuit_1860_1,PARDISO,1,122507,25595,66520.0,13626.8
43,random_circuit_1860_2,PARDISO,1,126075,26216,63800.0,14175.8
44,random_circuit_1860_3,PARDISO,1,128164,26664,69599.0,14749.7
45,random_circuit_1940_1,PARDISO,1,126379,26414,62589.0,14275.0
46,random_circuit_1940_2,PARDISO,1,130489,27224,66738.0,15106.5
47,random_circuit_1940_3,PARDISO,1,129298,26844,68139.0,14776.0
48,random_circuit_20_1,PARDISO,1,1203,256,16551.0,76.28
49,random_circuit_20_2,PARDISO,1,1469,313,15074.0,92.24
50,random_circuit_20_3,PARDISO,1,1469,304,14986.0,93.28
51,random_circuit_25_1,PARDISO,1,1893,387,15215.0,115.98
52,random_circuit_25_2,PARDISO,1,1602,338,15335.0,101.6
53,random_circuit_25_3,PARDISO,1,1470,301,14898.0,89.46
54,random_circuit_260_1,PARDISO,1,16395,3433,19499.0,1128.4
55,random_circuit_260_2,PARDISO,1,17848,3721,20058.0,1176.72
56,random_circuit_260_3,PARDISO,1,18809,3890,20151.0,1240.74
57,random_circuit_30_1,PARDISO,1,1930,415,15447.0,123.88
58,random_circuit_30_2,PARDISO,1,2320,487,14846.0,144.56
59,random_circuit_30_3,PARDISO,1,2226,457,15196.0,136.06
60,random_circuit_340_1,PARDISO,1,22362,4681,21069.0,1518.72
61,random_circuit_340_2,PARDISO,1,23121,4816,21250.0,1597.98
62,random_circuit_340_3,PARDISO,1,23522,4887,21208.0,1651.12
63,random_circuit_35_1,PARDISO,1,2543,523,16273.0,157.2
64,random_circuit_35_2,PARDISO,1,2821,581,16163.0,175.86
65,random_circuit_35_3,PARDISO,1,2173,446,15464.0,136.9
66,random_circuit_40_1,PARDISO,1,2394,515,15912.0,157.48
67,random_circuit_40_2,PARDISO,1,2726,578,15406.0,173.08
68,random_circuit_40_3,PARDISO,1,2757,582,15952.0,177.22
69,random_circuit_420_1,PARDISO,1,29702,6136,24332.0,2060.16
70,random_circuit_420_2,PARDISO,1,27363,5697,23167.0,1885.44
71,random_circuit_420_3,PARDISO,1,28721,5961,24095.0,1964.4
72,random_circuit_45_1,PARDISO,1,3295,679,15591.0,205.96
73,random_circuit_45_2,PARDISO,1,3539,725,15384.0,216.42
74,random_circuit_45_3,PARDISO,1,3173,643,15509.0,195.48
75,random_circuit_500_1,PARDISO,1,33054,6902,25206.0,2394.36
76,random_circuit_500_2,PARDISO,1,34286,7153,30195.0,2647.72
77,random_circuit_500_3,PARDISO,1,33296,6928,25832.0,2447.26
78,random_circuit_50_1,PARDISO,1,3342,696,16311.0,212.34
79,random_circuit_50_2,PARDISO,1,3649,753,15782.0,226.12
80,random_circuit_50_3,PARDISO,1,3832,800,16260.0,243.82
81,random_circuit_55_1,PARDISO,1,3753,773,17242.0,235.56
82,random_circuit_55_2,PARDISO,1,3451,725,15709.0,219.42
83,random_circuit_55_3,PARDISO,1,3763,796,16166.0,241.6
84,random_circuit_580_1,PARDISO,1,40190,8364,27232.0,2935.6
85,random_circuit_580_2,PARDISO,1,37788,7851,26892.0,2793.94
86,random_circuit_580_3,PARDISO,1,40748,8504,28685.0,2943.0
87,random_circuit_5_1,PARDISO,1,377,79,15241.0,22.94
88,random_circuit_5_2,PARDISO,1,256,55,13897.0,16.48
89,random_circuit_5_3,PARDISO,1,370,79,13654.0,23.58
90,random_circuit_60_1,PARDISO,1,3783,809,14545.0,250.34
91,random_circuit_60_2,PARDISO,1,4246,872,15631.0,261.82
92,random_circuit_60_3,PARDISO,1,3810,808,16058.0,245.22
93,random_circuit_65_1,PARDISO,1,4614,960,16449.0,289.14
94,random_circuit_65_2,PARDISO,1,4004,847,16469.0,259.0
95,random_circuit_65_3,PARDISO,1,4192,883,16236.0,266.86
96,random_circuit_660_1,PARDISO,1,45851,9527,29870.0,3456.74
97,random_circuit_660_2,PARDISO,1,45748,9499,29608.0,3530.94
98,random_circuit_660_3,PARDISO,1,47759,9897,29919.0,3559.64
99,random_circuit_70_1,PARDISO,1,4587,971,16351.0,296.52
100,random_circuit_70_2,PARDISO,1,4394,916,16345.0,282.02
101,random_circuit_70_3,PARDISO,1,4763,1000,16144.0,301.5
102,random_circuit_740_1,PARDISO,1,49762,10344,31098.0,3909.08
103,random_circuit_740_2,PARDISO,1,50538,10471,30826.0,3866.04
104,random_circuit_740_3,PARDISO,1,51690,10723,30295.0,3975.0
105,random_circuit_75_1,PARDISO,1,4172,903,16254.0,279.46
106,random_circuit_75_2,PARDISO,1,4962,1048,16236.0,323.08
107,random_circuit_75_3,PARDISO,1,5419,1129,17160.0,347.64
108,random_circuit_80_1,PARDISO,1,5399,1138,17054.0,359.74
109,random_circuit_80_2,PARDISO,1,6330,1304,16921.0,410.36
110,random_circuit_80_3,PARDISO,1,5584,1163,16968.0,356.24
111,random_circuit_820_1,PARDISO,1,53782,11223,33301.0,4311.58
112,random_circuit_820_2,PARDISO,1,56492,11716,31927.0,4427.64
113,random_circuit_820_3,PARDISO,1,54653,11372,32736.0,4538.34
114,random_circuit_85_1,PARDISO,1,5618,1183,16392.0,379.68
115,random_circuit_85_2,PARDISO,1,5843,1227,16090.0,381.64
116,random_circuit_85_3,PARDISO,1,5591,1158,16920.0,360.98
117,random_circuit_900_1,PARDISO,1,61081,12724,36164.0,5101.26
118,random_circuit_900_2,PARDISO,1,61971,12911,35746.0,4865.84
119,random_circuit_900_3,PARDISO,1,60912,12706,34565.0,5095.02
120,random_circuit_90_1,PARDISO,1,6381,1321,16951.0,408.5
121,random_circuit_90_2,PARDISO,1,6306,1310,17124.0,404.98
122,random_circuit_90_3,PARDISO,1,5437,1166,16978.0,364.84
123,random_circuit_95_1,PARDISO,1,7232,1493,17034.0,456.86
124,random_circuit_95_2,PARDISO,1,6796,1411,16946.0,436.02
125,random_circuit_95_3,PARDISO,1,6101,1278,17527.0,401.3
126,random_circuit_980_1,PARDISO,1,64730,13526,37597.0,5302.54
127,random_circuit_980_2,PARDISO,1,67606,14055,37460.0,5629.58
128,random_circuit_980_3,PARDISO,1,66522,13783,38734.0,5625.74
129,random_circuit_100_1,PARDISO,2,6830,1424,17505.0,512.02
130,random_circuit_100_2,PARDISO,2,6862,1415,17118.0,548.96
131,random_circuit_100_3,PARDISO,2,6661,1381,17144.0,518.5
132,random_circuit_1060_1,PARDISO,2,71337,14841,42426.0,6200.02
133,random_circuit_1060_2,PARDISO,2,72108,14991,42634.0,6235.74
134,random_circuit_1060_3,PARDISO,2,74117,15327,41857.0,6645.3
135,random_circuit_10_1,PARDISO,2,424,96,16281.0,47.9
136,random_circuit_10_2,PARDISO,2,586,126,15820.0,57.02
137,random_circuit_10_3,PARDISO,2,632,135,15228.0,63.98
138,random_circuit_1140_1,PARDISO,2,74160,15513,43168.0,6693.5
139,random_circuit_1140_2,PARDISO,2,76946,15974,45988.0,6969.96
140,random_circuit_1140_3,PARDISO,2,76106,15840,45267.0,7090.8
141,random_circuit_1220_1,PARDISO,2,84147,17518,47659.0,7309.42
142,random_circuit_1220_2,PARDISO,2,82528,17202,46534.0,7721.68
143,random_circuit_1220_3,PARDISO,2,80800,16863,47256.0,7613.06
144,random_circuit_1300_1,PARDISO,2,89160,18554,50995.0,8197.92
145,random_circuit_1300_2,PARDISO,2,85977,17950,50886.0,8095.52
146,random_circuit_1300_3,PARDISO,2,89645,18561,52285.0,7963.78
147,random_circuit_1380_1,PARDISO,2,94350,19599,55684.0,9084.4
148,random_circuit_1380_2,PARDISO,2,92140,19163,54035.0,9146.72
149,random_circuit_1380_3,PARDISO,2,92721,19249,55753.0,9488.6
150,random_circuit_1460_1,PARDISO,2,98100,20416,59504.0,9510.1
151,random_circuit_1460_2,PARDISO,2,95821,19987,55688.0,9423.78
152,random_circuit_1460_3,PARDISO,2,100727,20877,58468.0,10686.7
153,random_circuit_1540_1,PARDISO,2,105854,21972,60940.0,9879.02
154,random_circuit_1540_2,PARDISO,2,104155,21679,58786.0,10210.1
155,random_circuit_1540_3,PARDISO,2,102192,21314,57448.0,9864.6
156,random_circuit_15_1,PARDISO,2,1471,301,16251.0,117.74
157,random_circuit_15_2,PARDISO,2,1361,280,14503.0,108.46
158,random_circuit_15_3,PARDISO,2,1069,226,14069.0,93.32
159,random_circuit_1620_1,PARDISO,2,107556,22350,59575.0,10541.9
160,random_circuit_1620_2,PARDISO,2,111819,23236,61577.0,10944.3
161,random_circuit_1620_3,PARDISO,2,109178,22711,68745.0,10861.3
162,random_circuit_1700_1,PARDISO,2,111786,23311,65859.0,11233.8
163,random_circuit_1700_2,PARDISO,2,114066,23714,67888.0,12168.2
164,random_circuit_1700_3,PARDISO,2,114051,23772,64361.0,11229.8
165,random_circuit_1780_1,PARDISO,2,122358,25402,67323.0,13377.9
166,random_circuit_1780_2,PARDISO,2,119379,24924,66103.0,11641.0
167,random_circuit_1780_3,PARDISO,2,121929,25268,66949.0,12541.5
168,random_circuit_180_1,PARDISO,2,11852,2469,18975.0,957.6
169,random_circuit_180_2,PARDISO,2,11385,2401,18908.0,918.3
170,random_circuit_180_3,PARDISO,2,11815,2425,19231.0,957.6
171,random_circuit_1860_1,PARDISO,2,122507,25595,70863.0,12734.3
172,random_circuit_1860_2,PARDISO,2,126075,26216,70204.0,12596.2
173,random_circuit_1860_3,PARDISO,2,128164,26664,69488.0,13480.6
174,random_circuit_1940_1,PARDISO,2,126379,26414,67415.0,13080.8
175,random_circuit_1940_2,PARDISO,2,130489,27224,71161.0,13556.6
176,random_circuit_1940_3,PARDISO,2,129298,26844,72215.0,13131.4
177,random_circuit_20_1,PARDISO,2,1203,256,16658.0,106.5
178,random_circuit_20_2,PARDISO,2,1469,313,16146.0,120.24
179,random_circuit_20_3,PARDISO,2,1469,304,15608.0,119.34
180,random_circuit_25_1,PARDISO,2,1893,387,23404.0,167.6
181,random_circuit_25_2,PARDISO,2,1602,338,15483.0,137.22
182,random_circuit_25_3,PARDISO,2,1470,301,15728.0,129.08
183,random_circuit_260_1,PARDISO,2,16395,3433,19968.0,1393.52
184,random_circuit_260_2,PARDISO,2,17848,3721,20583.0,1361.0
185,random_circuit_260_3,PARDISO,2,18809,3890,20396.0,1521.24
186,random_circuit_30_1,PARDISO,2,1930,415,16151.0,155.8
187,random_circuit_30_2,PARDISO,2,2320,487,15164.0,182.72
188,random_circuit_30_3,PARDISO,2,2226,457,15290.0,167.9
189,random_circuit_340_1,PARDISO,2,22362,4681,22431.0,1765.28
190,random_circuit_340_2,PARDISO,2,23121,4816,22199.0,1850.98
191,random_circuit_340_3,PARDISO,2,23522,4887,22967.0,1881.42
192,random_circuit_35_1,PARDISO,2,2543,523,16399.0,196.2
193,random_circuit_35_2,PARDISO,2,2821,581,15576.0,214.5
194,random_circuit_35_3,PARDISO,2,2173,446,15055.0,177.8
195,random_circuit_40_1,PARDISO,2,2394,515,15553.0,205.34
196,random_circuit_40_2,PARDISO,2,2726,578,16266.0,220.68
197,random_circuit_40_3,PARDISO,2,2757,582,15670.0,234.18
198,random_circuit_420_1,PARDISO,2,29702,6136,25470.0,2434.22
199,random_circuit_420_2,PARDISO,2,27363,5697,24318.0,2166.96
200,random_circuit_420_3,PARDISO,2,28721,5961,24984.0,2202.6
201,random_circuit_45_1,PARDISO,2,3295,679,16522.0,249.78
202,random_circuit_45_2,PARDISO,2,3539,725,16148.0,245.58
203,random_circuit_45_3,PARDISO,2,3173,643,15209.0,272.0
204,random_circuit_500_1,PARDISO,2,33054,6902,25791.0,2756.6
205,random_circuit_500_2,PARDISO,2,34286,7153,27195.0,2815.92
206,random_circuit_500_3,PARDISO,2,33296,6928,27360.0,2776.24
207,random_circuit_50_1,PARDISO,2,3342,696,16324.0,251.08
208,random_circuit_50_2,PARDISO,2,3649,753,15378.0,277.98
209,random_circuit_50_3,PARDISO,2,3832,800,15405.0,309.92
210,random_circuit_55_1,PARDISO,2,3753,773,16342.0,277.96
211,random_circuit_55_2,PARDISO,2,3451,725,16466.0,268.2
212,random_circuit_55_3,PARDISO,2,3763,796,16380.0,300.16
213,random_circuit_580_1,PARDISO,2,40190,8364,29424.0,3369.38
214,random_circuit_580_2,PARDISO,2,37788,7851,27881.0,3143.66
215,random_circuit_580_3,PARDISO,2,40748,8504,29400.0,3219.48
216,random_circuit_5_1,PARDISO,2,377,79,15722.0,38.68
217,random_circuit_5_2,PARDISO,2,256,55,14908.0,29.12
218,random_circuit_5_3,PARDISO,2,370,79,14554.0,37.06
219,random_circuit_60_1,PARDISO,2,3783,809,15507.0,297.28
220,random_circuit_60_2,PARDISO,2,4246,872,16544.0,332.42
221,random_circuit_60_3,PARDISO,2,3810,808,16413.0,305.12
222,random_circuit_65_1,PARDISO,2,4614,960,16900.0,350.58
223,random_circuit_65_2,PARDISO,2,4004,847,16632.0,328.88
224,random_circuit_65_3,PARDISO,2,4192,883,16498.0,332.84
225,random_circuit_660_1,PARDISO,2,45851,9527,30766.0,3804.66
226,random_circuit_660_2,PARDISO,2,45748,9499,30779.0,3841.88
227,random_circuit_660_3,PARDISO,2,47759,9897,31641.0,3861.7
228,random_circuit_70_1,PARDISO,2,4587,971,16104.0,375.04
229,random_circuit_70_2,PARDISO,2,4394,916,16408.0,334.92
230,random_circuit_70_3,PARDISO,2,4763,1000,16272.0,367.4
231,random_circuit_740_1,PARDISO,2,49762,10344,32404.0,4231.78
232,random_circuit_740_2,PARDISO,2,50538,10471,33218.0,4198.96
233,random_circuit_740_3,PARDISO,2,51690,10723,39244.0,4569.26
234,random_circuit_75_1,PARDISO,2,4172,903,17392.0,353.34
235,random_circuit_75_2,PARDISO,2,4962,1048,16856.0,372.8
236,random_circuit_75_3,PARDISO,2,5419,1129,16204.0,408.0
237,random_circuit_80_1,PARDISO,2,5399,1138,16762.0,431.42
238,random_circuit_80_2,PARDISO,2,6330,1304,16380.0,493.78
239,random_circuit_80_3,PARDISO,2,5584,1163,16715.0,443.3
240,random_circuit_820_1,PARDISO,2,53782,11223,35152.0,4628.28
241,random_circuit_820_2,PARDISO,2,56492,11716,33565.0,4716.24
242,random_circuit_820_3,PARDISO,2,54653,11372,35957.0,4977.98
243,random_circuit_85_1,PARDISO,2,5618,1183,17567.0,422.38
244,random_circuit_85_2,PARDISO,2,5843,1227,16478.0,459.44
245,random_circuit_85_3,PARDISO,2,5591,1158,17123.0,419.0
246,random_circuit_900_1,PARDISO,2,61081,12724,38307.0,5472.72
247,random_circuit_900_2,PARDISO,2,61971,12911,37364.0,5357.36
248,random_circuit_900_3,PARDISO,2,60912,12706,37566.0,5067.88
249,random_circuit_90_1,PARDISO,2,6381,1321,16482.0,486.94
250,random_circuit_90_2,PARDISO,2,6306,1310,17192.0,482.04
251,random_circuit_90_3,PARDISO,2,5437,1166,16599.0,435.22
252,random_circuit_95_1,PARDISO,2,7232,1493,17799.0,552.46
253,random_circuit_95_2,PARDISO,2,6796,1411,17509.0,530.76
254,random_circuit_95_3,PARDISO,2,6101,1278,16669.0,484.0
255,random_circuit_980_1,PARDISO,2,64730,13526,39784.0,5712.62
256,random_circuit_980_2,PARDISO,2,67606,14055,39849.0,6023.0
257,random_circuit_980_3,PARDISO,2,66522,13783,41691.0,5998.48
258,random_circuit_100_1,PARDISO,4,6830,1424,17037.0,343.16
259,random_circuit_100_2,PARDISO,4,6862,1415,17495.0,339.98
260,random_circuit_100_3,PARDISO,4,6661,1381,17539.0,325.28
261,random_circuit_1060_1,PARDISO,4,71337,14841,44432.0,4205.04
262,random_circuit_1060_2,PARDISO,4,72108,14991,42094.0,4282.94
263,random_circuit_1060_3,PARDISO,4,74117,15327,42534.0,4431.58
264,random_circuit_10_1,PARDISO,4,424,96,17038.0,34.9
265,random_circuit_10_2,PARDISO,4,586,126,15742.0,45.94
266,random_circuit_10_3,PARDISO,4,632,135,15013.0,45.22
267,random_circuit_1140_1,PARDISO,4,74160,15513,43443.0,4360.94
268,random_circuit_1140_2,PARDISO,4,76946,15974,45987.0,4773.58
269,random_circuit_1140_3,PARDISO,4,76106,15840,46266.0,4675.28
270,random_circuit_1220_1,PARDISO,4,84147,17518,47637.0,5040.46
271,random_circuit_1220_2,PARDISO,4,82528,17202,47054.0,5054.12
272,random_circuit_1220_3,PARDISO,4,80800,16863,47492.0,5022.86
273,random_circuit_1300_1,PARDISO,4,89160,18554,50436.0,5784.54
274,random_circuit_1300_2,PARDISO,4,85977,17950,48937.0,5362.3
275,random_circuit_1300_3,PARDISO,4,89645,18561,53080.0,5413.9
276,random_circuit_1380_1,PARDISO,4,94350,19599,55374.0,6518.04
277,random_circuit_1380_2,PARDISO,4,92140,19163,53510.0,6084.92
278,random_circuit_1380_3,PARDISO,4,92721,19249,56097.0,6520.94
279,random_circuit_1460_1,PARDISO,4,98100,20416,56288.0,6593.16
280,random_circuit_1460_2,PARDISO,4,95821,19987,57449.0,6717.36
281,random_circuit_1460_3,PARDISO,4,100727,20877,58087.0,7164.44
282,random_circuit_1540_1,PARDISO,4,105854,21972,60486.0,7093.38
283,random_circuit_1540_2,PARDISO,4,104155,21679,59793.0,6923.62
284,random_circuit_1540_3,PARDISO,4,102192,21314,57940.0,6624.62
285,random_circuit_15_1,PARDISO,4,1471,301,16190.0,88.64
286,random_circuit_15_2,PARDISO,4,1361,280,15321.0,83.02
287,random_circuit_15_3,PARDISO,4,1069,226,14277.0,69.42
288,random_circuit_1620_1,PARDISO,4,107556,22350,60444.0,7723.62
289,random_circuit_1620_2,PARDISO,4,111819,23236,61460.0,7819.66
290,random_circuit_1620_3,PARDISO,4,109178,22711,62199.0,7484.7
291,random_circuit_1700_1,PARDISO,4,111786,23311,66370.0,7980.92
292,random_circuit_1700_2,PARDISO,4,114066,23714,68979.0,8330.12
293,random_circuit_1700_3,PARDISO,4,114051,23772,65563.0,7752.36
294,random_circuit_1780_1,PARDISO,4,122358,25402,68816.0,8472.7
295,random_circuit_1780_2,PARDISO,4,119379,24924,68458.0,7961.5
296,random_circuit_1780_3,PARDISO,4,121929,25268,67691.0,9038.56
297,random_circuit_180_1,PARDISO,4,11852,2469,18994.0,606.06
298,random_circuit_180_2,PARDISO,4,11385,2401,19083.0,573.9
299,random_circuit_180_3,PARDISO,4,11815,2425,18952.0,603.84
300,random_circuit_1860_1,PARDISO,4,122507,25595,74503.0,9210.92
301,random_circuit_1860_2,PARDISO,4,126075,26216,69248.0,8903.94
302,random_circuit_1860_3,PARDISO,4,128164,26664,70175.0,9741.22
303,random_circuit_1940_1,PARDISO,4,126379,26414,67607.0,8793.42
304,random_circuit_1940_2,PARDISO,4,130489,27224,70882.0,10049.0
305,random_circuit_1940_3,PARDISO,4,129298,26844,72066.0,9551.84
306,random_circuit_20_1,PARDISO,4,1203,256,15670.0,74.74
307,random_circuit_20_2,PARDISO,4,1469,313,15597.0,89.94
308,random_circuit_20_3,PARDISO,4,1469,304,15580.0,88.64
309,random_circuit_25_1,PARDISO,4,1893,387,15513.0,111.06
310,random_circuit_25_2,PARDISO,4,1602,338,15258.0,95.92
311,random_circuit_25_3,PARDISO,4,1470,301,14560.0,89.84
312,random_circuit_260_1,PARDISO,4,16395,3433,18782.0,903.34
313,random_circuit_260_2,PARDISO,4,17848,3721,19868.0,932.08
314,random_circuit_260_3,PARDISO,4,18809,3890,20322.0,995.46
315,random_circuit_30_1,PARDISO,4,1930,415,17034.0,117.88
316,random_circuit_30_2,PARDISO,4,2320,487,16221.0,136.82
317,random_circuit_30_3,PARDISO,4,2226,457,16217.0,123.18
318,random_circuit_340_1,PARDISO,4,22362,4681,39768.0,1160.98
319,random_circuit_340_2,PARDISO,4,23121,4816,22118.0,1231.3
320,random_circuit_340_3,PARDISO,4,23522,4887,21926.0,1226.48
321,random_circuit_35_1,PARDISO,4,2543,523,15860.0,141.36
322,random_circuit_35_2,PARDISO,4,2821,581,14460.0,153.24
323,random_circuit_35_3,PARDISO,4,2173,446,14195.0,126.16
324,random_circuit_40_1,PARDISO,4,2394,515,14338.0,143.94
325,random_circuit_40_2,PARDISO,4,2726,578,14683.0,151.16
326,random_circuit_40_3,PARDISO,4,2757,582,14698.0,149.18
327,random_circuit_420_1,PARDISO,4,29702,6136,24420.0,1544.36
328,random_circuit_420_2,PARDISO,4,27363,5697,24623.0,1391.54
329,random_circuit_420_3,PARDISO,4,28721,5961,25515.0,1444.64
330,random_circuit_45_1,PARDISO,4,3295,679,16158.0,171.36
331,random_circuit_45_2,PARDISO,4,3539,725,15579.0,177.2
332,random_circuit_45_3,PARDISO,4,3173,643,15755.0,171.18
333,random_circuit_500_1,PARDISO,4,33054,6902,25850.0,1762.14
334,random_circuit_500_2,PARDISO,4,34286,7153,27937.0,1775.72
335,random_circuit_500_3,PARDISO,4,33296,6928,27359.0,1812.58
336,random_circuit_50_1,PARDISO,4,3342,696,16280.0,179.94
337,random_circuit_50_2,PARDISO,4,3649,753,15929.0,185.46
338,random_circuit_50_3,PARDISO,4,3832,800,15385.0,202.4
339,random_circuit_55_1,PARDISO,4,3753,773,15889.0,196.68
340,random_circuit_55_2,PARDISO,4,3451,725,16241.0,178.72
341,random_circuit_55_3,PARDISO,4,3763,796,16076.0,202.84
342,random_circuit_580_1,PARDISO,4,40190,8364,28271.0,2098.86
343,random_circuit_580_2,PARDISO,4,37788,7851,28666.0,1995.4
344,random_circuit_580_3,PARDISO,4,40748,8504,29358.0,2069.18
345,random_circuit_5_1,PARDISO,4,377,79,15730.0,31.0
346,random_circuit_5_2,PARDISO,4,256,55,14868.0,25.08
347,random_circuit_5_3,PARDISO,4,370,79,14915.0,31.36
348,random_circuit_60_1,PARDISO,4,3783,809,15686.0,197.38
349,random_circuit_60_2,PARDISO,4,4246,872,15748.0,213.88
350,random_circuit_60_3,PARDISO,4,3810,808,16331.0,199.08
351,random_circuit_65_1,PARDISO,4,4614,960,15895.0,233.32
352,random_circuit_65_2,PARDISO,4,4004,847,15104.0,210.94
353,random_circuit_65_3,PARDISO,4,4192,883,15434.0,216.42
354,random_circuit_660_1,PARDISO,4,45851,9527,31115.0,2539.46
355,random_circuit_660_2,PARDISO,4,45748,9499,30658.0,2530.1
356,random_circuit_660_3,PARDISO,4,47759,9897,31890.0,2438.22
357,random_circuit_70_1,PARDISO,4,4587,971,17171.0,229.74
358,random_circuit_70_2,PARDISO,4,4394,916,16021.0,227.3
359,random_circuit_70_3,PARDISO,4,4763,1000,16503.0,235.58
360,random_circuit_740_1,PARDISO,4,49762,10344,33724.0,2752.34
361,random_circuit_740_2,PARDISO,4,50538,10471,31828.0,2735.8
362,random_circuit_740_3,PARDISO,4,51690,10723,33445.0,2867.26
363,random_circuit_75_1,PARDISO,4,4172,903,16963.0,234.64
364,random_circuit_75_2,PARDISO,4,4962,1048,17216.0,253.34
365,random_circuit_75_3,PARDISO,4,5419,1129,16592.0,278.14
366,random_circuit_80_1,PARDISO,4,5399,1138,16242.0,281.18
367,random_circuit_80_2,PARDISO,4,6330,1304,16932.0,321.92
368,random_circuit_80_3,PARDISO,4,5584,1163,16515.0,285.26
369,random_circuit_820_1,PARDISO,4,53782,11223,35197.0,3182.62
370,random_circuit_820_2,PARDISO,4,56492,11716,35149.0,3105.86
371,random_circuit_820_3,PARDISO,4,54653,11372,36374.0,3294.5
372,random_circuit_85_1,PARDISO,4,5618,1183,20259.0,302.72
373,random_circuit_85_2,PARDISO,4,5843,1227,18255.0,292.68
374,random_circuit_85_3,PARDISO,4,5591,1158,36327.0,285.46
375,random_circuit_900_1,PARDISO,4,61081,12724,54927.0,3837.54
376,random_circuit_900_2,PARDISO,4,61971,12911,38094.0,3347.6
377,random_circuit_900_3,PARDISO,4,60912,12706,37434.0,3569.64
378,random_circuit_90_1,PARDISO,4,6381,1321,17436.0,318.98
379,random_circuit_90_2,PARDISO,4,6306,1310,16814.0,303.32
380,random_circuit_90_3,PARDISO,4,5437,1166,16183.0,280.62
381,random_circuit_95_1,PARDISO,4,7232,1493,17601.0,371.08
382,random_circuit_95_2,PARDISO,4,6796,1411,16497.0,331.0
383,random_circuit_95_3,PARDISO,4,6101,1278,16552.0,310.18
384,random_circuit_980_1,PARDISO,4,64730,13526,40997.0,3676.88
385,random_circuit_980_2,PARDISO,4,67606,14055,39929.0,3916.9
386,random_circuit_980_3,PARDISO,4,66522,13783,41011.0,3986.86
387,random_circuit_100_1,PARDISO,8,6830,1424,18274.0,245.64
388,random_circuit_100_2,PARDISO,8,6862,1415,17735.0,248.2
389,random_circuit_100_3,PARDISO,8,6661,1381,17116.0,247.84
390,random_circuit_1060_1,PARDISO,8,71337,14841,44295.0,3164.22
391,random_circuit_1060_2,PARDISO,8,72108,14991,43294.0,3336.26
392,random_circuit_1060_3,PARDISO,8,74117,15327,43296.0,3309.62
393,random_circuit_10_1,PARDISO,8,424,96,15619.0,30.7
394,random_circuit_10_2,PARDISO,8,586,126,15225.0,37.56
395,random_circuit_10_3,PARDISO,8,632,135,15214.0,39.82
396,random_circuit_1140_1,PARDISO,8,74160,15513,44535.0,3301.16
397,random_circuit_1140_2,PARDISO,8,76946,15974,47675.0,3691.68
398,random_circuit_1140_3,PARDISO,8,76106,15840,46618.0,3630.66
399,random_circuit_1220_1,PARDISO,8,84147,17518,49293.0,3898.26
400,random_circuit_1220_2,PARDISO,8,82528,17202,49147.0,3902.28
401,random_circuit_1220_3,PARDISO,8,80800,16863,47763.0,3890.62
402,random_circuit_1300_1,PARDISO,8,89160,18554,51967.0,4572.0
403,random_circuit_1300_2,PARDISO,8,85977,17950,50294.0,4238.92
404,random_circuit_1300_3,PARDISO,8,89645,18561,54486.0,4332.96
405,random_circuit_1380_1,PARDISO,8,94350,19599,57524.0,4877.58
406,random_circuit_1380_2,PARDISO,8,92140,19163,54851.0,4779.56
407,random_circuit_1380_3,PARDISO,8,92721,19249,55793.0,4911.02
408,random_circuit_1460_1,PARDISO,8,98100,20416,55631.0,5248.9
409,random_circuit_1460_2,PARDISO,8,95821,19987,56470.0,5028.42
410,random_circuit_1460_3,PARDISO,8,100727,20877,59301.0,5777.6
411,random_circuit_1540_1,PARDISO,8,105854,21972,64607.0,5614.28
412,random_circuit_1540_2,PARDISO,8,104155,21679,60890.0,5445.58
413,random_circuit_1540_3,PARDISO,8,102192,21314,59592.0,5309.02
414,random_circuit_15_1,PARDISO,8,1471,301,16058.0,63.2
415,random_circuit_15_2,PARDISO,8,1361,280,15482.0,62.14
416,random_circuit_15_3,PARDISO,8,1069,226,14943.0,53.46
417,random_circuit_1620_1,PARDISO,8,107556,22350,62504.0,6078.18
418,random_circuit_1620_2,PARDISO,8,111819,23236,65412.0,6083.42
419,random_circuit_1620_3,PARDISO,8,109178,22711,65339.0,6016.5
420,random_circuit_1700_1,PARDISO,8,111786,23311,68910.0,6543.7
421,random_circuit_1700_2,PARDISO,8,114066,23714,72208.0,6579.74
422,random_circuit_1700_3,PARDISO,8,114051,23772,67474.0,6022.6
423,random_circuit_1780_1,PARDISO,8,122358,25402,68813.0,6971.42
424,random_circuit_1780_2,PARDISO,8,119379,24924,68040.0,6147.0
425,random_circuit_1780_3,PARDISO,8,121929,25268,67916.0,7014.8
426,random_circuit_180_1,PARDISO,8,11852,2469,19426.0,414.4
427,random_circuit_180_2,PARDISO,8,11385,2401,18422.0,387.24
428,random_circuit_180_3,PARDISO,8,11815,2425,19196.0,422.14
429,random_circuit_1860_1,PARDISO,8,122507,25595,74236.0,7182.5
430,random_circuit_1860_2,PARDISO,8,126075,26216,69826.0,7279.8
431,random_circuit_1860_3,PARDISO,8,128164,26664,74040.0,7623.32
432,random_circuit_1940_1,PARDISO,8,126379,26414,69768.0,7328.8
433,random_circuit_1940_2,PARDISO,8,130489,27224,73784.0,7769.16
434,random_circuit_1940_3,PARDISO,8,129298,26844,76171.0,7787.74
435,random_circuit_20_1,PARDISO,8,1203,256,15984.0,57.16
436,random_circuit_20_2,PARDISO,8,1469,313,15739.0,66.24
437,random_circuit_20_3,PARDISO,8,1469,304,15869.0,69.02
438,random_circuit_25_1,PARDISO,8,1893,387,15055.0,82.04
439,random_circuit_25_2,PARDISO,8,1602,338,15355.0,74.12
440,random_circuit_25_3,PARDISO,8,1470,301,14892.0,65.38
441,random_circuit_260_1,PARDISO,8,16395,3433,18639.0,655.36
442,random_circuit_260_2,PARDISO,8,17848,3721,20209.0,658.44
443,random_circuit_260_3,PARDISO,8,18809,3890,21080.0,717.26
444,random_circuit_30_1,PARDISO,8,1930,415,16379.0,84.94
445,random_circuit_30_2,PARDISO,8,2320,487,15852.0,96.8
446,random_circuit_30_3,PARDISO,8,2226,457,15334.0,93.24
447,random_circuit_340_1,PARDISO,8,22362,4681,21666.0,819.26
448,random_circuit_340_2,PARDISO,8,23121,4816,22109.0,894.74
449,random_circuit_340_3,PARDISO,8,23522,4887,23017.0,879.36
450,random_circuit_35_1,PARDISO,8,2543,523,16806.0,102.0
451,random_circuit_35_2,PARDISO,8,2821,581,16097.0,108.9
452,random_circuit_35_3,PARDISO,8,2173,446,15252.0,93.96
453,random_circuit_40_1,PARDISO,8,2394,515,15650.0,106.56
454,random_circuit_40_2,PARDISO,8,2726,578,15338.0,108.8
455,random_circuit_40_3,PARDISO,8,2757,582,15149.0,110.24
456,random_circuit_420_1,PARDISO,8,29702,6136,25231.0,1148.94
457,random_circuit_420_2,PARDISO,8,27363,5697,23916.0,1051.92
458,random_circuit_420_3,PARDISO,8,28721,5961,24947.0,1038.64
459,random_circuit_45_1,PARDISO,8,3295,679,15948.0,129.4
460,random_circuit_45_2,PARDISO,8,3539,725,15247.0,136.52
461,random_circuit_45_3,PARDISO,8,3173,643,15632.0,127.3
462,random_circuit_500_1,PARDISO,8,33054,6902,26085.0,1334.98
463,random_circuit_500_2,PARDISO,8,34286,7153,27126.0,1299.76
464,random_circuit_500_3,PARDISO,8,33296,6928,26883.0,1391.98
465,random_circuit_50_1,PARDISO,8,3342,696,16988.0,131.18
466,random_circuit_50_2,PARDISO,8,3649,753,16251.0,145.02
467,random_circuit_50_3,PARDISO,8,3832,800,15887.0,147.26
468,random_circuit_55_1,PARDISO,8,3753,773,15531.0,145.92
469,random_circuit_55_2,PARDISO,8,3451,725,15863.0,135.14
470,random_circuit_55_3,PARDISO,8,3763,796,15966.0,150.26
471,random_circuit_580_1,PARDISO,8,40190,8364,29126.0,1559.56
472,random_circuit_580_2,PARDISO,8,37788,7851,28873.0,1463.32
473,random_circuit_580_3,PARDISO,8,40748,8504,30453.0,1558.72
474,random_circuit_5_1,PARDISO,8,377,79,16187.0,28.5
475,random_circuit_5_2,PARDISO,8,256,55,15039.0,25.14
476,random_circuit_5_3,PARDISO,8,370,79,14410.0,28.04
477,random_circuit_60_1,PARDISO,8,3783,809,15256.0,146.68
478,random_circuit_60_2,PARDISO,8,4246,872,15323.0,165.6
479,random_circuit_60_3,PARDISO,8,3810,808,15959.0,147.76
480,random_circuit_65_1,PARDISO,8,4614,960,15651.0,162.06
481,random_circuit_65_2,PARDISO,8,4004,847,15418.0,161.04
482,random_circuit_65_3,PARDISO,8,4192,883,15719.0,158.16
483,random_circuit_660_1,PARDISO,8,45851,9527,31086.0,1879.72
484,random_circuit_660_2,PARDISO,8,45748,9499,31371.0,1952.88
485,random_circuit_660_3,PARDISO,8,47759,9897,32098.0,1800.28
486,random_circuit_70_1,PARDISO,8,4587,971,16828.0,166.14
487,random_circuit_70_2,PARDISO,8,4394,916,16259.0,164.46
488,random_circuit_70_3,PARDISO,8,4763,1000,16395.0,169.94
489,random_circuit_740_1,PARDISO,8,49762,10344,33139.0,2129.36
490,random_circuit_740_2,PARDISO,8,50538,10471,34554.0,2060.86
491,random_circuit_740_3,PARDISO,8,51690,10723,33361.0,2161.64
492,random_circuit_75_1,PARDISO,8,4172,903,16439.0,161.72
493,random_circuit_75_2,PARDISO,8,4962,1048,16755.0,183.26
494,random_circuit_75_3,PARDISO,8,5419,1129,16529.0,200.88
495,random_circuit_80_1,PARDISO,8,5399,1138,16046.0,203.08
496,random_circuit_80_2,PARDISO,8,6330,1304,16561.0,238.48
497,random_circuit_80_3,PARDISO,8,5584,1163,16811.0,196.36
498,random_circuit_820_1,PARDISO,8,53782,11223,35126.0,2355.86
499,random_circuit_820_2,PARDISO,8,56492,11716,35437.0,2312.22
500,random_circuit_820_3,PARDISO,8,54653,11372,36586.0,2592.14
501,random_circuit_85_1,PARDISO,8,5618,1183,17892.0,211.52
502,random_circuit_85_2,PARDISO,8,5843,1227,17134.0,208.74
503,random_circuit_85_3,PARDISO,8,5591,1158,16773.0,205.96
504,random_circuit_900_1,PARDISO,8,61081,12724,39330.0,2806.66
505,random_circuit_900_2,PARDISO,8,61971,12911,38981.0,2474.46
506,random_circuit_900_3,PARDISO,8,60912,12706,37604.0,2764.46
507,random_circuit_90_1,PARDISO,8,6381,1321,17695.0,232.38
508,random_circuit_90_2,PARDISO,8,6306,1310,16972.0,224.88
509,random_circuit_90_3,PARDISO,8,5437,1166,17357.0,208.06
510,random_circuit_95_1,PARDISO,8,7232,1493,17663.0,255.02
511,random_circuit_95_2,PARDISO,8,6796,1411,17013.0,245.86
512,random_circuit_95_3,PARDISO,8,6101,1278,17003.0,225.14
513,random_circuit_980_1,PARDISO,8,64730,13526,40986.0,2823.52
514,random_circuit_980_2,PARDISO,8,67606,14055,41284.0,3034.84
515,random_circuit_980_3,PARDISO,8,66522,13783,42097.0,3057.78
516,random_circuit_100_1,PARDISO,16,6830,1424,19094.0,185.72
517,random_circuit_100_2,PARDISO,16,6862,1415,17545.0,172.96
518,random_circuit_100_3,PARDISO,16,6661,1381,17276.0,172.38
519,random_circuit_1060_1,PARDISO,16,71337,14841,44923.0,2746.2
520,random_circuit_1060_2,PARDISO,16,72108,14991,45034.0,2689.82
521,random_circuit_1060_3,PARDISO,16,74117,15327,45334.0,2873.9
522,random_circuit_10_1,PARDISO,16,424,96,16387.0,28.92
523,random_circuit_10_2,PARDISO,16,586,126,15589.0,35.34
524,random_circuit_10_3,PARDISO,16,632,135,15906.0,35.22
525,random_circuit_1140_1,PARDISO,16,74160,15513,45323.0,2647.94
526,random_circuit_1140_2,PARDISO,16,76946,15974,48287.0,2980.64
527,random_circuit_1140_3,PARDISO,16,76106,15840,48023.0,3098.82
528,random_circuit_1220_1,PARDISO,16,84147,17518,50738.0,3120.66
529,random_circuit_1220_2,PARDISO,16,82528,17202,49399.0,3372.86
530,random_circuit_1220_3,PARDISO,16,80800,16863,50153.0,3377.3
531,random_circuit_1300_1,PARDISO,16,89160,18554,53951.0,3944.34
532,random_circuit_1300_2,PARDISO,16,85977,17950,52626.0,3442.28
533,random_circuit_1300_3,PARDISO,16,89645,18561,55963.0,3434.18
534,random_circuit_1380_1,PARDISO,16,94350,19599,58827.0,4288.4
535,random_circuit_1380_2,PARDISO,16,92140,19163,57077.0,3908.84
536,random_circuit_1380_3,PARDISO,16,92721,19249,60164.0,4227.36
537,random_circuit_1460_1,PARDISO,16,98100,20416,58326.0,4552.06
538,random_circuit_1460_2,PARDISO,16,95821,19987,59381.0,4313.6
539,random_circuit_1460_3,PARDISO,16,100727,20877,62227.0,5018.06
540,random_circuit_1540_1,PARDISO,16,105854,21972,65797.0,4648.98
541,random_circuit_1540_2,PARDISO,16,104155,21679,63291.0,4721.74
542,random_circuit_1540_3,PARDISO,16,102192,21314,62865.0,4710.14
543,random_circuit_15_1,PARDISO,16,1471,301,17118.0,48.18
544,random_circuit_15_2,PARDISO,16,1361,280,16837.0,48.44
545,random_circuit_15_3,PARDISO,16,1069,226,16551.0,43.06
546,random_circuit_1620_1,PARDISO,16,107556,22350,64564.0,5450.02
547,random_circuit_1620_2,PARDISO,16,111819,23236,66705.0,5453.18
548,random_circuit_1620_3,PARDISO,16,109178,22711,67477.0,5039.52
549,random_circuit_1700_1,PARDISO,16,111786,23311,71049.0,5800.76
550,random_circuit_1700_2,PARDISO,16,114066,23714,73988.0,5960.8
551,random_circuit_1700_3,PARDISO,16,114051,23772,69457.0,5331.76
552,random_circuit_1780_1,PARDISO,16,122358,25402,72824.0,6110.92
553,random_circuit_1780_2,PARDISO,16,119379,24924,72154.0,5500.74
554,random_circuit_1780_3,PARDISO,16,121929,25268,73067.0,6219.62
555,random_circuit_180_1,PARDISO,16,11852,2469,19637.0,293.92
556,random_circuit_180_2,PARDISO,16,11385,2401,18800.0,300.78
557,random_circuit_180_3,PARDISO,16,11815,2425,19204.0,322.18
558,random_circuit_1860_1,PARDISO,16,122507,25595,76838.0,6428.54
559,random_circuit_1860_2,PARDISO,16,126075,26216,74870.0,6442.54
560,random_circuit_1860_3,PARDISO,16,128164,26664,75178.0,7038.5
561,random_circuit_1940_1,PARDISO,16,126379,26414,73429.0,6389.66
562,random_circuit_1940_2,PARDISO,16,130489,27224,77460.0,6640.22
563,random_circuit_1940_3,PARDISO,16,129298,26844,79187.0,6878.04
564,random_circuit_20_1,PARDISO,16,1203,256,16788.0,47.32
565,random_circuit_20_2,PARDISO,16,1469,313,15923.0,52.92
566,random_circuit_20_3,PARDISO,16,1469,304,15485.0,49.4
567,random_circuit_25_1,PARDISO,16,1893,387,15486.0,58.6
568,random_circuit_25_2,PARDISO,16,1602,338,15209.0,56.94
569,random_circuit_25_3,PARDISO,16,1470,301,14740.0,55.98
570,random_circuit_260_1,PARDISO,16,16395,3433,18978.0,467.42
571,random_circuit_260_2,PARDISO,16,17848,3721,20739.0,453.78
572,random_circuit_260_3,PARDISO,16,18809,3890,24057.0,564.82
573,random_circuit_30_1,PARDISO,16,1930,415,16426.0,63.16
574,random_circuit_30_2,PARDISO,16,2320,487,16250.0,71.62
575,random_circuit_30_3,PARDISO,16,2226,457,15447.0,63.24
576,random_circuit_340_1,PARDISO,16,22362,4681,22636.0,638.12
577,random_circuit_340_2,PARDISO,16,23121,4816,22841.0,702.38
578,random_circuit_340_3,PARDISO,16,23522,4887,22890.0,636.7
579,random_circuit_35_1,PARDISO,16,2543,523,16372.0,76.84
580,random_circuit_35_2,PARDISO,16,2821,581,16139.0,75.48
581,random_circuit_35_3,PARDISO,16,2173,446,15940.0,72.76
582,random_circuit_40_1,PARDISO,16,2394,515,15330.0,79.16
583,random_circuit_40_2,PARDISO,16,2726,578,15243.0,92.76
584,random_circuit_40_3,PARDISO,16,2757,582,16156.0,88.38
585,random_circuit_420_1,PARDISO,16,29702,6136,25324.0,846.08
586,random_circuit_420_2,PARDISO,16,27363,5697,24854.0,839.5
587,random_circuit_420_3,PARDISO,16,28721,5961,25615.0,834.0
588,random_circuit_45_1,PARDISO,16,3295,679,16372.0,85.58
589,random_circuit_45_2,PARDISO,16,3539,725,16196.0,88.7
590,random_circuit_45_3,PARDISO,16,3173,643,15372.0,89.06
591,random_circuit_500_1,PARDISO,16,33054,6902,26437.0,1078.7
592,random_circuit_500_2,PARDISO,16,34286,7153,27775.0,1049.86
593,random_circuit_500_3,PARDISO,16,33296,6928,26650.0,1088.08
594,random_circuit_50_1,PARDISO,16,3342,696,16673.0,97.76
595,random_circuit_50_2,PARDISO,16,3649,753,16193.0,103.44
596,random_circuit_50_3,PARDISO,16,3832,800,16359.0,100.94
597,random_circuit_55_1,PARDISO,16,3753,773,16112.0,97.26
598,random_circuit_55_2,PARDISO,16,3451,725,16006.0,90.66
599,random_circuit_55_3,PARDISO,16,3763,796,16126.0,112.3
600,random_circuit_580_1,PARDISO,16,40190,8364,29624.0,1320.64
601,random_circuit_580_2,PARDISO,16,37788,7851,28730.0,1142.22
602,random_circuit_580_3,PARDISO,16,40748,8504,29524.0,1227.38
603,random_circuit_5_1,PARDISO,16,377,79,15811.0,24.22
604,random_circuit_5_2,PARDISO,16,256,55,15180.0,25.28
605,random_circuit_5_3,PARDISO,16,370,79,14733.0,26.9
606,random_circuit_60_1,PARDISO,16,3783,809,15727.0,105.48
607,random_circuit_60_2,PARDISO,16,4246,872,16069.0,106.66
608,random_circuit_60_3,PARDISO,16,3810,808,15867.0,109.46
609,random_circuit_65_1,PARDISO,16,4614,960,16028.0,124.74
610,random_circuit_65_2,PARDISO,16,4004,847,16555.0,112.54
611,random_circuit_65_3,PARDISO,16,4192,883,16316.0,105.26
612,random_circuit_660_1,PARDISO,16,45851,9527,32401.0,1569.22
613,random_circuit_660_2,PARDISO,16,45748,9499,32389.0,1618.46
614,random_circuit_660_3,PARDISO,16,47759,9897,33029.0,1338.3
615,random_circuit_70_1,PARDISO,16,4587,971,16335.0,129.54
616,random_circuit_70_2,PARDISO,16,4394,916,16184.0,124.44
617,random_circuit_70_3,PARDISO,16,4763,1000,15736.0,132.5
618,random_circuit_740_1,PARDISO,16,49762,10344,33902.0,1610.56
619,random_circuit_740_2,PARDISO,16,50538,10471,33857.0,1687.52
620,random_circuit_740_3,PARDISO,16,51690,10723,34352.0,1624.2
621,random_circuit_75_1,PARDISO,16,4172,903,16356.0,121.98
622,random_circuit_75_2,PARDISO,16,4962,1048,16044.0,124.12
623,random_circuit_75_3,PARDISO,16,5419,1129,16211.0,145.78
624,random_circuit_80_1,PARDISO,16,5399,1138,16273.0,147.12
625,random_circuit_80_2,PARDISO,16,6330,1304,16351.0,163.64
626,random_circuit_80_3,PARDISO,16,5584,1163,16658.0,154.8
627,random_circuit_820_1,PARDISO,16,53782,11223,36145.0,1811.4
628,random_circuit_820_2,PARDISO,16,56492,11716,36411.0,1905.4
629,random_circuit_820_3,PARDISO,16,54653,11372,36901.0,2107.56
630,random_circuit_85_1,PARDISO,16,5618,1183,17498.0,156.44
631,random_circuit_85_2,PARDISO,16,5843,1227,16744.0,157.26
632,random_circuit_85_3,PARDISO,16,5591,1158,16259.0,143.42
633,random_circuit_900_1,PARDISO,16,61081,12724,39993.0,2233.72
634,random_circuit_900_2,PARDISO,16,61971,12911,39517.0,2034.4
635,random_circuit_900_3,PARDISO,16,60912,12706,38957.0,2346.58
636,random_circuit_90_1,PARDISO,16,6381,1321,17027.0,147.84
637,random_circuit_90_2,PARDISO,16,6306,1310,17110.0,166.22
638,random_circuit_90_3,PARDISO,16,5437,1166,16806.0,149.04
639,random_circuit_95_1,PARDISO,16,7232,1493,17148.0,195.64
640,random_circuit_95_2,PARDISO,16,6796,1411,17171.0,175.8
641,random_circuit_95_3,PARDISO,16,6101,1278,17084.0,175.34
642,random_circuit_980_1,PARDISO,16,64730,13526,41933.0,2420.52
643,random_circuit_980_2,PARDISO,16,67606,14055,42473.0,2574.5
644,random_circuit_980_3,PARDISO,16,66522,13783,43406.0,2589.24
