index,mtx,algorithmname,threads,nnz,rows,Analyze,Factorization
0,matrix_1,NICSLU,1,6055,100,1.0,8.0
1,matrix_10,NICSLU,1,547532,1000,1.0,13.0
2,matrix_100_seed43_iter2,NICSLU,1,523647,1000,1.0,14.0
3,matrix_101_seed44_iter3,NICSLU,1,100,100,1.0,41.0
4,matrix_102_seed44_iter3,NICSLU,1,100,100,1.0,42.0
5,matrix_103_seed44_iter3,NICSLU,1,100,100,1.0,39.0
6,matrix_104_seed44_iter3,NICSLU,1,100,100,1.0,43.0
7,matrix_105_seed44_iter3,NICSLU,1,100,100,1.0,45.0
8,matrix_106_seed44_iter3,NICSLU,1,24468,200,1.0,8.0
9,matrix_107_seed44_iter3,NICSLU,1,24478,200,1.0,9.0
10,matrix_108_seed44_iter3,NICSLU,1,24517,200,1.0,9.0
11,matrix_109_seed44_iter3,NICSLU,1,25398,200,1.0,7.0
12,matrix_10_seed42_iter1,NICSLU,1,1021,100,1.0,9.0
13,matrix_110_seed44_iter3,NICSLU,1,26345,200,1.0,8.0
14,matrix_111_seed44_iter3,NICSLU,1,89890,300,1.0,11.0
15,matrix_112_seed44_iter3,NICSLU,1,89894,300,1.0,11.0
16,matrix_113_seed44_iter3,NICSLU,1,89888,300,1.0,11.0
17,matrix_114_seed44_iter3,NICSLU,1,89884,300,1.0,10.0
18,matrix_115_seed44_iter3,NICSLU,1,89886,300,1.0,10.0
19,matrix_116_seed44_iter3,NICSLU,1,400,400,1.0,78.0
20,matrix_117_seed44_iter3,NICSLU,1,400,400,1.0,80.0
21,matrix_118_seed44_iter3,NICSLU,1,400,400,1.0,81.0
22,matrix_119_seed44_iter3,NICSLU,1,400,400,1.0,69.0
23,matrix_11_seed42_iter1,NICSLU,1,200,200,1.0,51.0
24,matrix_120_seed44_iter3,NICSLU,1,400,400,1.0,79.0
25,matrix_121_seed44_iter3,NICSLU,1,131177,500,1.0,9.0
26,matrix_122_seed44_iter3,NICSLU,1,130996,500,1.0,10.0
27,matrix_123_seed44_iter3,NICSLU,1,130991,500,1.0,10.0
28,matrix_124_seed44_iter3,NICSLU,1,131029,500,1.0,9.0
29,matrix_125_seed44_iter3,NICSLU,1,133757,500,1.0,10.0
30,matrix_126_seed44_iter3,NICSLU,1,600,600,1.0,103.0
31,matrix_127_seed44_iter3,NICSLU,1,600,600,1.0,105.0
32,matrix_128_seed44_iter3,NICSLU,1,600,600,1.0,100.0
33,matrix_129_seed44_iter3,NICSLU,1,600,600,1.0,104.0
34,matrix_12_seed42_iter1,NICSLU,1,200,200,1.0,54.0
35,matrix_130_seed44_iter3,NICSLU,1,600,600,1.0,101.0
36,matrix_131_seed44_iter3,NICSLU,1,700,700,1.0,116.0
37,matrix_132_seed44_iter3,NICSLU,1,700,700,1.0,123.0
38,matrix_133_seed44_iter3,NICSLU,1,700,700,1.0,94.0
39,matrix_134_seed44_iter3,NICSLU,1,700,700,1.0,113.0
40,matrix_135_seed44_iter3,NICSLU,1,700,700,1.0,122.0
41,matrix_136_seed44_iter3,NICSLU,1,47499,800,1.0,9.0
42,matrix_137_seed44_iter3,NICSLU,1,47505,800,1.0,9.0
43,matrix_138_seed44_iter3,NICSLU,1,47502,800,1.0,10.0
44,matrix_139_seed44_iter3,NICSLU,1,47430,800,1.0,9.0
45,matrix_13_seed42_iter1,NICSLU,1,200,200,1.0,60.0
46,matrix_140_seed44_iter3,NICSLU,1,47503,800,1.0,10.0
47,matrix_141_seed44_iter3,NICSLU,1,900,900,1.0,140.0
48,matrix_142_seed44_iter3,NICSLU,1,900,900,1.0,146.0
49,matrix_143_seed44_iter3,NICSLU,1,900,900,1.0,122.0
50,matrix_144_seed44_iter3,NICSLU,1,900,900,1.0,134.0
51,matrix_145_seed44_iter3,NICSLU,1,900,900,1.0,129.0
52,matrix_146_seed44_iter3,NICSLU,1,999240,1000,1.0,13.0
53,matrix_147_seed44_iter3,NICSLU,1,999266,1000,1.0,14.0
54,matrix_148_seed44_iter3,NICSLU,1,999274,1000,1.0,14.0
55,matrix_149_seed44_iter3,NICSLU,1,999318,1000,1.0,14.0
56,matrix_14_seed42_iter1,NICSLU,1,200,200,1.0,54.0
57,matrix_150_seed44_iter3,NICSLU,1,999322,1000,1.0,13.0
58,matrix_151_seed45_iter4,NICSLU,1,5266,100,1.0,9.0
59,matrix_152_seed45_iter4,NICSLU,1,5283,100,1.0,9.0
60,matrix_153_seed45_iter4,NICSLU,1,5434,100,1.0,8.0
61,matrix_154_seed45_iter4,NICSLU,1,5659,100,1.0,9.0
62,matrix_155_seed45_iter4,NICSLU,1,5686,100,1.0,9.0
63,matrix_156_seed45_iter4,NICSLU,1,200,200,1.0,52.0
64,matrix_157_seed45_iter4,NICSLU,1,200,200,1.0,55.0
65,matrix_158_seed45_iter4,NICSLU,1,200,200,1.0,56.0
66,matrix_159_seed45_iter4,NICSLU,1,200,200,1.0,50.0
67,matrix_15_seed42_iter1,NICSLU,1,200,200,1.0,61.0
68,matrix_160_seed45_iter4,NICSLU,1,200,200,1.0,59.0
69,matrix_161_seed45_iter4,NICSLU,1,47247,300,1.0,10.0
70,matrix_162_seed45_iter4,NICSLU,1,47193,300,1.0,10.0
71,matrix_163_seed45_iter4,NICSLU,1,47421,300,1.0,10.0
72,matrix_164_seed45_iter4,NICSLU,1,47937,300,1.0,9.0
73,matrix_165_seed45_iter4,NICSLU,1,49507,300,1.0,10.0
74,matrix_166_seed45_iter4,NICSLU,1,400,400,1.0,82.0
75,matrix_167_seed45_iter4,NICSLU,1,400,400,1.0,85.0
76,matrix_168_seed45_iter4,NICSLU,1,400,400,1.0,81.0
77,matrix_169_seed45_iter4,NICSLU,1,400,400,1.0,77.0
78,matrix_16_seed42_iter1,NICSLU,1,200,200,1.0,59.0
79,matrix_170_seed45_iter4,NICSLU,1,400,400,1.0,78.0
80,matrix_171_seed45_iter4,NICSLU,1,130956,500,1.0,10.0
81,matrix_172_seed45_iter4,NICSLU,1,131253,500,1.0,10.0
82,matrix_173_seed45_iter4,NICSLU,1,130616,500,1.0,9.0
83,matrix_174_seed45_iter4,NICSLU,1,130811,500,1.0,10.0
84,matrix_175_seed45_iter4,NICSLU,1,133606,500,1.0,15.0
85,matrix_176_seed45_iter4,NICSLU,1,188428,600,1.0,11.0
86,matrix_177_seed45_iter4,NICSLU,1,188529,600,1.0,12.0
87,matrix_178_seed45_iter4,NICSLU,1,188732,600,1.0,12.0
88,matrix_179_seed45_iter4,NICSLU,1,188507,600,1.0,11.0
89,matrix_17_seed42_iter1,NICSLU,1,200,200,1.0,48.0
90,matrix_180_seed45_iter4,NICSLU,1,190878,600,1.0,11.0
91,matrix_181_seed45_iter4,NICSLU,1,256240,700,1.0,12.0
92,matrix_182_seed45_iter4,NICSLU,1,256938,700,1.0,12.0
93,matrix_183_seed45_iter4,NICSLU,1,256317,700,1.0,11.0
94,matrix_184_seed45_iter4,NICSLU,1,256991,700,1.0,12.0
95,matrix_185_seed45_iter4,NICSLU,1,257562,700,1.0,12.0
96,matrix_186_seed45_iter4,NICSLU,1,334466,800,1.0,9.0
97,matrix_187_seed45_iter4,NICSLU,1,335449,800,1.0,9.0
98,matrix_188_seed45_iter4,NICSLU,1,335168,800,1.0,10.0
99,matrix_189_seed45_iter4,NICSLU,1,335451,800,1.0,10.0
100,matrix_18_seed42_iter1,NICSLU,1,200,200,1.0,62.0
101,matrix_190_seed45_iter4,NICSLU,1,335227,800,1.0,10.0
102,matrix_191_seed45_iter4,NICSLU,1,900,900,1.0,136.0
103,matrix_192_seed45_iter4,NICSLU,1,900,900,1.0,148.0
104,matrix_193_seed45_iter4,NICSLU,1,900,900,1.0,142.0
105,matrix_194_seed45_iter4,NICSLU,1,900,900,1.0,140.0
106,matrix_195_seed45_iter4,NICSLU,1,900,900,1.0,152.0
107,matrix_196_seed45_iter4,NICSLU,1,73988,1000,1.0,13.0
108,matrix_197_seed45_iter4,NICSLU,1,73943,1000,1.0,11.0
109,matrix_19_seed42_iter1,NICSLU,1,200,200,1.0,51.0
110,matrix_1_seed42_iter1,NICSLU,1,1729,100,1.0,8.0
111,matrix_2,NICSLU,1,29959,200,1.0,8.0
112,matrix_20_seed42_iter1,NICSLU,1,200,200,1.0,59.0
113,matrix_21_seed42_iter1,NICSLU,1,16042,300,1.0,9.0
114,matrix_22_seed42_iter1,NICSLU,1,16076,300,1.0,8.0
115,matrix_23_seed42_iter1,NICSLU,1,16058,300,1.0,9.0
116,matrix_24_seed42_iter1,NICSLU,1,16046,300,1.0,8.0
117,matrix_25_seed42_iter1,NICSLU,1,16082,300,1.0,8.0
118,matrix_26_seed42_iter1,NICSLU,1,16035,300,1.0,9.0
119,matrix_27_seed42_iter1,NICSLU,1,16082,300,1.0,10.0
120,matrix_28_seed42_iter1,NICSLU,1,16033,300,1.0,9.0
121,matrix_29_seed42_iter1,NICSLU,1,16023,300,1.0,10.0
122,matrix_2_seed42_iter1,NICSLU,1,1733,100,1.0,8.0
123,matrix_3,NICSLU,1,72144,300,1.0,10.0
124,matrix_30_seed42_iter1,NICSLU,1,16005,300,1.0,9.0
125,matrix_31_seed42_iter1,NICSLU,1,28649,400,1.0,9.0
126,matrix_32_seed42_iter1,NICSLU,1,28699,400,1.0,9.0
127,matrix_33_seed42_iter1,NICSLU,1,28592,400,1.0,8.0
128,matrix_34_seed42_iter1,NICSLU,1,28603,400,1.0,8.0
129,matrix_35_seed42_iter1,NICSLU,1,28686,400,1.0,9.0
130,matrix_36_seed42_iter1,NICSLU,1,28618,400,1.0,7.0
131,matrix_37_seed42_iter1,NICSLU,1,28575,400,1.0,8.0
132,matrix_38_seed42_iter1,NICSLU,1,28582,400,1.0,9.0
133,matrix_39_seed42_iter1,NICSLU,1,28656,400,1.0,8.0
134,matrix_3_seed42_iter1,NICSLU,1,1717,100,1.0,9.0
135,matrix_4,NICSLU,1,82469,400,1.0,9.0
136,matrix_40_seed42_iter1,NICSLU,1,28611,400,1.0,9.0
137,matrix_41_seed42_iter1,NICSLU,1,44842,500,1.0,9.0
138,matrix_42_seed42_iter1,NICSLU,1,44794,500,1.0,9.0
139,matrix_43_seed42_iter1,NICSLU,1,44816,500,1.0,10.0
140,matrix_44_seed42_iter1,NICSLU,1,44888,500,1.0,10.0
141,matrix_45_seed42_iter1,NICSLU,1,44862,500,1.0,10.0
142,matrix_46_seed42_iter1,NICSLU,1,44814,500,1.0,9.0
143,matrix_47_seed42_iter1,NICSLU,1,44800,500,1.0,9.0
144,matrix_48_seed42_iter1,NICSLU,1,44852,500,1.0,9.0
145,matrix_49_seed42_iter1,NICSLU,1,44931,500,1.0,10.0
146,matrix_4_seed42_iter1,NICSLU,1,1731,100,1.0,9.0
147,matrix_5,NICSLU,1,173613,500,1.0,9.0
148,matrix_50_seed42_iter1,NICSLU,1,44826,500,1.0,9.0
149,matrix_51_seed42_iter1,NICSLU,1,600,600,1.0,102.0
150,matrix_51_seed43_iter2,NICSLU,1,5264,100,1.0,9.0
151,matrix_52_seed42_iter1,NICSLU,1,600,600,1.0,102.0
152,matrix_52_seed43_iter2,NICSLU,1,5244,100,1.0,9.0
153,matrix_53_seed42_iter1,NICSLU,1,600,600,1.0,96.0
154,matrix_53_seed43_iter2,NICSLU,1,5396,100,1.0,9.0
155,matrix_54_seed42_iter1,NICSLU,1,600,600,1.0,100.0
156,matrix_54_seed43_iter2,NICSLU,1,5576,100,1.0,9.0
157,matrix_55_seed42_iter1,NICSLU,1,600,600,1.0,95.0
158,matrix_55_seed43_iter2,NICSLU,1,5640,100,1.0,8.0
159,matrix_56_seed42_iter1,NICSLU,1,600,600,1.0,91.0
160,matrix_56_seed43_iter2,NICSLU,1,24509,200,1.0,8.0
161,matrix_57_seed42_iter1,NICSLU,1,600,600,1.0,105.0
162,matrix_57_seed43_iter2,NICSLU,1,24465,200,1.0,8.0
163,matrix_58_seed42_iter1,NICSLU,1,600,600,1.0,99.0
164,matrix_58_seed43_iter2,NICSLU,1,24488,200,1.0,8.0
165,matrix_59_seed42_iter1,NICSLU,1,600,600,1.0,112.0
166,matrix_59_seed43_iter2,NICSLU,1,25416,200,1.0,8.0
167,matrix_5_seed42_iter1,NICSLU,1,1730,100,1.0,8.0
168,matrix_6,NICSLU,1,277359,600,1.0,11.0
169,matrix_60_seed42_iter1,NICSLU,1,600,600,1.0,112.0
170,matrix_60_seed43_iter2,NICSLU,1,26209,200,1.0,9.0
171,matrix_61_seed42_iter1,NICSLU,1,9918,700,1.0,9.0
172,matrix_61_seed43_iter2,NICSLU,1,6841,300,1.0,8.0
173,matrix_62_seed42_iter1,NICSLU,1,9923,700,1.0,8.0
174,matrix_62_seed43_iter2,NICSLU,1,6863,300,1.0,9.0
175,matrix_63_seed42_iter1,NICSLU,1,9906,700,1.0,8.0
176,matrix_63_seed43_iter2,NICSLU,1,6864,300,1.0,8.0
177,matrix_64_seed42_iter1,NICSLU,1,9930,700,1.0,9.0
178,matrix_64_seed43_iter2,NICSLU,1,6948,300,1.0,9.0
179,matrix_65_seed42_iter1,NICSLU,1,9936,700,1.0,9.0
180,matrix_65_seed43_iter2,NICSLU,1,7363,300,1.0,8.0
181,matrix_66_seed42_iter1,NICSLU,1,9938,700,1.0,9.0
182,matrix_66_seed43_iter2,NICSLU,1,400,400,1.0,85.0
183,matrix_67_seed42_iter1,NICSLU,1,9905,700,1.0,9.0
184,matrix_67_seed43_iter2,NICSLU,1,400,400,1.0,80.0
185,matrix_68_seed42_iter1,NICSLU,1,9946,700,1.0,8.0
186,matrix_68_seed43_iter2,NICSLU,1,400,400,1.0,79.0
187,matrix_69_seed42_iter1,NICSLU,1,9932,700,1.0,9.0
188,matrix_69_seed43_iter2,NICSLU,1,400,400,1.0,90.0
189,matrix_6_seed42_iter1,NICSLU,1,1557,100,1.0,9.0
190,matrix_7,NICSLU,1,414107,700,1.0,12.0
191,matrix_70_seed42_iter1,NICSLU,1,9937,700,1.0,8.0
192,matrix_70_seed43_iter2,NICSLU,1,400,400,1.0,93.0
193,matrix_71_seed42_iter1,NICSLU,1,110905,800,1.0,10.0
194,matrix_71_seed43_iter2,NICSLU,1,131203,500,1.0,9.0
195,matrix_72_seed42_iter1,NICSLU,1,110787,800,1.0,9.0
196,matrix_72_seed43_iter2,NICSLU,1,131332,500,1.0,10.0
197,matrix_73_seed42_iter1,NICSLU,1,111001,800,1.0,9.0
198,matrix_73_seed43_iter2,NICSLU,1,131232,500,1.0,11.0
199,matrix_74_seed42_iter1,NICSLU,1,110953,800,1.0,10.0
200,matrix_74_seed43_iter2,NICSLU,1,131152,500,1.0,10.0
201,matrix_75_seed42_iter1,NICSLU,1,111031,800,1.0,8.0
202,matrix_75_seed43_iter2,NICSLU,1,134013,500,1.0,10.0
203,matrix_76_seed42_iter1,NICSLU,1,110987,800,1.0,10.0
204,matrix_76_seed43_iter2,NICSLU,1,188694,600,1.0,10.0
205,matrix_77_seed42_iter1,NICSLU,1,110888,800,1.0,8.0
206,matrix_77_seed43_iter2,NICSLU,1,188837,600,1.0,11.0
207,matrix_78_seed42_iter1,NICSLU,1,110784,800,1.0,9.0
208,matrix_78_seed43_iter2,NICSLU,1,188803,600,1.0,11.0
209,matrix_79_seed42_iter1,NICSLU,1,110845,800,1.0,10.0
210,matrix_79_seed43_iter2,NICSLU,1,188495,600,1.0,10.0
211,matrix_7_seed42_iter1,NICSLU,1,1373,100,1.0,8.0
212,matrix_8,NICSLU,1,389866,800,1.0,8.0
213,matrix_80_seed42_iter1,NICSLU,1,110983,800,1.0,10.0
214,matrix_80_seed43_iter2,NICSLU,1,190828,600,1.0,12.0
215,matrix_81_seed42_iter1,NICSLU,1,1700,1700,1.0,250.0
216,matrix_81_seed43_iter2,NICSLU,1,256891,700,1.0,12.0
217,matrix_82_seed42_iter1,NICSLU,1,1700,1700,1.0,217.0
218,matrix_82_seed43_iter2,NICSLU,1,256122,700,1.0,12.0
219,matrix_83_seed42_iter1,NICSLU,1,1700,1700,1.0,242.0
220,matrix_83_seed43_iter2,NICSLU,1,256324,700,1.0,11.0
221,matrix_84_seed42_iter1,NICSLU,1,1700,1700,1.0,222.0
222,matrix_84_seed43_iter2,NICSLU,1,256242,700,1.0,13.0
223,matrix_85_seed42_iter1,NICSLU,1,1700,1700,1.0,231.0
224,matrix_85_seed43_iter2,NICSLU,1,257608,700,1.0,12.0
225,matrix_86_seed42_iter1,NICSLU,1,1800,1800,1.0,235.0
226,matrix_86_seed43_iter2,NICSLU,1,800,800,1.0,126.0
227,matrix_87_seed42_iter1,NICSLU,1,1800,1800,1.0,232.0
228,matrix_87_seed43_iter2,NICSLU,1,800,800,1.0,122.0
229,matrix_88_seed42_iter1,NICSLU,1,1800,1800,1.0,231.0
230,matrix_88_seed43_iter2,NICSLU,1,800,800,1.0,124.0
231,matrix_89_seed42_iter1,NICSLU,1,1800,1800,1.0,268.0
232,matrix_89_seed43_iter2,NICSLU,1,800,800,1.0,132.0
233,matrix_8_seed42_iter1,NICSLU,1,1212,100,1.0,9.0
234,matrix_9,NICSLU,1,624303,900,1.0,13.0
235,matrix_90_seed42_iter1,NICSLU,1,1800,1800,1.0,283.0
236,matrix_90_seed43_iter2,NICSLU,1,800,800,1.0,141.0
237,matrix_91_seed42_iter1,NICSLU,1,2201332,1900,1.0,14.0
238,matrix_91_seed43_iter2,NICSLU,1,494239,900,1.0,12.0
239,matrix_92_seed42_iter1,NICSLU,1,2201137,1900,1.0,10.0
240,matrix_92_seed43_iter2,NICSLU,1,494273,900,1.0,11.0
241,matrix_93_seed42_iter1,NICSLU,1,2201527,1900,1.0,8.0
242,matrix_93_seed43_iter2,NICSLU,1,494577,900,1.0,12.0
243,matrix_94_seed43_iter2,NICSLU,1,494185,900,1.0,11.0
244,matrix_95_seed43_iter2,NICSLU,1,494013,900,1.0,12.0
245,matrix_96_seed43_iter2,NICSLU,1,524204,1000,1.0,12.0
246,matrix_97_seed43_iter2,NICSLU,1,523815,1000,1.0,11.0
247,matrix_98_seed43_iter2,NICSLU,1,523621,1000,1.0,13.0
248,matrix_99_seed43_iter2,NICSLU,1,523280,1000,1.0,11.0
249,matrix_9_seed42_iter1,NICSLU,1,1015,100,1.0,9.0
250,matrix_1,NICSLU,4,6055,100,4.0,8.0
251,matrix_10,NICSLU,4,547532,1000,4.0,13.0
252,matrix_100_seed43_iter2,NICSLU,4,523647,1000,4.0,12.0
253,matrix_101_seed44_iter3,NICSLU,4,100,100,4.0,40.0
254,matrix_102_seed44_iter3,NICSLU,4,100,100,4.0,42.0
255,matrix_103_seed44_iter3,NICSLU,4,100,100,4.0,39.0
256,matrix_104_seed44_iter3,NICSLU,4,100,100,4.0,41.0
257,matrix_105_seed44_iter3,NICSLU,4,100,100,4.0,38.0
258,matrix_106_seed44_iter3,NICSLU,4,24468,200,4.0,8.0
259,matrix_107_seed44_iter3,NICSLU,4,24478,200,4.0,9.0
260,matrix_108_seed44_iter3,NICSLU,4,24517,200,4.0,9.0
261,matrix_109_seed44_iter3,NICSLU,4,25398,200,4.0,9.0
262,matrix_10_seed42_iter1,NICSLU,4,1021,100,4.0,8.0
263,matrix_110_seed44_iter3,NICSLU,4,26345,200,4.0,9.0
264,matrix_111_seed44_iter3,NICSLU,4,89890,300,4.0,11.0
265,matrix_112_seed44_iter3,NICSLU,4,89894,300,4.0,11.0
266,matrix_113_seed44_iter3,NICSLU,4,89888,300,4.0,11.0
267,matrix_114_seed44_iter3,NICSLU,4,89884,300,4.0,11.0
268,matrix_115_seed44_iter3,NICSLU,4,89886,300,4.0,10.0
269,matrix_116_seed44_iter3,NICSLU,4,400,400,4.0,83.0
270,matrix_117_seed44_iter3,NICSLU,4,400,400,4.0,79.0
271,matrix_118_seed44_iter3,NICSLU,4,400,400,4.0,86.0
272,matrix_119_seed44_iter3,NICSLU,4,400,400,4.0,79.0
273,matrix_11_seed42_iter1,NICSLU,4,200,200,4.0,58.0
274,matrix_120_seed44_iter3,NICSLU,4,400,400,4.0,88.0
275,matrix_121_seed44_iter3,NICSLU,4,131177,500,4.0,10.0
276,matrix_122_seed44_iter3,NICSLU,4,130996,500,4.0,10.0
277,matrix_123_seed44_iter3,NICSLU,4,130991,500,4.0,11.0
278,matrix_124_seed44_iter3,NICSLU,4,131029,500,4.0,10.0
279,matrix_125_seed44_iter3,NICSLU,4,133757,500,4.0,8.0
280,matrix_126_seed44_iter3,NICSLU,4,600,600,4.0,102.0
281,matrix_127_seed44_iter3,NICSLU,4,600,600,4.0,106.0
282,matrix_128_seed44_iter3,NICSLU,4,600,600,4.0,100.0
283,matrix_129_seed44_iter3,NICSLU,4,600,600,4.0,112.0
284,matrix_12_seed42_iter1,NICSLU,4,200,200,4.0,55.0
285,matrix_130_seed44_iter3,NICSLU,4,600,600,4.0,101.0
286,matrix_131_seed44_iter3,NICSLU,4,700,700,4.0,107.0
287,matrix_132_seed44_iter3,NICSLU,4,700,700,4.0,111.0
288,matrix_133_seed44_iter3,NICSLU,4,700,700,4.0,117.0
289,matrix_134_seed44_iter3,NICSLU,4,700,700,4.0,118.0
290,matrix_135_seed44_iter3,NICSLU,4,700,700,4.0,116.0
291,matrix_136_seed44_iter3,NICSLU,4,47499,800,4.0,11.0
292,matrix_137_seed44_iter3,NICSLU,4,47505,800,4.0,11.0
293,matrix_138_seed44_iter3,NICSLU,4,47502,800,4.0,9.0
294,matrix_139_seed44_iter3,NICSLU,4,47430,800,4.0,9.0
295,matrix_13_seed42_iter1,NICSLU,4,200,200,4.0,38.0
296,matrix_140_seed44_iter3,NICSLU,4,47503,800,4.0,10.0
297,matrix_141_seed44_iter3,NICSLU,4,900,900,4.0,138.0
298,matrix_142_seed44_iter3,NICSLU,4,900,900,4.0,139.0
299,matrix_143_seed44_iter3,NICSLU,4,900,900,4.0,136.0
300,matrix_144_seed44_iter3,NICSLU,4,900,900,4.0,135.0
301,matrix_145_seed44_iter3,NICSLU,4,900,900,4.0,142.0
302,matrix_146_seed44_iter3,NICSLU,4,999240,1000,4.0,12.0
303,matrix_147_seed44_iter3,NICSLU,4,999266,1000,4.0,14.0
304,matrix_148_seed44_iter3,NICSLU,4,999274,1000,4.0,14.0
305,matrix_149_seed44_iter3,NICSLU,4,999318,1000,4.0,13.0
306,matrix_14_seed42_iter1,NICSLU,4,200,200,4.0,60.0
307,matrix_150_seed44_iter3,NICSLU,4,999322,1000,4.0,13.0
308,matrix_151_seed45_iter4,NICSLU,4,5266,100,4.0,9.0
309,matrix_152_seed45_iter4,NICSLU,4,5283,100,4.0,9.0
310,matrix_153_seed45_iter4,NICSLU,4,5434,100,4.0,9.0
311,matrix_154_seed45_iter4,NICSLU,4,5659,100,4.0,9.0
312,matrix_155_seed45_iter4,NICSLU,4,5686,100,4.0,10.0
313,matrix_156_seed45_iter4,NICSLU,4,200,200,4.0,51.0
314,matrix_157_seed45_iter4,NICSLU,4,200,200,4.0,54.0
315,matrix_158_seed45_iter4,NICSLU,4,200,200,4.0,54.0
316,matrix_159_seed45_iter4,NICSLU,4,200,200,4.0,55.0
317,matrix_15_seed42_iter1,NICSLU,4,200,200,4.0,54.0
318,matrix_160_seed45_iter4,NICSLU,4,200,200,4.0,50.0
319,matrix_161_seed45_iter4,NICSLU,4,47247,300,4.0,10.0
320,matrix_162_seed45_iter4,NICSLU,4,47193,300,4.0,10.0
321,matrix_163_seed45_iter4,NICSLU,4,47421,300,4.0,10.0
322,matrix_164_seed45_iter4,NICSLU,4,47937,300,4.0,10.0
323,matrix_165_seed45_iter4,NICSLU,4,49507,300,4.0,11.0
324,matrix_166_seed45_iter4,NICSLU,4,400,400,4.0,87.0
325,matrix_167_seed45_iter4,NICSLU,4,400,400,4.0,77.0
326,matrix_168_seed45_iter4,NICSLU,4,400,400,4.0,88.0
327,matrix_169_seed45_iter4,NICSLU,4,400,400,4.0,87.0
328,matrix_16_seed42_iter1,NICSLU,4,200,200,4.0,52.0
329,matrix_170_seed45_iter4,NICSLU,4,400,400,4.0,83.0
330,matrix_171_seed45_iter4,NICSLU,4,130956,500,4.0,10.0
331,matrix_172_seed45_iter4,NICSLU,4,131253,500,4.0,10.0
332,matrix_173_seed45_iter4,NICSLU,4,130616,500,4.0,10.0
333,matrix_174_seed45_iter4,NICSLU,4,130811,500,4.0,9.0
334,matrix_175_seed45_iter4,NICSLU,4,133606,500,4.0,8.0
335,matrix_176_seed45_iter4,NICSLU,4,188428,600,4.0,12.0
336,matrix_177_seed45_iter4,NICSLU,4,188529,600,4.0,13.0
337,matrix_178_seed45_iter4,NICSLU,4,188732,600,4.0,11.0
338,matrix_179_seed45_iter4,NICSLU,4,188507,600,4.0,11.0
339,matrix_17_seed42_iter1,NICSLU,4,200,200,4.0,46.0
340,matrix_180_seed45_iter4,NICSLU,4,190878,600,4.0,12.0
341,matrix_181_seed45_iter4,NICSLU,4,256240,700,4.0,12.0
342,matrix_182_seed45_iter4,NICSLU,4,256938,700,4.0,11.0
343,matrix_183_seed45_iter4,NICSLU,4,256317,700,4.0,11.0
344,matrix_184_seed45_iter4,NICSLU,4,256991,700,4.0,12.0
345,matrix_185_seed45_iter4,NICSLU,4,257562,700,4.0,11.0
346,matrix_186_seed45_iter4,NICSLU,4,334466,800,4.0,10.0
347,matrix_187_seed45_iter4,NICSLU,4,335449,800,4.0,10.0
348,matrix_188_seed45_iter4,NICSLU,4,335168,800,4.0,10.0
349,matrix_189_seed45_iter4,NICSLU,4,335451,800,4.0,9.0
350,matrix_18_seed42_iter1,NICSLU,4,200,200,4.0,54.0
351,matrix_190_seed45_iter4,NICSLU,4,335227,800,4.0,10.0
352,matrix_191_seed45_iter4,NICSLU,4,900,900,4.0,147.0
353,matrix_192_seed45_iter4,NICSLU,4,900,900,4.0,138.0
354,matrix_193_seed45_iter4,NICSLU,4,900,900,4.0,132.0
355,matrix_194_seed45_iter4,NICSLU,4,900,900,4.0,138.0
356,matrix_195_seed45_iter4,NICSLU,4,900,900,4.0,144.0
357,matrix_196_seed45_iter4,NICSLU,4,73988,1000,4.0,11.0
358,matrix_197_seed45_iter4,NICSLU,4,73943,1000,4.0,11.0
359,matrix_19_seed42_iter1,NICSLU,4,200,200,4.0,51.0
360,matrix_1_seed42_iter1,NICSLU,4,1729,100,4.0,9.0
361,matrix_2,NICSLU,4,29959,200,4.0,10.0
362,matrix_20_seed42_iter1,NICSLU,4,200,200,4.0,56.0
363,matrix_21_seed42_iter1,NICSLU,4,16042,300,4.0,9.0
364,matrix_22_seed42_iter1,NICSLU,4,16076,300,4.0,8.0
365,matrix_23_seed42_iter1,NICSLU,4,16058,300,4.0,8.0
366,matrix_24_seed42_iter1,NICSLU,4,16046,300,4.0,8.0
367,matrix_25_seed42_iter1,NICSLU,4,16082,300,4.0,9.0
368,matrix_26_seed42_iter1,NICSLU,4,16035,300,4.0,9.0
369,matrix_27_seed42_iter1,NICSLU,4,16082,300,4.0,8.0
370,matrix_28_seed42_iter1,NICSLU,4,16033,300,4.0,8.0
371,matrix_29_seed42_iter1,NICSLU,4,16023,300,4.0,8.0
372,matrix_2_seed42_iter1,NICSLU,4,1733,100,4.0,8.0
373,matrix_3,NICSLU,4,72144,300,4.0,11.0
374,matrix_30_seed42_iter1,NICSLU,4,16005,300,4.0,9.0
375,matrix_31_seed42_iter1,NICSLU,4,28649,400,4.0,8.0
376,matrix_32_seed42_iter1,NICSLU,4,28699,400,4.0,9.0
377,matrix_33_seed42_iter1,NICSLU,4,28592,400,4.0,8.0
378,matrix_34_seed42_iter1,NICSLU,4,28603,400,4.0,8.0
379,matrix_35_seed42_iter1,NICSLU,4,28686,400,4.0,9.0
380,matrix_36_seed42_iter1,NICSLU,4,28618,400,4.0,9.0
381,matrix_37_seed42_iter1,NICSLU,4,28575,400,4.0,9.0
382,matrix_38_seed42_iter1,NICSLU,4,28582,400,4.0,9.0
383,matrix_39_seed42_iter1,NICSLU,4,28656,400,4.0,8.0
384,matrix_3_seed42_iter1,NICSLU,4,1717,100,4.0,8.0
385,matrix_4,NICSLU,4,82469,400,4.0,9.0
386,matrix_40_seed42_iter1,NICSLU,4,28611,400,4.0,8.0
387,matrix_41_seed42_iter1,NICSLU,4,44842,500,4.0,9.0
388,matrix_42_seed42_iter1,NICSLU,4,44794,500,4.0,9.0
389,matrix_43_seed42_iter1,NICSLU,4,44816,500,4.0,8.0
390,matrix_44_seed42_iter1,NICSLU,4,44888,500,4.0,10.0
391,matrix_45_seed42_iter1,NICSLU,4,44862,500,4.0,9.0
392,matrix_46_seed42_iter1,NICSLU,4,44814,500,4.0,9.0
393,matrix_47_seed42_iter1,NICSLU,4,44800,500,4.0,9.0
394,matrix_48_seed42_iter1,NICSLU,4,44852,500,4.0,10.0
395,matrix_49_seed42_iter1,NICSLU,4,44931,500,4.0,9.0
396,matrix_4_seed42_iter1,NICSLU,4,1731,100,4.0,9.0
397,matrix_5,NICSLU,4,173613,500,4.0,10.0
398,matrix_50_seed42_iter1,NICSLU,4,44826,500,4.0,10.0
399,matrix_51_seed42_iter1,NICSLU,4,600,600,4.0,102.0
400,matrix_51_seed43_iter2,NICSLU,4,5264,100,4.0,9.0
401,matrix_52_seed42_iter1,NICSLU,4,600,600,4.0,102.0
402,matrix_52_seed43_iter2,NICSLU,4,5244,100,4.0,9.0
403,matrix_53_seed42_iter1,NICSLU,4,600,600,4.0,105.0
404,matrix_53_seed43_iter2,NICSLU,4,5396,100,4.0,10.0
405,matrix_54_seed42_iter1,NICSLU,4,600,600,4.0,108.0
406,matrix_54_seed43_iter2,NICSLU,4,5576,100,4.0,9.0
407,matrix_55_seed42_iter1,NICSLU,4,600,600,4.0,102.0
408,matrix_55_seed43_iter2,NICSLU,4,5640,100,4.0,9.0
409,matrix_56_seed42_iter1,NICSLU,4,600,600,4.0,123.0
410,matrix_56_seed43_iter2,NICSLU,4,24509,200,4.0,9.0
411,matrix_57_seed42_iter1,NICSLU,4,600,600,4.0,99.0
412,matrix_57_seed43_iter2,NICSLU,4,24465,200,4.0,8.0
413,matrix_58_seed42_iter1,NICSLU,4,600,600,4.0,116.0
414,matrix_58_seed43_iter2,NICSLU,4,24488,200,4.0,9.0
415,matrix_59_seed42_iter1,NICSLU,4,600,600,4.0,100.0
416,matrix_59_seed43_iter2,NICSLU,4,25416,200,4.0,9.0
417,matrix_5_seed42_iter1,NICSLU,4,1730,100,4.0,9.0
418,matrix_6,NICSLU,4,277359,600,4.0,11.0
419,matrix_60_seed42_iter1,NICSLU,4,600,600,4.0,102.0
420,matrix_60_seed43_iter2,NICSLU,4,26209,200,4.0,8.0
421,matrix_61_seed42_iter1,NICSLU,4,9918,700,4.0,9.0
422,matrix_61_seed43_iter2,NICSLU,4,6841,300,4.0,9.0
423,matrix_62_seed42_iter1,NICSLU,4,9923,700,4.0,8.0
424,matrix_62_seed43_iter2,NICSLU,4,6863,300,4.0,8.0
425,matrix_63_seed42_iter1,NICSLU,4,9906,700,4.0,8.0
426,matrix_63_seed43_iter2,NICSLU,4,6864,300,4.0,8.0
427,matrix_64_seed42_iter1,NICSLU,4,9930,700,4.0,9.0
428,matrix_64_seed43_iter2,NICSLU,4,6948,300,4.0,8.0
429,matrix_65_seed42_iter1,NICSLU,4,9936,700,4.0,8.0
430,matrix_65_seed43_iter2,NICSLU,4,7363,300,4.0,9.0
431,matrix_66_seed42_iter1,NICSLU,4,9938,700,4.0,8.0
432,matrix_66_seed43_iter2,NICSLU,4,400,400,4.0,83.0
433,matrix_67_seed42_iter1,NICSLU,4,9905,700,4.0,9.0
434,matrix_67_seed43_iter2,NICSLU,4,400,400,4.0,84.0
435,matrix_68_seed42_iter1,NICSLU,4,9946,700,4.0,9.0
436,matrix_68_seed43_iter2,NICSLU,4,400,400,4.0,72.0
437,matrix_69_seed42_iter1,NICSLU,4,9932,700,4.0,9.0
438,matrix_69_seed43_iter2,NICSLU,4,400,400,4.0,87.0
439,matrix_6_seed42_iter1,NICSLU,4,1557,100,4.0,9.0
440,matrix_7,NICSLU,4,414107,700,4.0,12.0
441,matrix_70_seed42_iter1,NICSLU,4,9937,700,4.0,9.0
442,matrix_70_seed43_iter2,NICSLU,4,400,400,4.0,82.0
443,matrix_71_seed42_iter1,NICSLU,4,110905,800,4.0,9.0
444,matrix_71_seed43_iter2,NICSLU,4,131203,500,4.0,9.0
445,matrix_72_seed42_iter1,NICSLU,4,110787,800,4.0,10.0
446,matrix_72_seed43_iter2,NICSLU,4,131332,500,4.0,10.0
447,matrix_73_seed42_iter1,NICSLU,4,111001,800,4.0,9.0
448,matrix_73_seed43_iter2,NICSLU,4,131232,500,4.0,10.0
449,matrix_74_seed42_iter1,NICSLU,4,110953,800,4.0,9.0
450,matrix_74_seed43_iter2,NICSLU,4,131152,500,4.0,8.0
451,matrix_75_seed42_iter1,NICSLU,4,111031,800,4.0,11.0
452,matrix_75_seed43_iter2,NICSLU,4,134013,500,4.0,10.0
453,matrix_76_seed42_iter1,NICSLU,4,110987,800,4.0,9.0
454,matrix_76_seed43_iter2,NICSLU,4,188694,600,4.0,10.0
455,matrix_77_seed42_iter1,NICSLU,4,110888,800,4.0,9.0
456,matrix_77_seed43_iter2,NICSLU,4,188837,600,4.0,11.0
457,matrix_78_seed42_iter1,NICSLU,4,110784,800,4.0,9.0
458,matrix_78_seed43_iter2,NICSLU,4,188803,600,4.0,11.0
459,matrix_79_seed42_iter1,NICSLU,4,110845,800,4.0,10.0
460,matrix_79_seed43_iter2,NICSLU,4,188495,600,4.0,11.0
461,matrix_7_seed42_iter1,NICSLU,4,1373,100,4.0,8.0
462,matrix_8,NICSLU,4,389866,800,4.0,9.0
463,matrix_80_seed42_iter1,NICSLU,4,110983,800,4.0,9.0
464,matrix_80_seed43_iter2,NICSLU,4,190828,600,4.0,12.0
465,matrix_81_seed42_iter1,NICSLU,4,1700,1700,4.0,238.0
466,matrix_81_seed43_iter2,NICSLU,4,256891,700,4.0,12.0
467,matrix_82_seed42_iter1,NICSLU,4,1700,1700,4.0,236.0
468,matrix_82_seed43_iter2,NICSLU,4,256122,700,4.0,12.0
469,matrix_83_seed42_iter1,NICSLU,4,1700,1700,4.0,230.0
470,matrix_83_seed43_iter2,NICSLU,4,256324,700,4.0,12.0
471,matrix_84_seed42_iter1,NICSLU,4,1700,1700,4.0,217.0
472,matrix_84_seed43_iter2,NICSLU,4,256242,700,4.0,13.0
473,matrix_85_seed42_iter1,NICSLU,4,1700,1700,4.0,249.0
474,matrix_85_seed43_iter2,NICSLU,4,257608,700,4.0,12.0
475,matrix_86_seed42_iter1,NICSLU,4,1800,1800,4.0,233.0
476,matrix_86_seed43_iter2,NICSLU,4,800,800,4.0,121.0
477,matrix_87_seed42_iter1,NICSLU,4,1800,1800,4.0,259.0
478,matrix_87_seed43_iter2,NICSLU,4,800,800,4.0,133.0
479,matrix_88_seed42_iter1,NICSLU,4,1800,1800,4.0,266.0
480,matrix_88_seed43_iter2,NICSLU,4,800,800,4.0,127.0
481,matrix_89_seed42_iter1,NICSLU,4,1800,1800,4.0,206.0
482,matrix_89_seed43_iter2,NICSLU,4,800,800,4.0,110.0
483,matrix_8_seed42_iter1,NICSLU,4,1212,100,4.0,9.0
484,matrix_9,NICSLU,4,624303,900,4.0,10.0
485,matrix_90_seed42_iter1,NICSLU,4,1800,1800,4.0,247.0
486,matrix_90_seed43_iter2,NICSLU,4,800,800,4.0,128.0
487,matrix_91_seed42_iter1,NICSLU,4,2201332,1900,4.0,8.0
488,matrix_91_seed43_iter2,NICSLU,4,494239,900,4.0,12.0
489,matrix_92_seed42_iter1,NICSLU,4,2201137,1900,4.0,9.0
490,matrix_92_seed43_iter2,NICSLU,4,494273,900,4.0,12.0
491,matrix_93_seed42_iter1,NICSLU,4,2201527,1900,4.0,9.0
492,matrix_93_seed43_iter2,NICSLU,4,494577,900,4.0,12.0
493,matrix_94_seed43_iter2,NICSLU,4,494185,900,4.0,12.0
494,matrix_95_seed43_iter2,NICSLU,4,494013,900,4.0,12.0
495,matrix_96_seed43_iter2,NICSLU,4,524204,1000,4.0,13.0
496,matrix_97_seed43_iter2,NICSLU,4,523815,1000,4.0,14.0
497,matrix_98_seed43_iter2,NICSLU,4,523621,1000,4.0,13.0
498,matrix_99_seed43_iter2,NICSLU,4,523280,1000,4.0,12.0
499,matrix_9_seed42_iter1,NICSLU,4,1015,100,4.0,9.0
500,matrix_1,NICSLU,8,6055,100,8.0,8.0
501,matrix_10,NICSLU,8,547532,1000,8.0,13.0
502,matrix_100_seed43_iter2,NICSLU,8,523647,1000,8.0,11.0
503,matrix_101_seed44_iter3,NICSLU,8,100,100,8.0,49.0
504,matrix_102_seed44_iter3,NICSLU,8,100,100,8.0,42.0
505,matrix_103_seed44_iter3,NICSLU,8,100,100,8.0,37.0
506,matrix_104_seed44_iter3,NICSLU,8,100,100,8.0,39.0
507,matrix_105_seed44_iter3,NICSLU,8,100,100,8.0,38.0
508,matrix_106_seed44_iter3,NICSLU,8,24468,200,8.0,9.0
509,matrix_107_seed44_iter3,NICSLU,8,24478,200,8.0,9.0
510,matrix_108_seed44_iter3,NICSLU,8,24517,200,8.0,9.0
511,matrix_109_seed44_iter3,NICSLU,8,25398,200,8.0,8.0
512,matrix_10_seed42_iter1,NICSLU,8,1021,100,8.0,9.0
513,matrix_110_seed44_iter3,NICSLU,8,26345,200,8.0,9.0
514,matrix_111_seed44_iter3,NICSLU,8,89890,300,8.0,10.0
515,matrix_112_seed44_iter3,NICSLU,8,89894,300,8.0,12.0
516,matrix_113_seed44_iter3,NICSLU,8,89888,300,8.0,10.0
517,matrix_114_seed44_iter3,NICSLU,8,89884,300,8.0,10.0
518,matrix_115_seed44_iter3,NICSLU,8,89886,300,8.0,10.0
519,matrix_116_seed44_iter3,NICSLU,8,400,400,8.0,82.0
520,matrix_117_seed44_iter3,NICSLU,8,400,400,8.0,83.0
521,matrix_118_seed44_iter3,NICSLU,8,400,400,8.0,85.0
522,matrix_119_seed44_iter3,NICSLU,8,400,400,8.0,85.0
523,matrix_11_seed42_iter1,NICSLU,8,200,200,8.0,52.0
524,matrix_120_seed44_iter3,NICSLU,8,400,400,8.0,86.0
525,matrix_121_seed44_iter3,NICSLU,8,131177,500,8.0,10.0
526,matrix_122_seed44_iter3,NICSLU,8,130996,500,8.0,9.0
527,matrix_123_seed44_iter3,NICSLU,8,130991,500,8.0,8.0
528,matrix_124_seed44_iter3,NICSLU,8,131029,500,8.0,9.0
529,matrix_125_seed44_iter3,NICSLU,8,133757,500,8.0,10.0
530,matrix_126_seed44_iter3,NICSLU,8,600,600,8.0,99.0
531,matrix_127_seed44_iter3,NICSLU,8,600,600,8.0,106.0
532,matrix_128_seed44_iter3,NICSLU,8,600,600,8.0,104.0
533,matrix_129_seed44_iter3,NICSLU,8,600,600,8.0,95.0
534,matrix_12_seed42_iter1,NICSLU,8,200,200,8.0,55.0
535,matrix_130_seed44_iter3,NICSLU,8,600,600,8.0,108.0
536,matrix_131_seed44_iter3,NICSLU,8,700,700,8.0,118.0
537,matrix_132_seed44_iter3,NICSLU,8,700,700,8.0,115.0
538,matrix_133_seed44_iter3,NICSLU,8,700,700,8.0,116.0
539,matrix_134_seed44_iter3,NICSLU,8,700,700,8.0,117.0
540,matrix_135_seed44_iter3,NICSLU,8,700,700,8.0,113.0
541,matrix_136_seed44_iter3,NICSLU,8,47499,800,8.0,9.0
542,matrix_137_seed44_iter3,NICSLU,8,47505,800,8.0,10.0
543,matrix_138_seed44_iter3,NICSLU,8,47502,800,8.0,11.0
544,matrix_139_seed44_iter3,NICSLU,8,47430,800,8.0,9.0
545,matrix_13_seed42_iter1,NICSLU,8,200,200,8.0,53.0
546,matrix_140_seed44_iter3,NICSLU,8,47503,800,8.0,10.0
547,matrix_141_seed44_iter3,NICSLU,8,900,900,8.0,139.0
548,matrix_142_seed44_iter3,NICSLU,8,900,900,8.0,141.0
549,matrix_143_seed44_iter3,NICSLU,8,900,900,8.0,133.0
550,matrix_144_seed44_iter3,NICSLU,8,900,900,8.0,156.0
551,matrix_145_seed44_iter3,NICSLU,8,900,900,8.0,133.0
552,matrix_146_seed44_iter3,NICSLU,8,999240,1000,8.0,13.0
553,matrix_147_seed44_iter3,NICSLU,8,999266,1000,8.0,14.0
554,matrix_148_seed44_iter3,NICSLU,8,999274,1000,8.0,14.0
555,matrix_149_seed44_iter3,NICSLU,8,999318,1000,8.0,15.0
556,matrix_14_seed42_iter1,NICSLU,8,200,200,8.0,54.0
557,matrix_150_seed44_iter3,NICSLU,8,999322,1000,8.0,11.0
558,matrix_151_seed45_iter4,NICSLU,8,5266,100,8.0,9.0
559,matrix_152_seed45_iter4,NICSLU,8,5283,100,8.0,9.0
560,matrix_153_seed45_iter4,NICSLU,8,5434,100,8.0,10.0
561,matrix_154_seed45_iter4,NICSLU,8,5659,100,8.0,8.0
562,matrix_155_seed45_iter4,NICSLU,8,5686,100,8.0,9.0
563,matrix_156_seed45_iter4,NICSLU,8,200,200,8.0,50.0
564,matrix_157_seed45_iter4,NICSLU,8,200,200,8.0,54.0
565,matrix_158_seed45_iter4,NICSLU,8,200,200,8.0,55.0
566,matrix_159_seed45_iter4,NICSLU,8,200,200,8.0,54.0
567,matrix_15_seed42_iter1,NICSLU,8,200,200,8.0,55.0
568,matrix_160_seed45_iter4,NICSLU,8,200,200,8.0,56.0
569,matrix_161_seed45_iter4,NICSLU,8,47247,300,8.0,10.0
570,matrix_162_seed45_iter4,NICSLU,8,47193,300,8.0,10.0
571,matrix_163_seed45_iter4,NICSLU,8,47421,300,8.0,10.0
572,matrix_164_seed45_iter4,NICSLU,8,47937,300,8.0,10.0
573,matrix_165_seed45_iter4,NICSLU,8,49507,300,8.0,9.0
574,matrix_166_seed45_iter4,NICSLU,8,400,400,8.0,92.0
575,matrix_167_seed45_iter4,NICSLU,8,400,400,8.0,80.0
576,matrix_168_seed45_iter4,NICSLU,8,400,400,8.0,81.0
577,matrix_169_seed45_iter4,NICSLU,8,400,400,8.0,77.0
578,matrix_16_seed42_iter1,NICSLU,8,200,200,8.0,59.0
579,matrix_170_seed45_iter4,NICSLU,8,400,400,8.0,82.0
580,matrix_171_seed45_iter4,NICSLU,8,130956,500,8.0,10.0
581,matrix_172_seed45_iter4,NICSLU,8,131253,500,8.0,10.0
582,matrix_173_seed45_iter4,NICSLU,8,130616,500,8.0,9.0
583,matrix_174_seed45_iter4,NICSLU,8,130811,500,8.0,10.0
584,matrix_175_seed45_iter4,NICSLU,8,133606,500,8.0,9.0
585,matrix_176_seed45_iter4,NICSLU,8,188428,600,8.0,11.0
586,matrix_177_seed45_iter4,NICSLU,8,188529,600,8.0,11.0
587,matrix_178_seed45_iter4,NICSLU,8,188732,600,8.0,11.0
588,matrix_179_seed45_iter4,NICSLU,8,188507,600,8.0,13.0
589,matrix_17_seed42_iter1,NICSLU,8,200,200,8.0,53.0
590,matrix_180_seed45_iter4,NICSLU,8,190878,600,8.0,12.0
591,matrix_181_seed45_iter4,NICSLU,8,256240,700,8.0,13.0
592,matrix_182_seed45_iter4,NICSLU,8,256938,700,8.0,12.0
593,matrix_183_seed45_iter4,NICSLU,8,256317,700,8.0,12.0
594,matrix_184_seed45_iter4,NICSLU,8,256991,700,8.0,12.0
595,matrix_185_seed45_iter4,NICSLU,8,257562,700,8.0,11.0
596,matrix_186_seed45_iter4,NICSLU,8,334466,800,8.0,8.0
597,matrix_187_seed45_iter4,NICSLU,8,335449,800,8.0,11.0
598,matrix_188_seed45_iter4,NICSLU,8,335168,800,8.0,7.0
599,matrix_189_seed45_iter4,NICSLU,8,335451,800,8.0,11.0
600,matrix_18_seed42_iter1,NICSLU,8,200,200,8.0,61.0
601,matrix_190_seed45_iter4,NICSLU,8,335227,800,8.0,8.0
602,matrix_191_seed45_iter4,NICSLU,8,900,900,8.0,137.0
603,matrix_192_seed45_iter4,NICSLU,8,900,900,8.0,116.0
604,matrix_193_seed45_iter4,NICSLU,8,900,900,8.0,157.0
605,matrix_194_seed45_iter4,NICSLU,8,900,900,8.0,132.0
606,matrix_195_seed45_iter4,NICSLU,8,900,900,8.0,139.0
607,matrix_196_seed45_iter4,NICSLU,8,73988,1000,8.0,13.0
608,matrix_197_seed45_iter4,NICSLU,8,73943,1000,8.0,12.0
609,matrix_19_seed42_iter1,NICSLU,8,200,200,8.0,48.0
610,matrix_1_seed42_iter1,NICSLU,8,1729,100,8.0,8.0
611,matrix_2,NICSLU,8,29959,200,8.0,9.0
612,matrix_20_seed42_iter1,NICSLU,8,200,200,8.0,49.0
613,matrix_21_seed42_iter1,NICSLU,8,16042,300,8.0,9.0
614,matrix_22_seed42_iter1,NICSLU,8,16076,300,8.0,9.0
615,matrix_23_seed42_iter1,NICSLU,8,16058,300,8.0,7.0
616,matrix_24_seed42_iter1,NICSLU,8,16046,300,8.0,9.0
617,matrix_25_seed42_iter1,NICSLU,8,16082,300,8.0,8.0
618,matrix_26_seed42_iter1,NICSLU,8,16035,300,8.0,8.0
619,matrix_27_seed42_iter1,NICSLU,8,16082,300,8.0,9.0
620,matrix_28_seed42_iter1,NICSLU,8,16033,300,8.0,8.0
621,matrix_29_seed42_iter1,NICSLU,8,16023,300,8.0,8.0
622,matrix_2_seed42_iter1,NICSLU,8,1733,100,8.0,10.0
623,matrix_3,NICSLU,8,72144,300,8.0,10.0
624,matrix_30_seed42_iter1,NICSLU,8,16005,300,8.0,8.0
625,matrix_31_seed42_iter1,NICSLU,8,28649,400,8.0,8.0
626,matrix_32_seed42_iter1,NICSLU,8,28699,400,8.0,9.0
627,matrix_33_seed42_iter1,NICSLU,8,28592,400,8.0,9.0
628,matrix_34_seed42_iter1,NICSLU,8,28603,400,8.0,8.0
629,matrix_35_seed42_iter1,NICSLU,8,28686,400,8.0,9.0
630,matrix_36_seed42_iter1,NICSLU,8,28618,400,8.0,8.0
631,matrix_37_seed42_iter1,NICSLU,8,28575,400,8.0,9.0
632,matrix_38_seed42_iter1,NICSLU,8,28582,400,8.0,9.0
633,matrix_39_seed42_iter1,NICSLU,8,28656,400,8.0,9.0
634,matrix_3_seed42_iter1,NICSLU,8,1717,100,8.0,8.0
635,matrix_4,NICSLU,8,82469,400,8.0,10.0
636,matrix_40_seed42_iter1,NICSLU,8,28611,400,8.0,9.0
637,matrix_41_seed42_iter1,NICSLU,8,44842,500,8.0,10.0
638,matrix_42_seed42_iter1,NICSLU,8,44794,500,8.0,9.0
639,matrix_43_seed42_iter1,NICSLU,8,44816,500,8.0,10.0
640,matrix_44_seed42_iter1,NICSLU,8,44888,500,8.0,9.0
641,matrix_45_seed42_iter1,NICSLU,8,44862,500,8.0,8.0
642,matrix_46_seed42_iter1,NICSLU,8,44814,500,8.0,9.0
643,matrix_47_seed42_iter1,NICSLU,8,44800,500,8.0,10.0
644,matrix_48_seed42_iter1,NICSLU,8,44852,500,8.0,11.0
645,matrix_49_seed42_iter1,NICSLU,8,44931,500,8.0,9.0
646,matrix_4_seed42_iter1,NICSLU,8,1731,100,8.0,9.0
647,matrix_5,NICSLU,8,173613,500,8.0,9.0
648,matrix_50_seed42_iter1,NICSLU,8,44826,500,8.0,10.0
649,matrix_51_seed42_iter1,NICSLU,8,600,600,8.0,125.0
650,matrix_51_seed43_iter2,NICSLU,8,5264,100,8.0,7.0
651,matrix_52_seed42_iter1,NICSLU,8,600,600,8.0,101.0
652,matrix_52_seed43_iter2,NICSLU,8,5244,100,8.0,9.0
653,matrix_53_seed42_iter1,NICSLU,8,600,600,8.0,102.0
654,matrix_53_seed43_iter2,NICSLU,8,5396,100,8.0,10.0
655,matrix_54_seed42_iter1,NICSLU,8,600,600,8.0,100.0
656,matrix_54_seed43_iter2,NICSLU,8,5576,100,8.0,8.0
657,matrix_55_seed42_iter1,NICSLU,8,600,600,8.0,100.0
658,matrix_55_seed43_iter2,NICSLU,8,5640,100,8.0,8.0
659,matrix_56_seed42_iter1,NICSLU,8,600,600,8.0,109.0
660,matrix_56_seed43_iter2,NICSLU,8,24509,200,8.0,8.0
661,matrix_57_seed42_iter1,NICSLU,8,600,600,8.0,98.0
662,matrix_57_seed43_iter2,NICSLU,8,24465,200,8.0,7.0
663,matrix_58_seed42_iter1,NICSLU,8,600,600,8.0,105.0
664,matrix_58_seed43_iter2,NICSLU,8,24488,200,8.0,8.0
665,matrix_59_seed42_iter1,NICSLU,8,600,600,8.0,104.0
666,matrix_59_seed43_iter2,NICSLU,8,25416,200,8.0,8.0
667,matrix_5_seed42_iter1,NICSLU,8,1730,100,8.0,7.0
668,matrix_6,NICSLU,8,277359,600,8.0,16.0
669,matrix_60_seed42_iter1,NICSLU,8,600,600,8.0,103.0
670,matrix_60_seed43_iter2,NICSLU,8,26209,200,8.0,9.0
671,matrix_61_seed42_iter1,NICSLU,8,9918,700,8.0,9.0
672,matrix_61_seed43_iter2,NICSLU,8,6841,300,8.0,8.0
673,matrix_62_seed42_iter1,NICSLU,8,9923,700,8.0,9.0
674,matrix_62_seed43_iter2,NICSLU,8,6863,300,8.0,8.0
675,matrix_63_seed42_iter1,NICSLU,8,9906,700,8.0,9.0
676,matrix_63_seed43_iter2,NICSLU,8,6864,300,8.0,9.0
677,matrix_64_seed42_iter1,NICSLU,8,9930,700,8.0,9.0
678,matrix_64_seed43_iter2,NICSLU,8,6948,300,8.0,8.0
679,matrix_65_seed42_iter1,NICSLU,8,9936,700,8.0,9.0
680,matrix_65_seed43_iter2,NICSLU,8,7363,300,8.0,9.0
681,matrix_66_seed42_iter1,NICSLU,8,9938,700,8.0,10.0
682,matrix_66_seed43_iter2,NICSLU,8,400,400,8.0,81.0
683,matrix_67_seed42_iter1,NICSLU,8,9905,700,8.0,9.0
684,matrix_67_seed43_iter2,NICSLU,8,400,400,8.0,90.0
685,matrix_68_seed42_iter1,NICSLU,8,9946,700,8.0,8.0
686,matrix_68_seed43_iter2,NICSLU,8,400,400,8.0,77.0
687,matrix_69_seed42_iter1,NICSLU,8,9932,700,8.0,9.0
688,matrix_69_seed43_iter2,NICSLU,8,400,400,8.0,79.0
689,matrix_6_seed42_iter1,NICSLU,8,1557,100,8.0,8.0
690,matrix_7,NICSLU,8,414107,700,8.0,12.0
691,matrix_70_seed42_iter1,NICSLU,8,9937,700,8.0,8.0
692,matrix_70_seed43_iter2,NICSLU,8,400,400,8.0,86.0
693,matrix_71_seed42_iter1,NICSLU,8,110905,800,8.0,10.0
694,matrix_71_seed43_iter2,NICSLU,8,131203,500,8.0,9.0
695,matrix_72_seed42_iter1,NICSLU,8,110787,800,8.0,9.0
696,matrix_72_seed43_iter2,NICSLU,8,131332,500,8.0,9.0
697,matrix_73_seed42_iter1,NICSLU,8,111001,800,8.0,11.0
698,matrix_73_seed43_iter2,NICSLU,8,131232,500,8.0,9.0
699,matrix_74_seed42_iter1,NICSLU,8,110953,800,8.0,10.0
700,matrix_74_seed43_iter2,NICSLU,8,131152,500,8.0,10.0
701,matrix_75_seed42_iter1,NICSLU,8,111031,800,8.0,10.0
702,matrix_75_seed43_iter2,NICSLU,8,134013,500,8.0,10.0
703,matrix_76_seed42_iter1,NICSLU,8,110987,800,8.0,9.0
704,matrix_76_seed43_iter2,NICSLU,8,188694,600,8.0,11.0
705,matrix_77_seed42_iter1,NICSLU,8,110888,800,8.0,10.0
706,matrix_77_seed43_iter2,NICSLU,8,188837,600,8.0,12.0
707,matrix_78_seed42_iter1,NICSLU,8,110784,800,8.0,10.0
708,matrix_78_seed43_iter2,NICSLU,8,188803,600,8.0,13.0
709,matrix_79_seed42_iter1,NICSLU,8,110845,800,8.0,11.0
710,matrix_79_seed43_iter2,NICSLU,8,188495,600,8.0,12.0
711,matrix_7_seed42_iter1,NICSLU,8,1373,100,8.0,8.0
712,matrix_8,NICSLU,8,389866,800,8.0,9.0
713,matrix_80_seed42_iter1,NICSLU,8,110983,800,8.0,10.0
714,matrix_80_seed43_iter2,NICSLU,8,190828,600,8.0,12.0
715,matrix_81_seed42_iter1,NICSLU,8,1700,1700,8.0,235.0
716,matrix_81_seed43_iter2,NICSLU,8,256891,700,8.0,12.0
717,matrix_82_seed42_iter1,NICSLU,8,1700,1700,8.0,240.0
718,matrix_82_seed43_iter2,NICSLU,8,256122,700,8.0,12.0
719,matrix_83_seed42_iter1,NICSLU,8,1700,1700,8.0,257.0
720,matrix_83_seed43_iter2,NICSLU,8,256324,700,8.0,12.0
721,matrix_84_seed42_iter1,NICSLU,8,1700,1700,8.0,223.0
722,matrix_84_seed43_iter2,NICSLU,8,256242,700,8.0,11.0
723,matrix_85_seed42_iter1,NICSLU,8,1700,1700,8.0,236.0
724,matrix_85_seed43_iter2,NICSLU,8,257608,700,8.0,12.0
725,matrix_86_seed42_iter1,NICSLU,8,1800,1800,8.0,236.0
726,matrix_86_seed43_iter2,NICSLU,8,800,800,8.0,128.0
727,matrix_87_seed42_iter1,NICSLU,8,1800,1800,8.0,230.0
728,matrix_87_seed43_iter2,NICSLU,8,800,800,8.0,121.0
729,matrix_88_seed42_iter1,NICSLU,8,1800,1800,8.0,207.0
730,matrix_88_seed43_iter2,NICSLU,8,800,800,8.0,126.0
731,matrix_89_seed42_iter1,NICSLU,8,1800,1800,8.0,240.0
732,matrix_89_seed43_iter2,NICSLU,8,800,800,8.0,136.0
733,matrix_8_seed42_iter1,NICSLU,8,1212,100,8.0,8.0
734,matrix_9,NICSLU,8,624303,900,8.0,11.0
735,matrix_90_seed42_iter1,NICSLU,8,1800,1800,8.0,243.0
736,matrix_90_seed43_iter2,NICSLU,8,800,800,8.0,135.0
737,matrix_91_seed42_iter1,NICSLU,8,2201332,1900,8.0,9.0
738,matrix_91_seed43_iter2,NICSLU,8,494239,900,8.0,13.0
739,matrix_92_seed42_iter1,NICSLU,8,2201137,1900,8.0,8.0
740,matrix_92_seed43_iter2,NICSLU,8,494273,900,8.0,10.0
741,matrix_93_seed42_iter1,NICSLU,8,2201527,1900,8.0,9.0
742,matrix_93_seed43_iter2,NICSLU,8,494577,900,8.0,12.0
743,matrix_94_seed43_iter2,NICSLU,8,494185,900,8.0,12.0
744,matrix_95_seed43_iter2,NICSLU,8,494013,900,8.0,12.0
745,matrix_96_seed43_iter2,NICSLU,8,524204,1000,8.0,13.0
746,matrix_97_seed43_iter2,NICSLU,8,523815,1000,8.0,12.0
747,matrix_98_seed43_iter2,NICSLU,8,523621,1000,8.0,13.0
748,matrix_99_seed43_iter2,NICSLU,8,523280,1000,8.0,14.0
749,matrix_9_seed42_iter1,NICSLU,8,1015,100,8.0,10.0
750,matrix_1,NICSLU,12,6055,100,12.0,8.0
751,matrix_10,NICSLU,12,547532,1000,12.0,13.0
752,matrix_100_seed43_iter2,NICSLU,12,523647,1000,12.0,14.0
753,matrix_101_seed44_iter3,NICSLU,12,100,100,12.0,44.0
754,matrix_102_seed44_iter3,NICSLU,12,100,100,12.0,45.0
755,matrix_103_seed44_iter3,NICSLU,12,100,100,12.0,42.0
756,matrix_104_seed44_iter3,NICSLU,12,100,100,12.0,41.0
757,matrix_105_seed44_iter3,NICSLU,12,100,100,12.0,41.0
758,matrix_106_seed44_iter3,NICSLU,12,24468,200,12.0,8.0
759,matrix_107_seed44_iter3,NICSLU,12,24478,200,12.0,9.0
760,matrix_108_seed44_iter3,NICSLU,12,24517,200,12.0,8.0
761,matrix_109_seed44_iter3,NICSLU,12,25398,200,12.0,8.0
762,matrix_10_seed42_iter1,NICSLU,12,1021,100,12.0,9.0
763,matrix_110_seed44_iter3,NICSLU,12,26345,200,12.0,9.0
764,matrix_111_seed44_iter3,NICSLU,12,89890,300,12.0,11.0
765,matrix_112_seed44_iter3,NICSLU,12,89894,300,12.0,10.0
766,matrix_113_seed44_iter3,NICSLU,12,89888,300,12.0,10.0
767,matrix_114_seed44_iter3,NICSLU,12,89884,300,12.0,10.0
768,matrix_115_seed44_iter3,NICSLU,12,89886,300,12.0,10.0
769,matrix_116_seed44_iter3,NICSLU,12,400,400,12.0,75.0
770,matrix_117_seed44_iter3,NICSLU,12,400,400,12.0,74.0
771,matrix_118_seed44_iter3,NICSLU,12,400,400,12.0,85.0
772,matrix_119_seed44_iter3,NICSLU,12,400,400,12.0,78.0
773,matrix_11_seed42_iter1,NICSLU,12,200,200,12.0,53.0
774,matrix_120_seed44_iter3,NICSLU,12,400,400,12.0,87.0
775,matrix_121_seed44_iter3,NICSLU,12,131177,500,12.0,9.0
776,matrix_122_seed44_iter3,NICSLU,12,130996,500,12.0,11.0
777,matrix_123_seed44_iter3,NICSLU,12,130991,500,12.0,9.0
778,matrix_124_seed44_iter3,NICSLU,12,131029,500,12.0,10.0
779,matrix_125_seed44_iter3,NICSLU,12,133757,500,12.0,10.0
780,matrix_126_seed44_iter3,NICSLU,12,600,600,12.0,100.0
781,matrix_127_seed44_iter3,NICSLU,12,600,600,12.0,97.0
782,matrix_128_seed44_iter3,NICSLU,12,600,600,12.0,109.0
783,matrix_129_seed44_iter3,NICSLU,12,600,600,12.0,101.0
784,matrix_12_seed42_iter1,NICSLU,12,200,200,12.0,48.0
785,matrix_130_seed44_iter3,NICSLU,12,600,600,12.0,110.0
786,matrix_131_seed44_iter3,NICSLU,12,700,700,12.0,115.0
787,matrix_132_seed44_iter3,NICSLU,12,700,700,12.0,130.0
788,matrix_133_seed44_iter3,NICSLU,12,700,700,12.0,113.0
789,matrix_134_seed44_iter3,NICSLU,12,700,700,12.0,113.0
790,matrix_135_seed44_iter3,NICSLU,12,700,700,12.0,131.0
791,matrix_136_seed44_iter3,NICSLU,12,47499,800,12.0,9.0
792,matrix_137_seed44_iter3,NICSLU,12,47505,800,12.0,10.0
793,matrix_138_seed44_iter3,NICSLU,12,47502,800,12.0,10.0
794,matrix_139_seed44_iter3,NICSLU,12,47430,800,12.0,10.0
795,matrix_13_seed42_iter1,NICSLU,12,200,200,12.0,50.0
796,matrix_140_seed44_iter3,NICSLU,12,47503,800,12.0,8.0
797,matrix_141_seed44_iter3,NICSLU,12,900,900,12.0,140.0
798,matrix_142_seed44_iter3,NICSLU,12,900,900,12.0,138.0
799,matrix_143_seed44_iter3,NICSLU,12,900,900,12.0,155.0
800,matrix_144_seed44_iter3,NICSLU,12,900,900,12.0,138.0
801,matrix_145_seed44_iter3,NICSLU,12,900,900,12.0,150.0
802,matrix_146_seed44_iter3,NICSLU,12,999240,1000,12.0,14.0
803,matrix_147_seed44_iter3,NICSLU,12,999266,1000,12.0,14.0
804,matrix_148_seed44_iter3,NICSLU,12,999274,1000,12.0,14.0
805,matrix_149_seed44_iter3,NICSLU,12,999318,1000,12.0,14.0
806,matrix_14_seed42_iter1,NICSLU,12,200,200,12.0,56.0
807,matrix_150_seed44_iter3,NICSLU,12,999322,1000,12.0,13.0
808,matrix_151_seed45_iter4,NICSLU,12,5266,100,12.0,8.0
809,matrix_152_seed45_iter4,NICSLU,12,5283,100,12.0,10.0
810,matrix_153_seed45_iter4,NICSLU,12,5434,100,12.0,9.0
811,matrix_154_seed45_iter4,NICSLU,12,5659,100,12.0,9.0
812,matrix_155_seed45_iter4,NICSLU,12,5686,100,12.0,9.0
813,matrix_156_seed45_iter4,NICSLU,12,200,200,12.0,53.0
814,matrix_157_seed45_iter4,NICSLU,12,200,200,12.0,62.0
815,matrix_158_seed45_iter4,NICSLU,12,200,200,12.0,55.0
816,matrix_159_seed45_iter4,NICSLU,12,200,200,12.0,52.0
817,matrix_15_seed42_iter1,NICSLU,12,200,200,12.0,59.0
818,matrix_160_seed45_iter4,NICSLU,12,200,200,12.0,53.0
819,matrix_161_seed45_iter4,NICSLU,12,47247,300,12.0,10.0
820,matrix_162_seed45_iter4,NICSLU,12,47193,300,12.0,11.0
821,matrix_163_seed45_iter4,NICSLU,12,47421,300,12.0,10.0
822,matrix_164_seed45_iter4,NICSLU,12,47937,300,12.0,9.0
823,matrix_165_seed45_iter4,NICSLU,12,49507,300,12.0,9.0
824,matrix_166_seed45_iter4,NICSLU,12,400,400,12.0,80.0
825,matrix_167_seed45_iter4,NICSLU,12,400,400,12.0,92.0
826,matrix_168_seed45_iter4,NICSLU,12,400,400,12.0,79.0
827,matrix_169_seed45_iter4,NICSLU,12,400,400,12.0,87.0
828,matrix_16_seed42_iter1,NICSLU,12,200,200,12.0,54.0
829,matrix_170_seed45_iter4,NICSLU,12,400,400,12.0,79.0
830,matrix_171_seed45_iter4,NICSLU,12,130956,500,12.0,9.0
831,matrix_172_seed45_iter4,NICSLU,12,131253,500,12.0,8.0
832,matrix_173_seed45_iter4,NICSLU,12,130616,500,12.0,11.0
833,matrix_174_seed45_iter4,NICSLU,12,130811,500,12.0,10.0
834,matrix_175_seed45_iter4,NICSLU,12,133606,500,12.0,10.0
835,matrix_176_seed45_iter4,NICSLU,12,188428,600,12.0,11.0
836,matrix_177_seed45_iter4,NICSLU,12,188529,600,12.0,10.0
837,matrix_178_seed45_iter4,NICSLU,12,188732,600,12.0,13.0
838,matrix_179_seed45_iter4,NICSLU,12,188507,600,12.0,11.0
839,matrix_17_seed42_iter1,NICSLU,12,200,200,12.0,55.0
840,matrix_180_seed45_iter4,NICSLU,12,190878,600,12.0,11.0
841,matrix_181_seed45_iter4,NICSLU,12,256240,700,12.0,20.0
842,matrix_182_seed45_iter4,NICSLU,12,256938,700,12.0,12.0
843,matrix_183_seed45_iter4,NICSLU,12,256317,700,12.0,12.0
844,matrix_184_seed45_iter4,NICSLU,12,256991,700,12.0,12.0
845,matrix_185_seed45_iter4,NICSLU,12,257562,700,12.0,12.0
846,matrix_186_seed45_iter4,NICSLU,12,334466,800,12.0,8.0
847,matrix_187_seed45_iter4,NICSLU,12,335449,800,12.0,9.0
848,matrix_188_seed45_iter4,NICSLU,12,335168,800,12.0,10.0
849,matrix_189_seed45_iter4,NICSLU,12,335451,800,12.0,10.0
850,matrix_18_seed42_iter1,NICSLU,12,200,200,12.0,62.0
851,matrix_190_seed45_iter4,NICSLU,12,335227,800,12.0,10.0
852,matrix_191_seed45_iter4,NICSLU,12,900,900,12.0,144.0
853,matrix_192_seed45_iter4,NICSLU,12,900,900,12.0,148.0
854,matrix_193_seed45_iter4,NICSLU,12,900,900,12.0,140.0
855,matrix_194_seed45_iter4,NICSLU,12,900,900,12.0,133.0
856,matrix_195_seed45_iter4,NICSLU,12,900,900,12.0,154.0
857,matrix_196_seed45_iter4,NICSLU,12,73988,1000,12.0,12.0
858,matrix_197_seed45_iter4,NICSLU,12,73943,1000,12.0,12.0
859,matrix_19_seed42_iter1,NICSLU,12,200,200,12.0,57.0
860,matrix_1_seed42_iter1,NICSLU,12,1729,100,12.0,8.0
861,matrix_2,NICSLU,12,29959,200,12.0,9.0
862,matrix_20_seed42_iter1,NICSLU,12,200,200,12.0,55.0
863,matrix_21_seed42_iter1,NICSLU,12,16042,300,12.0,9.0
864,matrix_22_seed42_iter1,NICSLU,12,16076,300,12.0,9.0
865,matrix_23_seed42_iter1,NICSLU,12,16058,300,12.0,8.0
866,matrix_24_seed42_iter1,NICSLU,12,16046,300,12.0,8.0
867,matrix_25_seed42_iter1,NICSLU,12,16082,300,12.0,9.0
868,matrix_26_seed42_iter1,NICSLU,12,16035,300,12.0,7.0
869,matrix_27_seed42_iter1,NICSLU,12,16082,300,12.0,8.0
870,matrix_28_seed42_iter1,NICSLU,12,16033,300,12.0,7.0
871,matrix_29_seed42_iter1,NICSLU,12,16023,300,12.0,9.0
872,matrix_2_seed42_iter1,NICSLU,12,1733,100,12.0,10.0
873,matrix_3,NICSLU,12,72144,300,12.0,16.0
874,matrix_30_seed42_iter1,NICSLU,12,16005,300,12.0,8.0
875,matrix_31_seed42_iter1,NICSLU,12,28649,400,12.0,9.0
876,matrix_32_seed42_iter1,NICSLU,12,28699,400,12.0,8.0
877,matrix_33_seed42_iter1,NICSLU,12,28592,400,12.0,8.0
878,matrix_34_seed42_iter1,NICSLU,12,28603,400,12.0,8.0
879,matrix_35_seed42_iter1,NICSLU,12,28686,400,12.0,8.0
880,matrix_36_seed42_iter1,NICSLU,12,28618,400,12.0,8.0
881,matrix_37_seed42_iter1,NICSLU,12,28575,400,12.0,9.0
882,matrix_38_seed42_iter1,NICSLU,12,28582,400,12.0,8.0
883,matrix_39_seed42_iter1,NICSLU,12,28656,400,12.0,9.0
884,matrix_3_seed42_iter1,NICSLU,12,1717,100,12.0,7.0
885,matrix_4,NICSLU,12,82469,400,12.0,8.0
886,matrix_40_seed42_iter1,NICSLU,12,28611,400,12.0,8.0
887,matrix_41_seed42_iter1,NICSLU,12,44842,500,12.0,10.0
888,matrix_42_seed42_iter1,NICSLU,12,44794,500,12.0,9.0
889,matrix_43_seed42_iter1,NICSLU,12,44816,500,12.0,11.0
890,matrix_44_seed42_iter1,NICSLU,12,44888,500,12.0,10.0
891,matrix_45_seed42_iter1,NICSLU,12,44862,500,12.0,10.0
892,matrix_46_seed42_iter1,NICSLU,12,44814,500,12.0,10.0
893,matrix_47_seed42_iter1,NICSLU,12,44800,500,12.0,8.0
894,matrix_48_seed42_iter1,NICSLU,12,44852,500,12.0,12.0
895,matrix_49_seed42_iter1,NICSLU,12,44931,500,12.0,11.0
896,matrix_4_seed42_iter1,NICSLU,12,1731,100,12.0,8.0
897,matrix_5,NICSLU,12,173613,500,12.0,10.0
898,matrix_50_seed42_iter1,NICSLU,12,44826,500,12.0,10.0
899,matrix_51_seed42_iter1,NICSLU,12,600,600,12.0,99.0
900,matrix_51_seed43_iter2,NICSLU,12,5264,100,12.0,10.0
901,matrix_52_seed42_iter1,NICSLU,12,600,600,12.0,85.0
902,matrix_52_seed43_iter2,NICSLU,12,5244,100,12.0,8.0
903,matrix_53_seed42_iter1,NICSLU,12,600,600,12.0,104.0
904,matrix_53_seed43_iter2,NICSLU,12,5396,100,12.0,9.0
905,matrix_54_seed42_iter1,NICSLU,12,600,600,12.0,97.0
906,matrix_54_seed43_iter2,NICSLU,12,5576,100,12.0,10.0
907,matrix_55_seed42_iter1,NICSLU,12,600,600,12.0,100.0
908,matrix_55_seed43_iter2,NICSLU,12,5640,100,12.0,9.0
909,matrix_56_seed42_iter1,NICSLU,12,600,600,12.0,99.0
910,matrix_56_seed43_iter2,NICSLU,12,24509,200,12.0,9.0
911,matrix_57_seed42_iter1,NICSLU,12,600,600,12.0,104.0
912,matrix_57_seed43_iter2,NICSLU,12,24465,200,12.0,9.0
913,matrix_58_seed42_iter1,NICSLU,12,600,600,12.0,103.0
914,matrix_58_seed43_iter2,NICSLU,12,24488,200,12.0,9.0
915,matrix_59_seed42_iter1,NICSLU,12,600,600,12.0,98.0
916,matrix_59_seed43_iter2,NICSLU,12,25416,200,12.0,9.0
917,matrix_5_seed42_iter1,NICSLU,12,1730,100,12.0,10.0
918,matrix_6,NICSLU,12,277359,600,12.0,12.0
919,matrix_60_seed42_iter1,NICSLU,12,600,600,12.0,102.0
920,matrix_60_seed43_iter2,NICSLU,12,26209,200,12.0,9.0
921,matrix_61_seed42_iter1,NICSLU,12,9918,700,12.0,8.0
922,matrix_61_seed43_iter2,NICSLU,12,6841,300,12.0,9.0
923,matrix_62_seed42_iter1,NICSLU,12,9923,700,12.0,10.0
924,matrix_62_seed43_iter2,NICSLU,12,6863,300,12.0,9.0
925,matrix_63_seed42_iter1,NICSLU,12,9906,700,12.0,8.0
926,matrix_63_seed43_iter2,NICSLU,12,6864,300,12.0,8.0
927,matrix_64_seed42_iter1,NICSLU,12,9930,700,12.0,10.0
928,matrix_64_seed43_iter2,NICSLU,12,6948,300,12.0,8.0
929,matrix_65_seed42_iter1,NICSLU,12,9936,700,12.0,9.0
930,matrix_65_seed43_iter2,NICSLU,12,7363,300,12.0,8.0
931,matrix_66_seed42_iter1,NICSLU,12,9938,700,12.0,10.0
932,matrix_66_seed43_iter2,NICSLU,12,400,400,12.0,87.0
933,matrix_67_seed42_iter1,NICSLU,12,9905,700,12.0,10.0
934,matrix_67_seed43_iter2,NICSLU,12,400,400,12.0,82.0
935,matrix_68_seed42_iter1,NICSLU,12,9946,700,12.0,8.0
936,matrix_68_seed43_iter2,NICSLU,12,400,400,12.0,82.0
937,matrix_69_seed42_iter1,NICSLU,12,9932,700,12.0,11.0
938,matrix_69_seed43_iter2,NICSLU,12,400,400,12.0,87.0
939,matrix_6_seed42_iter1,NICSLU,12,1557,100,12.0,8.0
940,matrix_7,NICSLU,12,414107,700,12.0,14.0
941,matrix_70_seed42_iter1,NICSLU,12,9937,700,12.0,7.0
942,matrix_70_seed43_iter2,NICSLU,12,400,400,12.0,77.0
943,matrix_71_seed42_iter1,NICSLU,12,110905,800,12.0,10.0
944,matrix_71_seed43_iter2,NICSLU,12,131203,500,12.0,9.0
945,matrix_72_seed42_iter1,NICSLU,12,110787,800,12.0,9.0
946,matrix_72_seed43_iter2,NICSLU,12,131332,500,12.0,9.0
947,matrix_73_seed42_iter1,NICSLU,12,111001,800,12.0,9.0
948,matrix_73_seed43_iter2,NICSLU,12,131232,500,12.0,9.0
949,matrix_74_seed42_iter1,NICSLU,12,110953,800,12.0,10.0
950,matrix_74_seed43_iter2,NICSLU,12,131152,500,12.0,9.0
951,matrix_75_seed42_iter1,NICSLU,12,111031,800,12.0,9.0
952,matrix_75_seed43_iter2,NICSLU,12,134013,500,12.0,9.0
953,matrix_76_seed42_iter1,NICSLU,12,110987,800,12.0,10.0
954,matrix_76_seed43_iter2,NICSLU,12,188694,600,12.0,11.0
955,matrix_77_seed42_iter1,NICSLU,12,110888,800,12.0,9.0
956,matrix_77_seed43_iter2,NICSLU,12,188837,600,12.0,11.0
957,matrix_78_seed42_iter1,NICSLU,12,110784,800,12.0,9.0
958,matrix_78_seed43_iter2,NICSLU,12,188803,600,12.0,12.0
959,matrix_79_seed42_iter1,NICSLU,12,110845,800,12.0,10.0
960,matrix_79_seed43_iter2,NICSLU,12,188495,600,12.0,11.0
961,matrix_7_seed42_iter1,NICSLU,12,1373,100,12.0,9.0
962,matrix_8,NICSLU,12,389866,800,12.0,9.0
963,matrix_80_seed42_iter1,NICSLU,12,110983,800,12.0,9.0
964,matrix_80_seed43_iter2,NICSLU,12,190828,600,12.0,12.0
965,matrix_81_seed42_iter1,NICSLU,12,1700,1700,12.0,255.0
966,matrix_81_seed43_iter2,NICSLU,12,256891,700,12.0,12.0
967,matrix_82_seed42_iter1,NICSLU,12,1700,1700,12.0,224.0
968,matrix_82_seed43_iter2,NICSLU,12,256122,700,12.0,12.0
969,matrix_83_seed42_iter1,NICSLU,12,1700,1700,12.0,227.0
970,matrix_83_seed43_iter2,NICSLU,12,256324,700,12.0,20.0
971,matrix_84_seed42_iter1,NICSLU,12,1700,1700,12.0,206.0
972,matrix_84_seed43_iter2,NICSLU,12,256242,700,12.0,12.0
973,matrix_85_seed42_iter1,NICSLU,12,1700,1700,12.0,222.0
974,matrix_85_seed43_iter2,NICSLU,12,257608,700,12.0,11.0
975,matrix_86_seed42_iter1,NICSLU,12,1800,1800,12.0,283.0
976,matrix_86_seed43_iter2,NICSLU,12,800,800,12.0,145.0
977,matrix_87_seed42_iter1,NICSLU,12,1800,1800,12.0,241.0
978,matrix_87_seed43_iter2,NICSLU,12,800,800,12.0,131.0
979,matrix_88_seed42_iter1,NICSLU,12,1800,1800,12.0,244.0
980,matrix_88_seed43_iter2,NICSLU,12,800,800,12.0,127.0
981,matrix_89_seed42_iter1,NICSLU,12,1800,1800,12.0,275.0
982,matrix_89_seed43_iter2,NICSLU,12,800,800,12.0,124.0
983,matrix_8_seed42_iter1,NICSLU,12,1212,100,12.0,9.0
984,matrix_9,NICSLU,12,624303,900,12.0,11.0
985,matrix_90_seed42_iter1,NICSLU,12,1800,1800,12.0,277.0
986,matrix_90_seed43_iter2,NICSLU,12,800,800,12.0,129.0
987,matrix_91_seed42_iter1,NICSLU,12,2201332,1900,12.0,8.0
988,matrix_91_seed43_iter2,NICSLU,12,494239,900,12.0,13.0
989,matrix_92_seed42_iter1,NICSLU,12,2201137,1900,12.0,9.0
990,matrix_92_seed43_iter2,NICSLU,12,494273,900,12.0,12.0
991,matrix_93_seed42_iter1,NICSLU,12,2201527,1900,12.0,9.0
992,matrix_93_seed43_iter2,NICSLU,12,494577,900,12.0,12.0
993,matrix_94_seed43_iter2,NICSLU,12,494185,900,12.0,13.0
994,matrix_95_seed43_iter2,NICSLU,12,494013,900,12.0,11.0
995,matrix_96_seed43_iter2,NICSLU,12,524204,1000,12.0,12.0
996,matrix_97_seed43_iter2,NICSLU,12,523815,1000,12.0,11.0
997,matrix_98_seed43_iter2,NICSLU,12,523621,1000,12.0,12.0
998,matrix_99_seed43_iter2,NICSLU,12,523280,1000,12.0,12.0
999,matrix_9_seed42_iter1,NICSLU,12,1015,100,12.0,9.0
1000,matrix_1,NICSLU,24,6055,100,24.0,8.0
1001,matrix_10,NICSLU,24,547532,1000,24.0,12.0
1002,matrix_100_seed43_iter2,NICSLU,24,523647,1000,24.0,10.0
1003,matrix_101_seed44_iter3,NICSLU,24,100,100,24.0,41.0
1004,matrix_102_seed44_iter3,NICSLU,24,100,100,24.0,41.0
1005,matrix_103_seed44_iter3,NICSLU,24,100,100,24.0,45.0
1006,matrix_104_seed44_iter3,NICSLU,24,100,100,24.0,42.0
1007,matrix_105_seed44_iter3,NICSLU,24,100,100,24.0,44.0
1008,matrix_106_seed44_iter3,NICSLU,24,24468,200,24.0,9.0
1009,matrix_107_seed44_iter3,NICSLU,24,24478,200,24.0,9.0
1010,matrix_108_seed44_iter3,NICSLU,24,24517,200,24.0,9.0
1011,matrix_109_seed44_iter3,NICSLU,24,25398,200,24.0,8.0
1012,matrix_10_seed42_iter1,NICSLU,24,1021,100,24.0,8.0
1013,matrix_110_seed44_iter3,NICSLU,24,26345,200,24.0,10.0
1014,matrix_111_seed44_iter3,NICSLU,24,89890,300,24.0,11.0
1015,matrix_112_seed44_iter3,NICSLU,24,89894,300,24.0,11.0
1016,matrix_113_seed44_iter3,NICSLU,24,89888,300,24.0,11.0
1017,matrix_114_seed44_iter3,NICSLU,24,89884,300,24.0,10.0
1018,matrix_115_seed44_iter3,NICSLU,24,89886,300,24.0,10.0
1019,matrix_116_seed44_iter3,NICSLU,24,400,400,24.0,81.0
1020,matrix_117_seed44_iter3,NICSLU,24,400,400,24.0,83.0
1021,matrix_118_seed44_iter3,NICSLU,24,400,400,24.0,84.0
1022,matrix_119_seed44_iter3,NICSLU,24,400,400,24.0,84.0
1023,matrix_11_seed42_iter1,NICSLU,24,200,200,24.0,59.0
1024,matrix_120_seed44_iter3,NICSLU,24,400,400,24.0,81.0
1025,matrix_121_seed44_iter3,NICSLU,24,131177,500,24.0,9.0
1026,matrix_122_seed44_iter3,NICSLU,24,130996,500,24.0,11.0
1027,matrix_123_seed44_iter3,NICSLU,24,130991,500,24.0,10.0
1028,matrix_124_seed44_iter3,NICSLU,24,131029,500,24.0,9.0
1029,matrix_125_seed44_iter3,NICSLU,24,133757,500,24.0,9.0
1030,matrix_126_seed44_iter3,NICSLU,24,600,600,24.0,102.0
1031,matrix_127_seed44_iter3,NICSLU,24,600,600,24.0,103.0
1032,matrix_128_seed44_iter3,NICSLU,24,600,600,24.0,103.0
1033,matrix_129_seed44_iter3,NICSLU,24,600,600,24.0,95.0
1034,matrix_12_seed42_iter1,NICSLU,24,200,200,24.0,55.0
1035,matrix_130_seed44_iter3,NICSLU,24,600,600,24.0,101.0
1036,matrix_131_seed44_iter3,NICSLU,24,700,700,24.0,124.0
1037,matrix_132_seed44_iter3,NICSLU,24,700,700,24.0,118.0
1038,matrix_133_seed44_iter3,NICSLU,24,700,700,24.0,114.0
1039,matrix_134_seed44_iter3,NICSLU,24,700,700,24.0,119.0
1040,matrix_135_seed44_iter3,NICSLU,24,700,700,24.0,112.0
1041,matrix_136_seed44_iter3,NICSLU,24,47499,800,24.0,10.0
1042,matrix_137_seed44_iter3,NICSLU,24,47505,800,24.0,10.0
1043,matrix_138_seed44_iter3,NICSLU,24,47502,800,24.0,10.0
1044,matrix_139_seed44_iter3,NICSLU,24,47430,800,24.0,9.0
1045,matrix_13_seed42_iter1,NICSLU,24,200,200,24.0,57.0
1046,matrix_140_seed44_iter3,NICSLU,24,47503,800,24.0,8.0
1047,matrix_141_seed44_iter3,NICSLU,24,900,900,24.0,145.0
1048,matrix_142_seed44_iter3,NICSLU,24,900,900,24.0,153.0
1049,matrix_143_seed44_iter3,NICSLU,24,900,900,24.0,150.0
1050,matrix_144_seed44_iter3,NICSLU,24,900,900,24.0,140.0
1051,matrix_145_seed44_iter3,NICSLU,24,900,900,24.0,147.0
1052,matrix_146_seed44_iter3,NICSLU,24,999240,1000,24.0,13.0
1053,matrix_147_seed44_iter3,NICSLU,24,999266,1000,24.0,14.0
1054,matrix_148_seed44_iter3,NICSLU,24,999274,1000,24.0,14.0
1055,matrix_149_seed44_iter3,NICSLU,24,999318,1000,24.0,14.0
1056,matrix_14_seed42_iter1,NICSLU,24,200,200,24.0,59.0
1057,matrix_150_seed44_iter3,NICSLU,24,999322,1000,24.0,13.0
1058,matrix_151_seed45_iter4,NICSLU,24,5266,100,24.0,8.0
1059,matrix_152_seed45_iter4,NICSLU,24,5283,100,24.0,9.0
1060,matrix_153_seed45_iter4,NICSLU,24,5434,100,24.0,9.0
1061,matrix_154_seed45_iter4,NICSLU,24,5659,100,24.0,8.0
1062,matrix_155_seed45_iter4,NICSLU,24,5686,100,24.0,9.0
1063,matrix_156_seed45_iter4,NICSLU,24,200,200,24.0,62.0
1064,matrix_157_seed45_iter4,NICSLU,24,200,200,24.0,53.0
1065,matrix_158_seed45_iter4,NICSLU,24,200,200,24.0,54.0
1066,matrix_159_seed45_iter4,NICSLU,24,200,200,24.0,51.0
1067,matrix_15_seed42_iter1,NICSLU,24,200,200,24.0,56.0
1068,matrix_160_seed45_iter4,NICSLU,24,200,200,24.0,55.0
1069,matrix_161_seed45_iter4,NICSLU,24,47247,300,24.0,10.0
1070,matrix_162_seed45_iter4,NICSLU,24,47193,300,24.0,10.0
1071,matrix_163_seed45_iter4,NICSLU,24,47421,300,24.0,10.0
1072,matrix_164_seed45_iter4,NICSLU,24,47937,300,24.0,10.0
1073,matrix_165_seed45_iter4,NICSLU,24,49507,300,24.0,11.0
1074,matrix_166_seed45_iter4,NICSLU,24,400,400,24.0,76.0
1075,matrix_167_seed45_iter4,NICSLU,24,400,400,24.0,85.0
1076,matrix_168_seed45_iter4,NICSLU,24,400,400,24.0,78.0
1077,matrix_169_seed45_iter4,NICSLU,24,400,400,24.0,82.0
1078,matrix_16_seed42_iter1,NICSLU,24,200,200,24.0,49.0
1079,matrix_170_seed45_iter4,NICSLU,24,400,400,24.0,78.0
1080,matrix_171_seed45_iter4,NICSLU,24,130956,500,24.0,10.0
1081,matrix_172_seed45_iter4,NICSLU,24,131253,500,24.0,10.0
1082,matrix_173_seed45_iter4,NICSLU,24,130616,500,24.0,10.0
1083,matrix_174_seed45_iter4,NICSLU,24,130811,500,24.0,9.0
1084,matrix_175_seed45_iter4,NICSLU,24,133606,500,24.0,9.0
1085,matrix_176_seed45_iter4,NICSLU,24,188428,600,24.0,11.0
1086,matrix_177_seed45_iter4,NICSLU,24,188529,600,24.0,11.0
1087,matrix_178_seed45_iter4,NICSLU,24,188732,600,24.0,12.0
1088,matrix_179_seed45_iter4,NICSLU,24,188507,600,24.0,12.0
1089,matrix_17_seed42_iter1,NICSLU,24,200,200,24.0,57.0
1090,matrix_180_seed45_iter4,NICSLU,24,190878,600,24.0,12.0
1091,matrix_181_seed45_iter4,NICSLU,24,256240,700,24.0,11.0
1092,matrix_182_seed45_iter4,NICSLU,24,256938,700,24.0,13.0
1093,matrix_183_seed45_iter4,NICSLU,24,256317,700,24.0,11.0
1094,matrix_184_seed45_iter4,NICSLU,24,256991,700,24.0,11.0
1095,matrix_185_seed45_iter4,NICSLU,24,257562,700,24.0,12.0
1096,matrix_186_seed45_iter4,NICSLU,24,334466,800,24.0,9.0
1097,matrix_187_seed45_iter4,NICSLU,24,335449,800,24.0,10.0
1098,matrix_188_seed45_iter4,NICSLU,24,335168,800,24.0,8.0
1099,matrix_189_seed45_iter4,NICSLU,24,335451,800,24.0,9.0
1100,matrix_18_seed42_iter1,NICSLU,24,200,200,24.0,54.0
1101,matrix_190_seed45_iter4,NICSLU,24,335227,800,24.0,9.0
1102,matrix_191_seed45_iter4,NICSLU,24,900,900,24.0,143.0
1103,matrix_192_seed45_iter4,NICSLU,24,900,900,24.0,142.0
1104,matrix_193_seed45_iter4,NICSLU,24,900,900,24.0,125.0
1105,matrix_194_seed45_iter4,NICSLU,24,900,900,24.0,138.0
1106,matrix_195_seed45_iter4,NICSLU,24,900,900,24.0,138.0
1107,matrix_196_seed45_iter4,NICSLU,24,73988,1000,24.0,14.0
1108,matrix_197_seed45_iter4,NICSLU,24,73943,1000,24.0,12.0
1109,matrix_19_seed42_iter1,NICSLU,24,200,200,24.0,53.0
1110,matrix_1_seed42_iter1,NICSLU,24,1729,100,24.0,8.0
1111,matrix_2,NICSLU,24,29959,200,24.0,10.0
1112,matrix_20_seed42_iter1,NICSLU,24,200,200,24.0,65.0
1113,matrix_21_seed42_iter1,NICSLU,24,16042,300,24.0,8.0
1114,matrix_22_seed42_iter1,NICSLU,24,16076,300,24.0,8.0
1115,matrix_23_seed42_iter1,NICSLU,24,16058,300,24.0,8.0
1116,matrix_24_seed42_iter1,NICSLU,24,16046,300,24.0,8.0
1117,matrix_25_seed42_iter1,NICSLU,24,16082,300,24.0,7.0
1118,matrix_26_seed42_iter1,NICSLU,24,16035,300,24.0,8.0
1119,matrix_27_seed42_iter1,NICSLU,24,16082,300,24.0,9.0
1120,matrix_28_seed42_iter1,NICSLU,24,16033,300,24.0,9.0
1121,matrix_29_seed42_iter1,NICSLU,24,16023,300,24.0,15.0
1122,matrix_2_seed42_iter1,NICSLU,24,1733,100,24.0,8.0
1123,matrix_3,NICSLU,24,72144,300,24.0,9.0
1124,matrix_30_seed42_iter1,NICSLU,24,16005,300,24.0,8.0
1125,matrix_31_seed42_iter1,NICSLU,24,28649,400,24.0,9.0
1126,matrix_32_seed42_iter1,NICSLU,24,28699,400,24.0,8.0
1127,matrix_33_seed42_iter1,NICSLU,24,28592,400,24.0,8.0
1128,matrix_34_seed42_iter1,NICSLU,24,28603,400,24.0,8.0
1129,matrix_35_seed42_iter1,NICSLU,24,28686,400,24.0,9.0
1130,matrix_36_seed42_iter1,NICSLU,24,28618,400,24.0,8.0
1131,matrix_37_seed42_iter1,NICSLU,24,28575,400,24.0,8.0
1132,matrix_38_seed42_iter1,NICSLU,24,28582,400,24.0,8.0
1133,matrix_39_seed42_iter1,NICSLU,24,28656,400,24.0,8.0
1134,matrix_3_seed42_iter1,NICSLU,24,1717,100,24.0,9.0
1135,matrix_4,NICSLU,24,82469,400,24.0,10.0
1136,matrix_40_seed42_iter1,NICSLU,24,28611,400,24.0,10.0
1137,matrix_41_seed42_iter1,NICSLU,24,44842,500,24.0,9.0
1138,matrix_42_seed42_iter1,NICSLU,24,44794,500,24.0,9.0
1139,matrix_43_seed42_iter1,NICSLU,24,44816,500,24.0,11.0
1140,matrix_44_seed42_iter1,NICSLU,24,44888,500,24.0,10.0
1141,matrix_45_seed42_iter1,NICSLU,24,44862,500,24.0,10.0
1142,matrix_46_seed42_iter1,NICSLU,24,44814,500,24.0,10.0
1143,matrix_47_seed42_iter1,NICSLU,24,44800,500,24.0,9.0
1144,matrix_48_seed42_iter1,NICSLU,24,44852,500,24.0,9.0
1145,matrix_49_seed42_iter1,NICSLU,24,44931,500,24.0,9.0
1146,matrix_4_seed42_iter1,NICSLU,24,1731,100,24.0,8.0
1147,matrix_5,NICSLU,24,173613,500,24.0,8.0
1148,matrix_50_seed42_iter1,NICSLU,24,44826,500,24.0,9.0
1149,matrix_51_seed42_iter1,NICSLU,24,600,600,24.0,104.0
1150,matrix_51_seed43_iter2,NICSLU,24,5264,100,24.0,8.0
1151,matrix_52_seed42_iter1,NICSLU,24,600,600,24.0,103.0
1152,matrix_52_seed43_iter2,NICSLU,24,5244,100,24.0,10.0
1153,matrix_53_seed42_iter1,NICSLU,24,600,600,24.0,103.0
1154,matrix_53_seed43_iter2,NICSLU,24,5396,100,24.0,10.0
1155,matrix_54_seed42_iter1,NICSLU,24,600,600,24.0,97.0
1156,matrix_54_seed43_iter2,NICSLU,24,5576,100,24.0,7.0
1157,matrix_55_seed42_iter1,NICSLU,24,600,600,24.0,100.0
1158,matrix_55_seed43_iter2,NICSLU,24,5640,100,24.0,8.0
1159,matrix_56_seed42_iter1,NICSLU,24,600,600,24.0,111.0
1160,matrix_56_seed43_iter2,NICSLU,24,24509,200,24.0,11.0
1161,matrix_57_seed42_iter1,NICSLU,24,600,600,24.0,104.0
1162,matrix_57_seed43_iter2,NICSLU,24,24465,200,24.0,8.0
1163,matrix_58_seed42_iter1,NICSLU,24,600,600,24.0,94.0
1164,matrix_58_seed43_iter2,NICSLU,24,24488,200,24.0,8.0
1165,matrix_59_seed42_iter1,NICSLU,24,600,600,24.0,98.0
1166,matrix_59_seed43_iter2,NICSLU,24,25416,200,24.0,7.0
1167,matrix_5_seed42_iter1,NICSLU,24,1730,100,24.0,8.0
1168,matrix_6,NICSLU,24,277359,600,24.0,10.0
1169,matrix_60_seed42_iter1,NICSLU,24,600,600,24.0,101.0
1170,matrix_60_seed43_iter2,NICSLU,24,26209,200,24.0,9.0
1171,matrix_61_seed42_iter1,NICSLU,24,9918,700,24.0,9.0
1172,matrix_61_seed43_iter2,NICSLU,24,6841,300,24.0,10.0
1173,matrix_62_seed42_iter1,NICSLU,24,9923,700,24.0,9.0
1174,matrix_62_seed43_iter2,NICSLU,24,6863,300,24.0,8.0
1175,matrix_63_seed42_iter1,NICSLU,24,9906,700,24.0,9.0
1176,matrix_63_seed43_iter2,NICSLU,24,6864,300,24.0,9.0
1177,matrix_64_seed42_iter1,NICSLU,24,9930,700,24.0,9.0
1178,matrix_64_seed43_iter2,NICSLU,24,6948,300,24.0,8.0
1179,matrix_65_seed42_iter1,NICSLU,24,9936,700,24.0,9.0
1180,matrix_65_seed43_iter2,NICSLU,24,7363,300,24.0,8.0
1181,matrix_66_seed42_iter1,NICSLU,24,9938,700,24.0,9.0
1182,matrix_66_seed43_iter2,NICSLU,24,400,400,24.0,85.0
1183,matrix_67_seed42_iter1,NICSLU,24,9905,700,24.0,8.0
1184,matrix_67_seed43_iter2,NICSLU,24,400,400,24.0,81.0
1185,matrix_68_seed42_iter1,NICSLU,24,9946,700,24.0,8.0
1186,matrix_68_seed43_iter2,NICSLU,24,400,400,24.0,84.0
1187,matrix_69_seed42_iter1,NICSLU,24,9932,700,24.0,9.0
1188,matrix_69_seed43_iter2,NICSLU,24,400,400,24.0,80.0
1189,matrix_6_seed42_iter1,NICSLU,24,1557,100,24.0,9.0
1190,matrix_7,NICSLU,24,414107,700,24.0,15.0
1191,matrix_70_seed42_iter1,NICSLU,24,9937,700,24.0,9.0
1192,matrix_70_seed43_iter2,NICSLU,24,400,400,24.0,75.0
1193,matrix_71_seed42_iter1,NICSLU,24,110905,800,24.0,9.0
1194,matrix_71_seed43_iter2,NICSLU,24,131203,500,24.0,11.0
1195,matrix_72_seed42_iter1,NICSLU,24,110787,800,24.0,9.0
1196,matrix_72_seed43_iter2,NICSLU,24,131332,500,24.0,9.0
1197,matrix_73_seed42_iter1,NICSLU,24,111001,800,24.0,10.0
1198,matrix_73_seed43_iter2,NICSLU,24,131232,500,24.0,10.0
1199,matrix_74_seed42_iter1,NICSLU,24,110953,800,24.0,9.0
1200,matrix_74_seed43_iter2,NICSLU,24,131152,500,24.0,10.0
1201,matrix_75_seed42_iter1,NICSLU,24,111031,800,24.0,10.0
1202,matrix_75_seed43_iter2,NICSLU,24,134013,500,24.0,9.0
1203,matrix_76_seed42_iter1,NICSLU,24,110987,800,24.0,11.0
1204,matrix_76_seed43_iter2,NICSLU,24,188694,600,24.0,11.0
1205,matrix_77_seed42_iter1,NICSLU,24,110888,800,24.0,10.0
1206,matrix_77_seed43_iter2,NICSLU,24,188837,600,24.0,12.0
1207,matrix_78_seed42_iter1,NICSLU,24,110784,800,24.0,9.0
1208,matrix_78_seed43_iter2,NICSLU,24,188803,600,24.0,11.0
1209,matrix_79_seed42_iter1,NICSLU,24,110845,800,24.0,10.0
1210,matrix_79_seed43_iter2,NICSLU,24,188495,600,24.0,10.0
1211,matrix_7_seed42_iter1,NICSLU,24,1373,100,24.0,7.0
1212,matrix_8,NICSLU,24,389866,800,24.0,9.0
1213,matrix_80_seed42_iter1,NICSLU,24,110983,800,24.0,10.0
1214,matrix_80_seed43_iter2,NICSLU,24,190828,600,24.0,11.0
1215,matrix_81_seed42_iter1,NICSLU,24,1700,1700,24.0,222.0
1216,matrix_81_seed43_iter2,NICSLU,24,256891,700,24.0,12.0
1217,matrix_82_seed42_iter1,NICSLU,24,1700,1700,24.0,230.0
1218,matrix_82_seed43_iter2,NICSLU,24,256122,700,24.0,11.0
1219,matrix_83_seed42_iter1,NICSLU,24,1700,1700,24.0,254.0
1220,matrix_83_seed43_iter2,NICSLU,24,256324,700,24.0,11.0
1221,matrix_84_seed42_iter1,NICSLU,24,1700,1700,24.0,200.0
1222,matrix_84_seed43_iter2,NICSLU,24,256242,700,24.0,12.0
1223,matrix_85_seed42_iter1,NICSLU,24,1700,1700,24.0,225.0
1224,matrix_85_seed43_iter2,NICSLU,24,257608,700,24.0,12.0
1225,matrix_86_seed42_iter1,NICSLU,24,1800,1800,24.0,239.0
1226,matrix_86_seed43_iter2,NICSLU,24,800,800,24.0,125.0
1227,matrix_87_seed42_iter1,NICSLU,24,1800,1800,24.0,248.0
1228,matrix_87_seed43_iter2,NICSLU,24,800,800,24.0,120.0
1229,matrix_88_seed42_iter1,NICSLU,24,1800,1800,24.0,268.0
1230,matrix_88_seed43_iter2,NICSLU,24,800,800,24.0,136.0
1231,matrix_89_seed42_iter1,NICSLU,24,1800,1800,24.0,236.0
1232,matrix_89_seed43_iter2,NICSLU,24,800,800,24.0,137.0
1233,matrix_8_seed42_iter1,NICSLU,24,1212,100,24.0,9.0
1234,matrix_9,NICSLU,24,624303,900,24.0,12.0
1235,matrix_90_seed42_iter1,NICSLU,24,1800,1800,24.0,239.0
1236,matrix_90_seed43_iter2,NICSLU,24,800,800,24.0,145.0
1237,matrix_91_seed42_iter1,NICSLU,24,2201332,1900,24.0,9.0
1238,matrix_91_seed43_iter2,NICSLU,24,494239,900,24.0,12.0
1239,matrix_92_seed42_iter1,NICSLU,24,2201137,1900,24.0,9.0
1240,matrix_92_seed43_iter2,NICSLU,24,494273,900,24.0,12.0
1241,matrix_93_seed42_iter1,NICSLU,24,2201527,1900,24.0,9.0
1242,matrix_93_seed43_iter2,NICSLU,24,494577,900,24.0,11.0
1243,matrix_94_seed43_iter2,NICSLU,24,494185,900,24.0,12.0
1244,matrix_95_seed43_iter2,NICSLU,24,494013,900,24.0,13.0
1245,matrix_96_seed43_iter2,NICSLU,24,524204,1000,24.0,12.0
1246,matrix_97_seed43_iter2,NICSLU,24,523815,1000,24.0,13.0
1247,matrix_98_seed43_iter2,NICSLU,24,523621,1000,24.0,12.0
1248,matrix_99_seed43_iter2,NICSLU,24,523280,1000,24.0,12.0
1249,matrix_9_seed42_iter1,NICSLU,24,1015,100,24.0,8.0
1250,matrix_1,NICSLU,32,6055,100,32.0,9.0
1251,matrix_10,NICSLU,32,547532,1000,32.0,12.0
1252,matrix_100_seed43_iter2,NICSLU,32,523647,1000,32.0,13.0
1253,matrix_101_seed44_iter3,NICSLU,32,100,100,32.0,41.0
1254,matrix_102_seed44_iter3,NICSLU,32,100,100,32.0,42.0
1255,matrix_103_seed44_iter3,NICSLU,32,100,100,32.0,38.0
1256,matrix_104_seed44_iter3,NICSLU,32,100,100,32.0,45.0
1257,matrix_105_seed44_iter3,NICSLU,32,100,100,32.0,42.0
1258,matrix_106_seed44_iter3,NICSLU,32,24468,200,32.0,8.0
1259,matrix_107_seed44_iter3,NICSLU,32,24478,200,32.0,9.0
1260,matrix_108_seed44_iter3,NICSLU,32,24517,200,32.0,7.0
1261,matrix_109_seed44_iter3,NICSLU,32,25398,200,32.0,8.0
1262,matrix_10_seed42_iter1,NICSLU,32,1021,100,32.0,10.0
1263,matrix_110_seed44_iter3,NICSLU,32,26345,200,32.0,8.0
1264,matrix_111_seed44_iter3,NICSLU,32,89890,300,32.0,11.0
1265,matrix_112_seed44_iter3,NICSLU,32,89894,300,32.0,9.0
1266,matrix_113_seed44_iter3,NICSLU,32,89888,300,32.0,9.0
1267,matrix_114_seed44_iter3,NICSLU,32,89884,300,32.0,11.0
1268,matrix_115_seed44_iter3,NICSLU,32,89886,300,32.0,11.0
1269,matrix_116_seed44_iter3,NICSLU,32,400,400,32.0,83.0
1270,matrix_117_seed44_iter3,NICSLU,32,400,400,32.0,82.0
1271,matrix_118_seed44_iter3,NICSLU,32,400,400,32.0,82.0
1272,matrix_119_seed44_iter3,NICSLU,32,400,400,32.0,83.0
1273,matrix_11_seed42_iter1,NICSLU,32,200,200,32.0,56.0
1274,matrix_120_seed44_iter3,NICSLU,32,400,400,32.0,80.0
1275,matrix_121_seed44_iter3,NICSLU,32,131177,500,32.0,10.0
1276,matrix_122_seed44_iter3,NICSLU,32,130996,500,32.0,10.0
1277,matrix_123_seed44_iter3,NICSLU,32,130991,500,32.0,9.0
1278,matrix_124_seed44_iter3,NICSLU,32,131029,500,32.0,9.0
1279,matrix_125_seed44_iter3,NICSLU,32,133757,500,32.0,9.0
1280,matrix_126_seed44_iter3,NICSLU,32,600,600,32.0,111.0
1281,matrix_127_seed44_iter3,NICSLU,32,600,600,32.0,98.0
1282,matrix_128_seed44_iter3,NICSLU,32,600,600,32.0,97.0
1283,matrix_129_seed44_iter3,NICSLU,32,600,600,32.0,114.0
1284,matrix_12_seed42_iter1,NICSLU,32,200,200,32.0,55.0
1285,matrix_130_seed44_iter3,NICSLU,32,600,600,32.0,109.0
1286,matrix_131_seed44_iter3,NICSLU,32,700,700,32.0,113.0
1287,matrix_132_seed44_iter3,NICSLU,32,700,700,32.0,114.0
1288,matrix_133_seed44_iter3,NICSLU,32,700,700,32.0,114.0
1289,matrix_134_seed44_iter3,NICSLU,32,700,700,32.0,103.0
1290,matrix_135_seed44_iter3,NICSLU,32,700,700,32.0,91.0
1291,matrix_136_seed44_iter3,NICSLU,32,47499,800,32.0,10.0
1292,matrix_137_seed44_iter3,NICSLU,32,47505,800,32.0,9.0
1293,matrix_138_seed44_iter3,NICSLU,32,47502,800,32.0,10.0
1294,matrix_139_seed44_iter3,NICSLU,32,47430,800,32.0,9.0
1295,matrix_13_seed42_iter1,NICSLU,32,200,200,32.0,53.0
1296,matrix_140_seed44_iter3,NICSLU,32,47503,800,32.0,9.0
1297,matrix_141_seed44_iter3,NICSLU,32,900,900,32.0,136.0
1298,matrix_142_seed44_iter3,NICSLU,32,900,900,32.0,135.0
1299,matrix_143_seed44_iter3,NICSLU,32,900,900,32.0,118.0
1300,matrix_144_seed44_iter3,NICSLU,32,900,900,32.0,140.0
1301,matrix_145_seed44_iter3,NICSLU,32,900,900,32.0,135.0
1302,matrix_146_seed44_iter3,NICSLU,32,999240,1000,32.0,12.0
1303,matrix_147_seed44_iter3,NICSLU,32,999266,1000,32.0,14.0
1304,matrix_148_seed44_iter3,NICSLU,32,999274,1000,32.0,14.0
1305,matrix_149_seed44_iter3,NICSLU,32,999318,1000,32.0,14.0
1306,matrix_14_seed42_iter1,NICSLU,32,200,200,32.0,50.0
1307,matrix_150_seed44_iter3,NICSLU,32,999322,1000,32.0,13.0
1308,matrix_151_seed45_iter4,NICSLU,32,5266,100,32.0,9.0
1309,matrix_152_seed45_iter4,NICSLU,32,5283,100,32.0,9.0
1310,matrix_153_seed45_iter4,NICSLU,32,5434,100,32.0,9.0
1311,matrix_154_seed45_iter4,NICSLU,32,5659,100,32.0,8.0
1312,matrix_155_seed45_iter4,NICSLU,32,5686,100,32.0,10.0
1313,matrix_156_seed45_iter4,NICSLU,32,200,200,32.0,55.0
1314,matrix_157_seed45_iter4,NICSLU,32,200,200,32.0,54.0
1315,matrix_158_seed45_iter4,NICSLU,32,200,200,32.0,61.0
1316,matrix_159_seed45_iter4,NICSLU,32,200,200,32.0,63.0
1317,matrix_15_seed42_iter1,NICSLU,32,200,200,32.0,52.0
1318,matrix_160_seed45_iter4,NICSLU,32,200,200,32.0,62.0
1319,matrix_161_seed45_iter4,NICSLU,32,47247,300,32.0,8.0
1320,matrix_162_seed45_iter4,NICSLU,32,47193,300,32.0,10.0
1321,matrix_163_seed45_iter4,NICSLU,32,47421,300,32.0,10.0
1322,matrix_164_seed45_iter4,NICSLU,32,47937,300,32.0,10.0
1323,matrix_165_seed45_iter4,NICSLU,32,49507,300,32.0,11.0
1324,matrix_166_seed45_iter4,NICSLU,32,400,400,32.0,76.0
1325,matrix_167_seed45_iter4,NICSLU,32,400,400,32.0,83.0
1326,matrix_168_seed45_iter4,NICSLU,32,400,400,32.0,90.0
1327,matrix_169_seed45_iter4,NICSLU,32,400,400,32.0,90.0
1328,matrix_16_seed42_iter1,NICSLU,32,200,200,32.0,51.0
1329,matrix_170_seed45_iter4,NICSLU,32,400,400,32.0,78.0
1330,matrix_171_seed45_iter4,NICSLU,32,130956,500,32.0,8.0
1331,matrix_172_seed45_iter4,NICSLU,32,131253,500,32.0,9.0
1332,matrix_173_seed45_iter4,NICSLU,32,130616,500,32.0,9.0
1333,matrix_174_seed45_iter4,NICSLU,32,130811,500,32.0,9.0
1334,matrix_175_seed45_iter4,NICSLU,32,133606,500,32.0,8.0
1335,matrix_176_seed45_iter4,NICSLU,32,188428,600,32.0,10.0
1336,matrix_177_seed45_iter4,NICSLU,32,188529,600,32.0,12.0
1337,matrix_178_seed45_iter4,NICSLU,32,188732,600,32.0,12.0
1338,matrix_179_seed45_iter4,NICSLU,32,188507,600,32.0,11.0
1339,matrix_17_seed42_iter1,NICSLU,32,200,200,32.0,55.0
1340,matrix_180_seed45_iter4,NICSLU,32,190878,600,32.0,11.0
1341,matrix_181_seed45_iter4,NICSLU,32,256240,700,32.0,12.0
1342,matrix_182_seed45_iter4,NICSLU,32,256938,700,32.0,13.0
1343,matrix_183_seed45_iter4,NICSLU,32,256317,700,32.0,12.0
1344,matrix_184_seed45_iter4,NICSLU,32,256991,700,32.0,12.0
1345,matrix_185_seed45_iter4,NICSLU,32,257562,700,32.0,10.0
1346,matrix_186_seed45_iter4,NICSLU,32,334466,800,32.0,9.0
1347,matrix_187_seed45_iter4,NICSLU,32,335449,800,32.0,9.0
1348,matrix_188_seed45_iter4,NICSLU,32,335168,800,32.0,10.0
1349,matrix_189_seed45_iter4,NICSLU,32,335451,800,32.0,8.0
1350,matrix_18_seed42_iter1,NICSLU,32,200,200,32.0,59.0
1351,matrix_190_seed45_iter4,NICSLU,32,335227,800,32.0,9.0
1352,matrix_191_seed45_iter4,NICSLU,32,900,900,32.0,156.0
1353,matrix_192_seed45_iter4,NICSLU,32,900,900,32.0,145.0
1354,matrix_193_seed45_iter4,NICSLU,32,900,900,32.0,142.0
1355,matrix_194_seed45_iter4,NICSLU,32,900,900,32.0,141.0
1356,matrix_195_seed45_iter4,NICSLU,32,900,900,32.0,157.0
1357,matrix_196_seed45_iter4,NICSLU,32,73988,1000,32.0,12.0
1358,matrix_197_seed45_iter4,NICSLU,32,73943,1000,32.0,12.0
1359,matrix_19_seed42_iter1,NICSLU,32,200,200,32.0,58.0
1360,matrix_1_seed42_iter1,NICSLU,32,1729,100,32.0,8.0
1361,matrix_2,NICSLU,32,29959,200,32.0,8.0
1362,matrix_20_seed42_iter1,NICSLU,32,200,200,32.0,56.0
1363,matrix_21_seed42_iter1,NICSLU,32,16042,300,32.0,9.0
1364,matrix_22_seed42_iter1,NICSLU,32,16076,300,32.0,9.0
1365,matrix_23_seed42_iter1,NICSLU,32,16058,300,32.0,8.0
1366,matrix_24_seed42_iter1,NICSLU,32,16046,300,32.0,9.0
1367,matrix_25_seed42_iter1,NICSLU,32,16082,300,32.0,9.0
1368,matrix_26_seed42_iter1,NICSLU,32,16035,300,32.0,9.0
1369,matrix_27_seed42_iter1,NICSLU,32,16082,300,32.0,8.0
1370,matrix_28_seed42_iter1,NICSLU,32,16033,300,32.0,8.0
1371,matrix_29_seed42_iter1,NICSLU,32,16023,300,32.0,9.0
1372,matrix_2_seed42_iter1,NICSLU,32,1733,100,32.0,8.0
1373,matrix_3,NICSLU,32,72144,300,32.0,10.0
1374,matrix_30_seed42_iter1,NICSLU,32,16005,300,32.0,8.0
1375,matrix_31_seed42_iter1,NICSLU,32,28649,400,32.0,8.0
1376,matrix_32_seed42_iter1,NICSLU,32,28699,400,32.0,8.0
1377,matrix_33_seed42_iter1,NICSLU,32,28592,400,32.0,9.0
1378,matrix_34_seed42_iter1,NICSLU,32,28603,400,32.0,9.0
1379,matrix_35_seed42_iter1,NICSLU,32,28686,400,32.0,8.0
1380,matrix_36_seed42_iter1,NICSLU,32,28618,400,32.0,8.0
1381,matrix_37_seed42_iter1,NICSLU,32,28575,400,32.0,8.0
1382,matrix_38_seed42_iter1,NICSLU,32,28582,400,32.0,9.0
1383,matrix_39_seed42_iter1,NICSLU,32,28656,400,32.0,9.0
1384,matrix_3_seed42_iter1,NICSLU,32,1717,100,32.0,8.0
1385,matrix_4,NICSLU,32,82469,400,32.0,10.0
1386,matrix_40_seed42_iter1,NICSLU,32,28611,400,32.0,8.0
1387,matrix_41_seed42_iter1,NICSLU,32,44842,500,32.0,9.0
1388,matrix_42_seed42_iter1,NICSLU,32,44794,500,32.0,9.0
1389,matrix_43_seed42_iter1,NICSLU,32,44816,500,32.0,10.0
1390,matrix_44_seed42_iter1,NICSLU,32,44888,500,32.0,10.0
1391,matrix_45_seed42_iter1,NICSLU,32,44862,500,32.0,10.0
1392,matrix_46_seed42_iter1,NICSLU,32,44814,500,32.0,9.0
1393,matrix_47_seed42_iter1,NICSLU,32,44800,500,32.0,9.0
1394,matrix_48_seed42_iter1,NICSLU,32,44852,500,32.0,10.0
1395,matrix_49_seed42_iter1,NICSLU,32,44931,500,32.0,9.0
1396,matrix_4_seed42_iter1,NICSLU,32,1731,100,32.0,9.0
1397,matrix_5,NICSLU,32,173613,500,32.0,11.0
1398,matrix_50_seed42_iter1,NICSLU,32,44826,500,32.0,10.0
1399,matrix_51_seed42_iter1,NICSLU,32,600,600,32.0,98.0
1400,matrix_51_seed43_iter2,NICSLU,32,5264,100,32.0,7.0
1401,matrix_52_seed42_iter1,NICSLU,32,600,600,32.0,110.0
1402,matrix_52_seed43_iter2,NICSLU,32,5244,100,32.0,8.0
1403,matrix_53_seed42_iter1,NICSLU,32,600,600,32.0,99.0
1404,matrix_53_seed43_iter2,NICSLU,32,5396,100,32.0,8.0
1405,matrix_54_seed42_iter1,NICSLU,32,600,600,32.0,99.0
1406,matrix_54_seed43_iter2,NICSLU,32,5576,100,32.0,8.0
1407,matrix_55_seed42_iter1,NICSLU,32,600,600,32.0,103.0
1408,matrix_55_seed43_iter2,NICSLU,32,5640,100,32.0,8.0
1409,matrix_56_seed42_iter1,NICSLU,32,600,600,32.0,103.0
1410,matrix_56_seed43_iter2,NICSLU,32,24509,200,32.0,9.0
1411,matrix_57_seed42_iter1,NICSLU,32,600,600,32.0,102.0
1412,matrix_57_seed43_iter2,NICSLU,32,24465,200,32.0,9.0
1413,matrix_58_seed42_iter1,NICSLU,32,600,600,32.0,102.0
1414,matrix_58_seed43_iter2,NICSLU,32,24488,200,32.0,8.0
1415,matrix_59_seed42_iter1,NICSLU,32,600,600,32.0,105.0
1416,matrix_59_seed43_iter2,NICSLU,32,25416,200,32.0,8.0
1417,matrix_5_seed42_iter1,NICSLU,32,1730,100,32.0,8.0
1418,matrix_6,NICSLU,32,277359,600,32.0,12.0
1419,matrix_60_seed42_iter1,NICSLU,32,600,600,32.0,101.0
1420,matrix_60_seed43_iter2,NICSLU,32,26209,200,32.0,9.0
1421,matrix_61_seed42_iter1,NICSLU,32,9918,700,32.0,8.0
1422,matrix_61_seed43_iter2,NICSLU,32,6841,300,32.0,8.0
1423,matrix_62_seed42_iter1,NICSLU,32,9923,700,32.0,9.0
1424,matrix_62_seed43_iter2,NICSLU,32,6863,300,32.0,9.0
1425,matrix_63_seed42_iter1,NICSLU,32,9906,700,32.0,7.0
1426,matrix_63_seed43_iter2,NICSLU,32,6864,300,32.0,9.0
1427,matrix_64_seed42_iter1,NICSLU,32,9930,700,32.0,9.0
1428,matrix_64_seed43_iter2,NICSLU,32,6948,300,32.0,7.0
1429,matrix_65_seed42_iter1,NICSLU,32,9936,700,32.0,8.0
1430,matrix_65_seed43_iter2,NICSLU,32,7363,300,32.0,8.0
1431,matrix_66_seed42_iter1,NICSLU,32,9938,700,32.0,10.0
1432,matrix_66_seed43_iter2,NICSLU,32,400,400,32.0,106.0
1433,matrix_67_seed42_iter1,NICSLU,32,9905,700,32.0,9.0
1434,matrix_67_seed43_iter2,NICSLU,32,400,400,32.0,85.0
1435,matrix_68_seed42_iter1,NICSLU,32,9946,700,32.0,9.0
1436,matrix_68_seed43_iter2,NICSLU,32,400,400,32.0,85.0
1437,matrix_69_seed42_iter1,NICSLU,32,9932,700,32.0,9.0
1438,matrix_69_seed43_iter2,NICSLU,32,400,400,32.0,74.0
1439,matrix_6_seed42_iter1,NICSLU,32,1557,100,32.0,9.0
1440,matrix_7,NICSLU,32,414107,700,32.0,12.0
1441,matrix_70_seed42_iter1,NICSLU,32,9937,700,32.0,9.0
1442,matrix_70_seed43_iter2,NICSLU,32,400,400,32.0,89.0
1443,matrix_71_seed42_iter1,NICSLU,32,110905,800,32.0,9.0
1444,matrix_71_seed43_iter2,NICSLU,32,131203,500,32.0,9.0
1445,matrix_72_seed42_iter1,NICSLU,32,110787,800,32.0,9.0
1446,matrix_72_seed43_iter2,NICSLU,32,131332,500,32.0,9.0
1447,matrix_73_seed42_iter1,NICSLU,32,111001,800,32.0,10.0
1448,matrix_73_seed43_iter2,NICSLU,32,131232,500,32.0,9.0
1449,matrix_74_seed42_iter1,NICSLU,32,110953,800,32.0,9.0
1450,matrix_74_seed43_iter2,NICSLU,32,131152,500,32.0,10.0
1451,matrix_75_seed42_iter1,NICSLU,32,111031,800,32.0,10.0
1452,matrix_75_seed43_iter2,NICSLU,32,134013,500,32.0,9.0
1453,matrix_76_seed42_iter1,NICSLU,32,110987,800,32.0,9.0
1454,matrix_76_seed43_iter2,NICSLU,32,188694,600,32.0,12.0
1455,matrix_77_seed42_iter1,NICSLU,32,110888,800,32.0,10.0
1456,matrix_77_seed43_iter2,NICSLU,32,188837,600,32.0,10.0
1457,matrix_78_seed42_iter1,NICSLU,32,110784,800,32.0,9.0
1458,matrix_78_seed43_iter2,NICSLU,32,188803,600,32.0,11.0
1459,matrix_79_seed42_iter1,NICSLU,32,110845,800,32.0,9.0
1460,matrix_79_seed43_iter2,NICSLU,32,188495,600,32.0,12.0
1461,matrix_7_seed42_iter1,NICSLU,32,1373,100,32.0,8.0
1462,matrix_8,NICSLU,32,389866,800,32.0,8.0
1463,matrix_80_seed42_iter1,NICSLU,32,110983,800,32.0,10.0
1464,matrix_80_seed43_iter2,NICSLU,32,190828,600,32.0,12.0
1465,matrix_81_seed42_iter1,NICSLU,32,1700,1700,32.0,230.0
1466,matrix_81_seed43_iter2,NICSLU,32,256891,700,32.0,12.0
1467,matrix_82_seed42_iter1,NICSLU,32,1700,1700,32.0,200.0
1468,matrix_82_seed43_iter2,NICSLU,32,256122,700,32.0,10.0
1469,matrix_83_seed42_iter1,NICSLU,32,1700,1700,32.0,182.0
1470,matrix_83_seed43_iter2,NICSLU,32,256324,700,32.0,12.0
1471,matrix_84_seed42_iter1,NICSLU,32,1700,1700,32.0,226.0
1472,matrix_84_seed43_iter2,NICSLU,32,256242,700,32.0,10.0
1473,matrix_85_seed42_iter1,NICSLU,32,1700,1700,32.0,237.0
1474,matrix_85_seed43_iter2,NICSLU,32,257608,700,32.0,12.0
1475,matrix_86_seed42_iter1,NICSLU,32,1800,1800,32.0,254.0
1476,matrix_86_seed43_iter2,NICSLU,32,800,800,32.0,129.0
1477,matrix_87_seed42_iter1,NICSLU,32,1800,1800,32.0,246.0
1478,matrix_87_seed43_iter2,NICSLU,32,800,800,32.0,122.0
1479,matrix_88_seed42_iter1,NICSLU,32,1800,1800,32.0,247.0
1480,matrix_88_seed43_iter2,NICSLU,32,800,800,32.0,124.0
1481,matrix_89_seed42_iter1,NICSLU,32,1800,1800,32.0,250.0
1482,matrix_89_seed43_iter2,NICSLU,32,800,800,32.0,139.0
1483,matrix_8_seed42_iter1,NICSLU,32,1212,100,32.0,8.0
1484,matrix_9,NICSLU,32,624303,900,32.0,11.0
1485,matrix_90_seed42_iter1,NICSLU,32,1800,1800,32.0,245.0
1486,matrix_90_seed43_iter2,NICSLU,32,800,800,32.0,121.0
1487,matrix_91_seed42_iter1,NICSLU,32,2201332,1900,32.0,8.0
1488,matrix_91_seed43_iter2,NICSLU,32,494239,900,32.0,13.0
1489,matrix_92_seed42_iter1,NICSLU,32,2201137,1900,32.0,9.0
1490,matrix_92_seed43_iter2,NICSLU,32,494273,900,32.0,14.0
1491,matrix_93_seed42_iter1,NICSLU,32,2201527,1900,32.0,10.0
1492,matrix_93_seed43_iter2,NICSLU,32,494577,900,32.0,12.0
1493,matrix_94_seed43_iter2,NICSLU,32,494185,900,32.0,13.0
1494,matrix_95_seed43_iter2,NICSLU,32,494013,900,32.0,12.0
1495,matrix_96_seed43_iter2,NICSLU,32,524204,1000,32.0,11.0
1496,matrix_97_seed43_iter2,NICSLU,32,523815,1000,32.0,12.0
1497,matrix_98_seed43_iter2,NICSLU,32,523621,1000,32.0,22.0
1498,matrix_99_seed43_iter2,NICSLU,32,523280,1000,32.0,12.0
1499,matrix_9_seed42_iter1,NICSLU,32,1015,100,32.0,8.0
