index,mtx,algorithmname,threads,nnz,rows,Analyze,Factorization
0,matrix_1,KLU,1,6055,100,57.8,1205.43
1,matrix_10,KLU,1,547532,1000,-2.0,-2.0
2,matrix_100_seed43_iter2,KLU,1,523647,1000,-2.0,-2.0
3,matrix_101_seed44_iter3,KLU,1,100,100,2.92,3.09
4,matrix_102_seed44_iter3,KLU,1,100,100,3.02,3.07
5,matrix_103_seed44_iter3,KLU,1,100,100,3.07,3.08
6,matrix_104_seed44_iter3,KLU,1,100,100,3.27,3.1
7,matrix_105_seed44_iter3,KLU,1,100,100,3.26,3.07
8,matrix_106_seed44_iter3,KLU,1,24468,200,147.28,4508.97
9,matrix_107_seed44_iter3,KLU,1,24478,200,145.03,4126.95
10,matrix_108_seed44_iter3,KLU,1,24517,200,148.67,4060.05
11,matrix_109_seed44_iter3,KLU,1,25398,200,147.03,4353.44
12,matrix_10_seed42_iter1,KLU,1,1021,100,23.75,51.88
13,matrix_110_seed44_iter3,KLU,1,26345,200,151.74,4553.16
14,matrix_111_seed44_iter3,KLU,1,89890,300,389.85,25354.4
15,matrix_112_seed44_iter3,KLU,1,89894,300,389.12,25426.4
16,matrix_113_seed44_iter3,KLU,1,89888,300,389.99,25412.0
17,matrix_114_seed44_iter3,KLU,1,89884,300,389.34,25381.2
18,matrix_115_seed44_iter3,KLU,1,89886,300,389.93,25412.2
19,matrix_116_seed44_iter3,KLU,1,400,400,12.52,12.96
20,matrix_117_seed44_iter3,KLU,1,400,400,12.43,13.04
21,matrix_118_seed44_iter3,KLU,1,400,400,12.42,12.99
22,matrix_119_seed44_iter3,KLU,1,400,400,12.41,13.13
23,matrix_11_seed42_iter1,KLU,1,200,200,5.85,6.2
24,matrix_120_seed44_iter3,KLU,1,400,400,12.27,12.75
25,matrix_121_seed44_iter3,KLU,1,131177,500,1320.02,109528.0
26,matrix_122_seed44_iter3,KLU,1,130996,500,1309.02,109341.0
27,matrix_123_seed44_iter3,KLU,1,130991,500,1318.42,109829.0
28,matrix_124_seed44_iter3,KLU,1,131029,500,1309.61,109592.0
29,matrix_125_seed44_iter3,KLU,1,133757,500,1328.22,109351.0
30,matrix_126_seed44_iter3,KLU,1,600,600,18.58,19.14
31,matrix_127_seed44_iter3,KLU,1,600,600,18.82,19.13
32,matrix_128_seed44_iter3,KLU,1,600,600,18.31,19.41
33,matrix_129_seed44_iter3,KLU,1,600,600,18.34,19.22
34,matrix_12_seed42_iter1,KLU,1,200,200,6.16,6.13
35,matrix_130_seed44_iter3,KLU,1,600,600,18.17,19.2
36,matrix_131_seed44_iter3,KLU,1,700,700,21.77,22.22
37,matrix_132_seed44_iter3,KLU,1,700,700,22.09,23.07
38,matrix_133_seed44_iter3,KLU,1,700,700,21.63,22.13
39,matrix_134_seed44_iter3,KLU,1,700,700,21.16,22.2
40,matrix_135_seed44_iter3,KLU,1,700,700,21.32,22.11
41,matrix_136_seed44_iter3,KLU,1,47499,800,2190.68,334584.0
42,matrix_137_seed44_iter3,KLU,1,47505,800,2161.23,339635.0
43,matrix_138_seed44_iter3,KLU,1,47502,800,2104.37,340313.0
44,matrix_139_seed44_iter3,KLU,1,47430,800,2171.96,340236.0
45,matrix_13_seed42_iter1,KLU,1,200,200,6.01,6.56
46,matrix_140_seed44_iter3,KLU,1,47503,800,2143.47,343353.0
47,matrix_141_seed44_iter3,KLU,1,900,900,27.82,29.07
48,matrix_142_seed44_iter3,KLU,1,900,900,27.51,29.21
49,matrix_143_seed44_iter3,KLU,1,900,900,27.18,29.07
50,matrix_144_seed44_iter3,KLU,1,900,900,27.03,30.13
51,matrix_145_seed44_iter3,KLU,1,900,900,27.22,29.31
52,matrix_146_seed44_iter3,KLU,1,999240,1000,-2.0,-2.0
53,matrix_147_seed44_iter3,KLU,1,999266,1000,-2.0,-2.0
54,matrix_148_seed44_iter3,KLU,1,999274,1000,-2.0,-2.0
55,matrix_149_seed44_iter3,KLU,1,999318,1000,-2.0,-2.0
56,matrix_14_seed42_iter1,KLU,1,200,200,5.77,6.14
57,matrix_150_seed44_iter3,KLU,1,999322,1000,-2.0,-2.0
58,matrix_151_seed45_iter4,KLU,1,5266,100,53.22,1064.76
59,matrix_152_seed45_iter4,KLU,1,5283,100,55.89,1043.82
60,matrix_153_seed45_iter4,KLU,1,5434,100,54.07,1060.99
61,matrix_154_seed45_iter4,KLU,1,5659,100,53.86,1117.71
62,matrix_155_seed45_iter4,KLU,1,5686,100,55.36,1077.1
63,matrix_156_seed45_iter4,KLU,1,200,200,6.3,6.13
64,matrix_157_seed45_iter4,KLU,1,200,200,6.2,6.14
65,matrix_158_seed45_iter4,KLU,1,200,200,5.95,6.2
66,matrix_159_seed45_iter4,KLU,1,200,200,5.83,6.13
67,matrix_15_seed42_iter1,KLU,1,200,200,5.96,6.2
68,matrix_160_seed45_iter4,KLU,1,200,200,5.74,6.13
69,matrix_161_seed45_iter4,KLU,1,47247,300,487.47,24550.5
70,matrix_162_seed45_iter4,KLU,1,47193,300,470.67,24352.8
71,matrix_163_seed45_iter4,KLU,1,47421,300,473.44,24640.5
72,matrix_164_seed45_iter4,KLU,1,47937,300,478.86,24333.5
73,matrix_165_seed45_iter4,KLU,1,49507,300,486.09,24618.2
74,matrix_166_seed45_iter4,KLU,1,400,400,12.53,12.82
75,matrix_167_seed45_iter4,KLU,1,400,400,12.21,13.03
76,matrix_168_seed45_iter4,KLU,1,400,400,12.47,12.83
77,matrix_169_seed45_iter4,KLU,1,400,400,12.34,13.03
78,matrix_16_seed42_iter1,KLU,1,200,200,5.9,6.14
79,matrix_170_seed45_iter4,KLU,1,400,400,12.29,12.78
80,matrix_171_seed45_iter4,KLU,1,130956,500,1309.84,109114.0
81,matrix_172_seed45_iter4,KLU,1,131253,500,1319.05,109093.0
82,matrix_173_seed45_iter4,KLU,1,130616,500,1310.66,109736.0
83,matrix_174_seed45_iter4,KLU,1,130811,500,1394.76,109975.0
84,matrix_175_seed45_iter4,KLU,1,133606,500,1326.78,109245.0
85,matrix_176_seed45_iter4,KLU,1,188428,600,1907.24,187000.0
86,matrix_177_seed45_iter4,KLU,1,188529,600,1899.85,187540.0
87,matrix_178_seed45_iter4,KLU,1,188732,600,1908.36,186505.0
88,matrix_179_seed45_iter4,KLU,1,188507,600,1902.14,186616.0
89,matrix_17_seed42_iter1,KLU,1,200,200,6.51,6.14
90,matrix_180_seed45_iter4,KLU,1,190878,600,1910.59,186655.0
91,matrix_181_seed45_iter4,KLU,1,256240,700,2608.9,293800.0
92,matrix_182_seed45_iter4,KLU,1,256938,700,2609.84,292973.0
93,matrix_183_seed45_iter4,KLU,1,256317,700,2600.12,294696.0
94,matrix_184_seed45_iter4,KLU,1,256991,700,2606.19,294513.0
95,matrix_185_seed45_iter4,KLU,1,257562,700,2617.53,292580.0
96,matrix_186_seed45_iter4,KLU,1,334466,800,3406.8,452988.0
97,matrix_187_seed45_iter4,KLU,1,335449,800,3411.74,433418.0
98,matrix_188_seed45_iter4,KLU,1,335168,800,3411.18,432642.0
99,matrix_189_seed45_iter4,KLU,1,335451,800,3403.72,434572.0
100,matrix_18_seed42_iter1,KLU,1,200,200,5.81,6.14
101,matrix_190_seed45_iter4,KLU,1,335227,800,3411.94,434898.0
102,matrix_191_seed45_iter4,KLU,1,900,900,26.93,29.06
103,matrix_192_seed45_iter4,KLU,1,900,900,27.16,29.07
104,matrix_193_seed45_iter4,KLU,1,900,900,28.8,29.11
105,matrix_194_seed45_iter4,KLU,1,900,900,28.6,29.51
106,matrix_195_seed45_iter4,KLU,1,900,900,27.52,29.38
107,matrix_196_seed45_iter4,KLU,1,73988,1000,-2.0,-2.0
108,matrix_197_seed45_iter4,KLU,1,73943,1000,-2.0,-2.0
109,matrix_19_seed42_iter1,KLU,1,200,200,5.89,6.15
110,matrix_1_seed42_iter1,KLU,1,1729,100,37.59,93.49
111,matrix_2,KLU,1,29959,200,229.79,7958.56
112,matrix_20_seed42_iter1,KLU,1,200,200,5.95,6.12
113,matrix_21_seed42_iter1,KLU,1,16042,300,382.04,1214.66
114,matrix_22_seed42_iter1,KLU,1,16076,300,382.23,1232.58
115,matrix_23_seed42_iter1,KLU,1,16058,300,381.54,1212.52
116,matrix_24_seed42_iter1,KLU,1,16046,300,380.49,1207.26
117,matrix_25_seed42_iter1,KLU,1,16082,300,381.94,1217.29
118,matrix_26_seed42_iter1,KLU,1,16035,300,384.92,1229.09
119,matrix_27_seed42_iter1,KLU,1,16082,300,382.86,1257.37
120,matrix_28_seed42_iter1,KLU,1,16033,300,382.36,1234.56
121,matrix_29_seed42_iter1,KLU,1,16023,300,384.24,1195.42
122,matrix_2_seed42_iter1,KLU,1,1733,100,37.51,90.95
123,matrix_3,KLU,1,72144,300,364.78,17253.9
124,matrix_30_seed42_iter1,KLU,1,16005,300,382.11,1228.59
125,matrix_31_seed42_iter1,KLU,1,28649,400,693.51,2586.43
126,matrix_32_seed42_iter1,KLU,1,28699,400,683.86,2567.91
127,matrix_33_seed42_iter1,KLU,1,28592,400,658.96,2675.9
128,matrix_34_seed42_iter1,KLU,1,28603,400,690.2,2538.69
129,matrix_35_seed42_iter1,KLU,1,28686,400,695.71,2577.63
130,matrix_36_seed42_iter1,KLU,1,28618,400,666.1,2513.8
131,matrix_37_seed42_iter1,KLU,1,28575,400,688.36,2565.35
132,matrix_38_seed42_iter1,KLU,1,28582,400,702.24,2562.86
133,matrix_39_seed42_iter1,KLU,1,28656,400,681.52,2543.05
134,matrix_3_seed42_iter1,KLU,1,1717,100,36.75,89.75
135,matrix_4,KLU,1,82469,400,823.34,57036.2
136,matrix_40_seed42_iter1,KLU,1,28611,400,687.89,2550.59
137,matrix_41_seed42_iter1,KLU,1,44842,500,1119.53,4519.09
138,matrix_42_seed42_iter1,KLU,1,44794,500,1136.38,4547.57
139,matrix_43_seed42_iter1,KLU,1,44816,500,1123.99,4524.34
140,matrix_44_seed42_iter1,KLU,1,44888,500,1111.9,4534.88
141,matrix_45_seed42_iter1,KLU,1,44862,500,1113.75,5247.02
142,matrix_46_seed42_iter1,KLU,1,44814,500,1129.4,4525.77
143,matrix_47_seed42_iter1,KLU,1,44800,500,1121.63,4570.61
144,matrix_48_seed42_iter1,KLU,1,44852,500,1119.82,4513.9
145,matrix_49_seed42_iter1,KLU,1,44931,500,1083.61,4502.5
146,matrix_4_seed42_iter1,KLU,1,1731,100,37.6,89.41
147,matrix_5,KLU,1,173613,500,1415.57,110292.0
148,matrix_50_seed42_iter1,KLU,1,44826,500,1116.65,4527.54
149,matrix_51_seed42_iter1,KLU,1,600,600,19.04,19.12
150,matrix_51_seed43_iter2,KLU,1,5264,100,54.18,1047.03
151,matrix_52_seed42_iter1,KLU,1,600,600,18.09,19.11
152,matrix_52_seed43_iter2,KLU,1,5244,100,55.77,1018.27
153,matrix_53_seed42_iter1,KLU,1,600,600,18.57,19.12
154,matrix_53_seed43_iter2,KLU,1,5396,100,55.25,1032.92
155,matrix_54_seed42_iter1,KLU,1,600,600,17.93,19.21
156,matrix_54_seed43_iter2,KLU,1,5576,100,56.46,1062.74
157,matrix_55_seed42_iter1,KLU,1,600,600,18.51,20.2
158,matrix_55_seed43_iter2,KLU,1,5640,100,55.4,1072.39
159,matrix_56_seed42_iter1,KLU,1,600,600,17.96,19.63
160,matrix_56_seed43_iter2,KLU,1,24509,200,146.25,4136.09
161,matrix_57_seed42_iter1,KLU,1,600,600,18.44,19.19
162,matrix_57_seed43_iter2,KLU,1,24465,200,146.74,4153.06
163,matrix_58_seed42_iter1,KLU,1,600,600,18.62,19.12
164,matrix_58_seed43_iter2,KLU,1,24488,200,148.0,4073.11
165,matrix_59_seed42_iter1,KLU,1,600,600,18.58,19.12
166,matrix_59_seed43_iter2,KLU,1,25416,200,152.0,4366.6
167,matrix_5_seed42_iter1,KLU,1,1730,100,37.48,89.37
168,matrix_6,KLU,1,277359,600,2023.87,187401.0
169,matrix_60_seed42_iter1,KLU,1,600,600,18.4,19.18
170,matrix_60_seed43_iter2,KLU,1,26209,200,155.76,4536.61
171,matrix_61_seed42_iter1,KLU,1,9918,700,1031.86,113793.0
172,matrix_61_seed43_iter2,KLU,1,6841,300,435.73,13887.2
173,matrix_62_seed42_iter1,KLU,1,9923,700,1114.87,108657.0
174,matrix_62_seed43_iter2,KLU,1,6863,300,424.38,14039.9
175,matrix_63_seed42_iter1,KLU,1,9906,700,1038.38,114749.0
176,matrix_63_seed43_iter2,KLU,1,6864,300,461.11,13148.8
177,matrix_64_seed42_iter1,KLU,1,9930,700,1116.52,108068.0
178,matrix_64_seed43_iter2,KLU,1,6948,300,425.66,14351.4
179,matrix_65_seed42_iter1,KLU,1,9936,700,1042.64,113029.0
180,matrix_65_seed43_iter2,KLU,1,7363,300,435.25,14905.2
181,matrix_66_seed42_iter1,KLU,1,9938,700,1099.25,108391.0
182,matrix_66_seed43_iter2,KLU,1,400,400,12.44,13.1
183,matrix_67_seed42_iter1,KLU,1,9905,700,1109.46,110010.0
184,matrix_67_seed43_iter2,KLU,1,400,400,12.48,13.02
185,matrix_68_seed42_iter1,KLU,1,9946,700,1086.43,114976.0
186,matrix_68_seed43_iter2,KLU,1,400,400,12.48,13.19
187,matrix_69_seed42_iter1,KLU,1,9932,700,1065.11,106734.0
188,matrix_69_seed43_iter2,KLU,1,400,400,12.67,13.08
189,matrix_6_seed42_iter1,KLU,1,1557,100,34.56,81.73
190,matrix_7,KLU,1,414107,700,2670.07,295904.0
191,matrix_70_seed42_iter1,KLU,1,9937,700,1062.24,112004.0
192,matrix_70_seed43_iter2,KLU,1,400,400,12.49,13.05
193,matrix_71_seed42_iter1,KLU,1,110905,800,3374.25,393242.0
194,matrix_71_seed43_iter2,KLU,1,131203,500,1314.18,109191.0
195,matrix_72_seed42_iter1,KLU,1,110787,800,3343.18,395998.0
196,matrix_72_seed43_iter2,KLU,1,131332,500,1321.78,110480.0
197,matrix_73_seed42_iter1,KLU,1,111001,800,3361.43,394334.0
198,matrix_73_seed43_iter2,KLU,1,131232,500,1313.85,109922.0
199,matrix_74_seed42_iter1,KLU,1,110953,800,3383.66,394922.0
200,matrix_74_seed43_iter2,KLU,1,131152,500,1313.6,109251.0
201,matrix_75_seed42_iter1,KLU,1,111031,800,3383.48,393493.0
202,matrix_75_seed43_iter2,KLU,1,134013,500,1320.92,109070.0
203,matrix_76_seed42_iter1,KLU,1,110987,800,3394.25,393590.0
204,matrix_76_seed43_iter2,KLU,1,188694,600,1913.11,185934.0
205,matrix_77_seed42_iter1,KLU,1,110888,800,3378.58,378045.0
206,matrix_77_seed43_iter2,KLU,1,188837,600,1908.31,186684.0
207,matrix_78_seed42_iter1,KLU,1,110784,800,3365.99,395709.0
208,matrix_78_seed43_iter2,KLU,1,188803,600,1907.0,186905.0
209,matrix_79_seed42_iter1,KLU,1,110845,800,3389.19,397147.0
210,matrix_79_seed43_iter2,KLU,1,188495,600,1899.28,185748.0
211,matrix_7_seed42_iter1,KLU,1,1373,100,30.55,69.28
212,matrix_8,KLU,1,389866,800,3622.27,434183.0
213,matrix_80_seed42_iter1,KLU,1,110983,800,3361.83,394826.0
214,matrix_80_seed43_iter2,KLU,1,190828,600,1922.71,186156.0
215,matrix_81_seed42_iter1,KLU,1,1700,1700,51.28,55.02
216,matrix_81_seed43_iter2,KLU,1,256891,700,2615.97,291095.0
217,matrix_82_seed42_iter1,KLU,1,1700,1700,51.22,56.19
218,matrix_82_seed43_iter2,KLU,1,256122,700,2620.05,293420.0
219,matrix_83_seed42_iter1,KLU,1,1700,1700,51.06,55.03
220,matrix_83_seed43_iter2,KLU,1,256324,700,2606.88,292879.0
221,matrix_84_seed42_iter1,KLU,1,1700,1700,51.98,55.36
222,matrix_84_seed43_iter2,KLU,1,256242,700,2592.3,294501.0
223,matrix_85_seed42_iter1,KLU,1,1700,1700,51.16,54.67
224,matrix_85_seed43_iter2,KLU,1,257608,700,2613.24,293585.0
225,matrix_86_seed42_iter1,KLU,1,1800,1800,54.88,58.81
226,matrix_86_seed43_iter2,KLU,1,800,800,24.58,25.39
227,matrix_87_seed42_iter1,KLU,1,1800,1800,54.28,58.22
228,matrix_87_seed43_iter2,KLU,1,800,800,24.37,25.59
229,matrix_88_seed42_iter1,KLU,1,1800,1800,55.15,58.4
230,matrix_88_seed43_iter2,KLU,1,800,800,24.76,25.67
231,matrix_89_seed42_iter1,KLU,1,1800,1800,54.89,58.17
232,matrix_89_seed43_iter2,KLU,1,800,800,25.37,25.73
233,matrix_8_seed42_iter1,KLU,1,1212,100,27.64,60.64
234,matrix_9,KLU,1,624303,900,-2.0,-2.0
235,matrix_90_seed42_iter1,KLU,1,1800,1800,53.78,58.2
236,matrix_90_seed43_iter2,KLU,1,800,800,23.98,25.53
237,matrix_91_seed42_iter1,KLU,1,2201332,1900,-2.0,-2.0
238,matrix_91_seed43_iter2,KLU,1,494239,900,2495.61,232395.0
239,matrix_92_seed42_iter1,KLU,1,2201137,1900,-2.0,-2.0
240,matrix_92_seed43_iter2,KLU,1,494273,900,2493.49,231662.0
241,matrix_93_seed42_iter1,KLU,1,2201527,1900,-2.0,-2.0
242,matrix_93_seed43_iter2,KLU,1,494577,900,2488.84,231155.0
243,matrix_94_seed43_iter2,KLU,1,494185,900,2496.56,232099.0
244,matrix_95_seed43_iter2,KLU,1,494013,900,2493.49,231252.0
245,matrix_96_seed43_iter2,KLU,1,524204,1000,-2.0,-2.0
246,matrix_97_seed43_iter2,KLU,1,523815,1000,-2.0,-2.0
247,matrix_98_seed43_iter2,KLU,1,523621,1000,-2.0,-2.0
248,matrix_99_seed43_iter2,KLU,1,523280,1000,-2.0,-2.0
249,matrix_9_seed42_iter1,KLU,1,1015,100,23.72,51.6
