index,mtx,algorithmname,threads,nnz,rows,Analyze,Factorization
0,matrix_1,PARDISO,1,6055,100,16018.0,171.28
1,matrix_10,PARDISO,1,547532,1000,67302.0,19113.2
2,matrix_100_seed43_iter2,PARDISO,1,523647,1000,68224.0,20400.4
3,matrix_101_seed44_iter3,PARDISO,1,100,100,15205.0,7.64
4,matrix_102_seed44_iter3,PARDISO,1,100,100,14212.0,7.44
5,matrix_103_seed44_iter3,PARDISO,1,100,100,13946.0,7.44
6,matrix_104_seed44_iter3,PARDISO,1,100,100,13575.0,7.38
7,matrix_105_seed44_iter3,PARDISO,1,100,100,13367.0,7.46
8,matrix_106_seed44_iter3,PARDISO,1,24468,200,15684.0,575.94
9,matrix_107_seed44_iter3,PARDISO,1,24478,200,17922.0,566.38
10,matrix_108_seed44_iter3,PARDISO,1,24517,200,18968.0,663.62
11,matrix_109_seed44_iter3,PARDISO,1,25398,200,18549.0,586.38
12,matrix_10_seed42_iter1,PARDISO,1,1021,100,15720.0,36.68
13,matrix_110_seed44_iter3,PARDISO,1,26345,200,16919.0,618.66
14,matrix_111_seed44_iter3,PARDISO,1,89890,300,21260.0,1159.06
15,matrix_112_seed44_iter3,PARDISO,1,89894,300,21194.0,1182.58
16,matrix_113_seed44_iter3,PARDISO,1,89888,300,21084.0,1123.84
17,matrix_114_seed44_iter3,PARDISO,1,89884,300,21285.0,1193.26
18,matrix_115_seed44_iter3,PARDISO,1,89886,300,21126.0,1130.42
19,matrix_116_seed44_iter3,PARDISO,1,400,400,15314.0,24.52
20,matrix_117_seed44_iter3,PARDISO,1,400,400,14146.0,25.02
21,matrix_118_seed44_iter3,PARDISO,1,400,400,14304.0,24.6
22,matrix_119_seed44_iter3,PARDISO,1,400,400,14295.0,24.58
23,matrix_11_seed42_iter1,PARDISO,1,200,200,14029.0,12.56
24,matrix_120_seed44_iter3,PARDISO,1,400,400,13836.0,24.88
25,matrix_121_seed44_iter3,PARDISO,1,131177,500,30359.0,3505.0
26,matrix_122_seed44_iter3,PARDISO,1,130996,500,30143.0,3682.7
27,matrix_123_seed44_iter3,PARDISO,1,130991,500,30213.0,3499.02
28,matrix_124_seed44_iter3,PARDISO,1,131029,500,29287.0,3565.84
29,matrix_125_seed44_iter3,PARDISO,1,133757,500,30663.0,3539.58
30,matrix_126_seed44_iter3,PARDISO,1,600,600,15646.0,35.78
31,matrix_127_seed44_iter3,PARDISO,1,600,600,14816.0,35.62
32,matrix_128_seed44_iter3,PARDISO,1,600,600,15243.0,35.76
33,matrix_129_seed44_iter3,PARDISO,1,600,600,14338.0,36.64
34,matrix_12_seed42_iter1,PARDISO,1,200,200,14643.0,12.54
35,matrix_130_seed44_iter3,PARDISO,1,600,600,14362.0,36.04
36,matrix_131_seed44_iter3,PARDISO,1,700,700,13534.0,42.1
37,matrix_132_seed44_iter3,PARDISO,1,700,700,14208.0,42.66
38,matrix_133_seed44_iter3,PARDISO,1,700,700,13721.0,42.08
39,matrix_134_seed44_iter3,PARDISO,1,700,700,13835.0,47.52
40,matrix_135_seed44_iter3,PARDISO,1,700,700,13598.0,41.96
41,matrix_136_seed44_iter3,PARDISO,1,47499,800,50926.0,11286.6
42,matrix_137_seed44_iter3,PARDISO,1,47505,800,52092.0,10618.9
43,matrix_138_seed44_iter3,PARDISO,1,47502,800,49310.0,10086.3
44,matrix_139_seed44_iter3,PARDISO,1,47430,800,49224.0,9952.18
45,matrix_13_seed42_iter1,PARDISO,1,200,200,15773.0,12.6
46,matrix_140_seed44_iter3,PARDISO,1,47503,800,51771.0,9825.22
47,matrix_141_seed44_iter3,PARDISO,1,900,900,16364.0,53.94
48,matrix_142_seed44_iter3,PARDISO,1,900,900,15377.0,53.98
49,matrix_143_seed44_iter3,PARDISO,1,900,900,15078.0,53.86
50,matrix_144_seed44_iter3,PARDISO,1,900,900,14896.0,53.86
51,matrix_145_seed44_iter3,PARDISO,1,900,900,14732.0,54.8
52,matrix_146_seed44_iter3,PARDISO,1,999240,1000,60411.0,19047.0
53,matrix_147_seed44_iter3,PARDISO,1,999266,1000,64809.0,21585.4
54,matrix_148_seed44_iter3,PARDISO,1,999274,1000,61925.0,19202.8
55,matrix_149_seed44_iter3,PARDISO,1,999318,1000,61650.0,19613.5
56,matrix_14_seed42_iter1,PARDISO,1,200,200,15942.0,13.5
57,matrix_150_seed44_iter3,PARDISO,1,999322,1000,60849.0,19565.3
58,matrix_151_seed45_iter4,PARDISO,1,5266,100,16046.0,165.84
59,matrix_152_seed45_iter4,PARDISO,1,5283,100,15194.0,170.1
60,matrix_153_seed45_iter4,PARDISO,1,5434,100,15172.0,162.92
61,matrix_154_seed45_iter4,PARDISO,1,5659,100,14512.0,169.18
62,matrix_155_seed45_iter4,PARDISO,1,5686,100,14506.0,164.92
63,matrix_156_seed45_iter4,PARDISO,1,200,200,14511.0,12.7
64,matrix_157_seed45_iter4,PARDISO,1,200,200,14322.0,12.58
65,matrix_158_seed45_iter4,PARDISO,1,200,200,14320.0,12.7
66,matrix_159_seed45_iter4,PARDISO,1,200,200,14302.0,12.6
67,matrix_15_seed42_iter1,PARDISO,1,200,200,13504.0,12.54
68,matrix_160_seed45_iter4,PARDISO,1,200,200,13498.0,12.6
69,matrix_161_seed45_iter4,PARDISO,1,47247,300,18738.0,1298.44
70,matrix_162_seed45_iter4,PARDISO,1,47193,300,21809.0,1151.92
71,matrix_163_seed45_iter4,PARDISO,1,47421,300,20494.0,1247.72
72,matrix_164_seed45_iter4,PARDISO,1,47937,300,21102.0,1176.92
73,matrix_165_seed45_iter4,PARDISO,1,49507,300,21037.0,1238.08
74,matrix_166_seed45_iter4,PARDISO,1,400,400,16296.0,24.64
75,matrix_167_seed45_iter4,PARDISO,1,400,400,14953.0,24.56
76,matrix_168_seed45_iter4,PARDISO,1,400,400,14806.0,24.48
77,matrix_169_seed45_iter4,PARDISO,1,400,400,15143.0,25.92
78,matrix_16_seed42_iter1,PARDISO,1,200,200,15331.0,13.56
79,matrix_170_seed45_iter4,PARDISO,1,400,400,15339.0,24.62
80,matrix_171_seed45_iter4,PARDISO,1,130956,500,29995.0,3543.46
81,matrix_172_seed45_iter4,PARDISO,1,131253,500,29448.0,3528.66
82,matrix_173_seed45_iter4,PARDISO,1,130616,500,30816.0,3848.72
83,matrix_174_seed45_iter4,PARDISO,1,130811,500,29420.0,3536.36
84,matrix_175_seed45_iter4,PARDISO,1,133606,500,28352.0,3525.52
85,matrix_176_seed45_iter4,PARDISO,1,188428,600,34256.0,5727.78
86,matrix_177_seed45_iter4,PARDISO,1,188529,600,35628.0,5344.56
87,matrix_178_seed45_iter4,PARDISO,1,188732,600,35975.0,5913.58
88,matrix_179_seed45_iter4,PARDISO,1,188507,600,35839.0,5586.38
89,matrix_17_seed42_iter1,PARDISO,1,200,200,15572.0,12.64
90,matrix_180_seed45_iter4,PARDISO,1,190878,600,36354.0,5549.28
91,matrix_181_seed45_iter4,PARDISO,1,256240,700,40238.0,7870.38
92,matrix_182_seed45_iter4,PARDISO,1,256938,700,41255.0,8150.64
93,matrix_183_seed45_iter4,PARDISO,1,256317,700,41847.0,7754.36
94,matrix_184_seed45_iter4,PARDISO,1,256991,700,41617.0,7784.58
95,matrix_185_seed45_iter4,PARDISO,1,257562,700,42160.0,7746.66
96,matrix_186_seed45_iter4,PARDISO,1,334466,800,49453.0,10718.7
97,matrix_187_seed45_iter4,PARDISO,1,335449,800,48568.0,11992.5
98,matrix_188_seed45_iter4,PARDISO,1,335168,800,48491.0,10958.1
99,matrix_189_seed45_iter4,PARDISO,1,335451,800,48270.0,10756.6
100,matrix_18_seed42_iter1,PARDISO,1,200,200,15359.0,12.76
101,matrix_190_seed45_iter4,PARDISO,1,335227,800,49807.0,10917.9
102,matrix_191_seed45_iter4,PARDISO,1,900,900,14808.0,53.72
103,matrix_192_seed45_iter4,PARDISO,1,900,900,14729.0,54.08
104,matrix_193_seed45_iter4,PARDISO,1,900,900,14317.0,53.74
105,matrix_194_seed45_iter4,PARDISO,1,900,900,14506.0,54.64
106,matrix_195_seed45_iter4,PARDISO,1,900,900,13975.0,53.92
107,matrix_196_seed45_iter4,PARDISO,1,73988,1000,68202.0,18966.4
108,matrix_197_seed45_iter4,PARDISO,1,73943,1000,71606.0,18865.8
109,matrix_19_seed42_iter1,PARDISO,1,200,200,16215.0,12.62
110,matrix_1_seed42_iter1,PARDISO,1,1729,100,15402.0,47.06
111,matrix_2,PARDISO,1,29959,200,16950.0,611.76
112,matrix_20_seed42_iter1,PARDISO,1,200,200,15021.0,12.5
113,matrix_21_seed42_iter1,PARDISO,1,16042,300,16572.0,411.92
114,matrix_22_seed42_iter1,PARDISO,1,16076,300,17287.0,409.3
115,matrix_23_seed42_iter1,PARDISO,1,16058,300,19005.0,420.96
116,matrix_24_seed42_iter1,PARDISO,1,16046,300,16566.0,417.1
117,matrix_25_seed42_iter1,PARDISO,1,16082,300,17194.0,410.96
118,matrix_26_seed42_iter1,PARDISO,1,16035,300,16879.0,416.48
119,matrix_27_seed42_iter1,PARDISO,1,16082,300,16832.0,408.46
120,matrix_28_seed42_iter1,PARDISO,1,16033,300,16840.0,412.56
121,matrix_29_seed42_iter1,PARDISO,1,16023,300,17644.0,413.46
122,matrix_2_seed42_iter1,PARDISO,1,1733,100,16292.0,46.78
123,matrix_3,PARDISO,1,72144,300,20465.0,1156.52
124,matrix_30_seed42_iter1,PARDISO,1,16005,300,17469.0,408.26
125,matrix_31_seed42_iter1,PARDISO,1,28649,400,18261.0,784.22
126,matrix_32_seed42_iter1,PARDISO,1,28699,400,18834.0,757.82
127,matrix_33_seed42_iter1,PARDISO,1,28592,400,18175.0,781.5
128,matrix_34_seed42_iter1,PARDISO,1,28603,400,17883.0,777.04
129,matrix_35_seed42_iter1,PARDISO,1,28686,400,17921.0,769.26
130,matrix_36_seed42_iter1,PARDISO,1,28618,400,18824.0,767.38
131,matrix_37_seed42_iter1,PARDISO,1,28575,400,18710.0,777.36
132,matrix_38_seed42_iter1,PARDISO,1,28582,400,18311.0,780.76
133,matrix_39_seed42_iter1,PARDISO,1,28656,400,18851.0,795.08
134,matrix_3_seed42_iter1,PARDISO,1,1717,100,15464.0,47.86
135,matrix_4,PARDISO,1,82469,400,25288.0,2407.04
136,matrix_40_seed42_iter1,PARDISO,1,28611,400,18899.0,751.32
137,matrix_41_seed42_iter1,PARDISO,1,44842,500,21411.0,1279.92
138,matrix_42_seed42_iter1,PARDISO,1,44794,500,19811.0,1278.58
139,matrix_43_seed42_iter1,PARDISO,1,44816,500,21394.0,1243.92
140,matrix_44_seed42_iter1,PARDISO,1,44888,500,20547.0,1280.64
141,matrix_45_seed42_iter1,PARDISO,1,44862,500,21347.0,1246.12
142,matrix_46_seed42_iter1,PARDISO,1,44814,500,19899.0,1270.02
143,matrix_47_seed42_iter1,PARDISO,1,44800,500,21227.0,1233.8
144,matrix_48_seed42_iter1,PARDISO,1,44852,500,20760.0,1252.7
145,matrix_49_seed42_iter1,PARDISO,1,44931,500,20785.0,1256.38
146,matrix_4_seed42_iter1,PARDISO,1,1731,100,15725.0,46.84
147,matrix_5,PARDISO,1,173613,500,30434.0,3800.4
148,matrix_50_seed42_iter1,PARDISO,1,44826,500,20585.0,1267.28
149,matrix_51_seed42_iter1,PARDISO,1,600,600,15731.0,35.58
150,matrix_51_seed43_iter2,PARDISO,1,5264,100,14811.0,163.92
151,matrix_52_seed42_iter1,PARDISO,1,600,600,14733.0,35.98
152,matrix_52_seed43_iter2,PARDISO,1,5244,100,15257.0,165.86
153,matrix_53_seed42_iter1,PARDISO,1,600,600,15176.0,35.68
154,matrix_53_seed43_iter2,PARDISO,1,5396,100,14613.0,170.08
155,matrix_54_seed42_iter1,PARDISO,1,600,600,14452.0,35.9
156,matrix_54_seed43_iter2,PARDISO,1,5576,100,15155.0,169.72
157,matrix_55_seed42_iter1,PARDISO,1,600,600,15163.0,36.68
158,matrix_55_seed43_iter2,PARDISO,1,5640,100,15235.0,165.7
159,matrix_56_seed42_iter1,PARDISO,1,600,600,15127.0,35.68
160,matrix_56_seed43_iter2,PARDISO,1,24509,200,16465.0,568.86
161,matrix_57_seed42_iter1,PARDISO,1,600,600,15011.0,35.64
162,matrix_57_seed43_iter2,PARDISO,1,24465,200,16409.0,575.86
163,matrix_58_seed42_iter1,PARDISO,1,600,600,15294.0,36.02
164,matrix_58_seed43_iter2,PARDISO,1,24488,200,17180.0,586.54
165,matrix_59_seed42_iter1,PARDISO,1,600,600,16302.0,35.64
166,matrix_59_seed43_iter2,PARDISO,1,25416,200,16457.0,583.16
167,matrix_5_seed42_iter1,PARDISO,1,1730,100,15752.0,46.84
168,matrix_6,PARDISO,1,277359,600,34147.0,5233.88
169,matrix_60_seed42_iter1,PARDISO,1,600,600,16274.0,35.78
170,matrix_60_seed43_iter2,PARDISO,1,26209,200,18073.0,621.48
171,matrix_61_seed42_iter1,PARDISO,1,9918,700,30597.0,4821.64
172,matrix_61_seed43_iter2,PARDISO,1,6841,300,19244.0,970.28
173,matrix_62_seed42_iter1,PARDISO,1,9923,700,32086.0,4819.4
174,matrix_62_seed43_iter2,PARDISO,1,6863,300,19218.0,1005.76
175,matrix_63_seed42_iter1,PARDISO,1,9906,700,32470.0,4918.88
176,matrix_63_seed43_iter2,PARDISO,1,6864,300,19276.0,983.92
177,matrix_64_seed42_iter1,PARDISO,1,9930,700,31854.0,4829.24
178,matrix_64_seed43_iter2,PARDISO,1,6948,300,19195.0,1009.34
179,matrix_65_seed42_iter1,PARDISO,1,9936,700,29327.0,4861.6
180,matrix_65_seed43_iter2,PARDISO,1,7363,300,19917.0,1009.14
181,matrix_66_seed42_iter1,PARDISO,1,9938,700,31565.0,4651.0
182,matrix_66_seed43_iter2,PARDISO,1,400,400,15403.0,24.5
183,matrix_67_seed42_iter1,PARDISO,1,9905,700,30057.0,5301.22
184,matrix_67_seed43_iter2,PARDISO,1,400,400,16927.0,24.6
185,matrix_68_seed42_iter1,PARDISO,1,9946,700,29763.0,5222.9
186,matrix_68_seed43_iter2,PARDISO,1,400,400,15555.0,24.62
187,matrix_69_seed42_iter1,PARDISO,1,9932,700,29473.0,4827.88
188,matrix_69_seed43_iter2,PARDISO,1,400,400,15486.0,24.7
189,matrix_6_seed42_iter1,PARDISO,1,1557,100,14752.0,44.28
190,matrix_7,PARDISO,1,414107,700,40899.0,7486.88
191,matrix_70_seed42_iter1,PARDISO,1,9937,700,31958.0,4790.2
192,matrix_70_seed43_iter2,PARDISO,1,400,400,15318.0,24.56
193,matrix_71_seed42_iter1,PARDISO,1,110905,800,51441.0,11175.5
194,matrix_71_seed43_iter2,PARDISO,1,131203,500,29359.0,3538.1
195,matrix_72_seed42_iter1,PARDISO,1,110787,800,50360.0,11234.6
196,matrix_72_seed43_iter2,PARDISO,1,131332,500,30353.0,3498.98
197,matrix_73_seed42_iter1,PARDISO,1,111001,800,50745.0,11182.3
198,matrix_73_seed43_iter2,PARDISO,1,131232,500,59264.0,3726.42
199,matrix_74_seed42_iter1,PARDISO,1,110953,800,55765.0,11900.0
200,matrix_74_seed43_iter2,PARDISO,1,131152,500,29537.0,3726.56
201,matrix_75_seed42_iter1,PARDISO,1,111031,800,49920.0,11441.3
202,matrix_75_seed43_iter2,PARDISO,1,134013,500,30487.0,3578.56
203,matrix_76_seed42_iter1,PARDISO,1,110987,800,54059.0,11926.7
204,matrix_76_seed43_iter2,PARDISO,1,188694,600,35032.0,5665.06
205,matrix_77_seed42_iter1,PARDISO,1,110888,800,54190.0,11905.5
206,matrix_77_seed43_iter2,PARDISO,1,188837,600,36174.0,5334.28
207,matrix_78_seed42_iter1,PARDISO,1,110784,800,49671.0,11107.5
208,matrix_78_seed43_iter2,PARDISO,1,188803,600,35984.0,5539.42
209,matrix_79_seed42_iter1,PARDISO,1,110845,800,52239.0,11694.1
210,matrix_79_seed43_iter2,PARDISO,1,188495,600,37322.0,5524.34
211,matrix_7_seed42_iter1,PARDISO,1,1373,100,15496.0,40.98
212,matrix_8,PARDISO,1,389866,800,47894.0,10825.4
213,matrix_80_seed42_iter1,PARDISO,1,110983,800,49156.0,11515.1
214,matrix_80_seed43_iter2,PARDISO,1,190828,600,33855.0,5383.08
215,matrix_81_seed42_iter1,PARDISO,1,1700,1700,16385.0,99.96
216,matrix_81_seed43_iter2,PARDISO,1,256891,700,42749.0,7937.0
217,matrix_82_seed42_iter1,PARDISO,1,1700,1700,16408.0,100.38
218,matrix_82_seed43_iter2,PARDISO,1,256122,700,42018.0,8470.52
219,matrix_83_seed42_iter1,PARDISO,1,1700,1700,16204.0,103.44
220,matrix_83_seed43_iter2,PARDISO,1,256324,700,44349.0,8499.48
221,matrix_84_seed42_iter1,PARDISO,1,1700,1700,15533.0,100.18
222,matrix_84_seed43_iter2,PARDISO,1,256242,700,43250.0,7799.92
223,matrix_85_seed42_iter1,PARDISO,1,1700,1700,16296.0,100.68
224,matrix_85_seed43_iter2,PARDISO,1,257608,700,43176.0,7826.26
225,matrix_86_seed42_iter1,PARDISO,1,1800,1800,16401.0,105.6
226,matrix_86_seed43_iter2,PARDISO,1,800,800,14692.0,50.0
227,matrix_87_seed42_iter1,PARDISO,1,1800,1800,14788.0,105.36
228,matrix_87_seed43_iter2,PARDISO,1,800,800,14391.0,47.98
229,matrix_88_seed42_iter1,PARDISO,1,1800,1800,13949.0,106.04
230,matrix_88_seed43_iter2,PARDISO,1,800,800,13936.0,48.78
231,matrix_89_seed42_iter1,PARDISO,1,1800,1800,14166.0,105.88
232,matrix_89_seed43_iter2,PARDISO,1,800,800,13766.0,48.12
233,matrix_8_seed42_iter1,PARDISO,1,1212,100,14664.0,40.14
234,matrix_9,PARDISO,1,624303,900,57778.0,15610.7
235,matrix_90_seed42_iter1,PARDISO,1,1800,1800,15633.0,107.4
236,matrix_90_seed43_iter2,PARDISO,1,800,800,14571.0,48.94
237,matrix_91_seed42_iter1,PARDISO,1,2201332,1900,621404.0,267412.0
238,matrix_91_seed43_iter2,PARDISO,1,494239,900,86864.0,27875.5
239,matrix_92_seed42_iter1,PARDISO,1,2201137,1900,766819.0,358478.0
240,matrix_92_seed43_iter2,PARDISO,1,494273,900,93067.0,28052.0
241,matrix_93_seed42_iter1,PARDISO,1,2201527,1900,578138.0,245764.0
242,matrix_93_seed43_iter2,PARDISO,1,494577,900,95095.0,28113.1
243,matrix_94_seed43_iter2,PARDISO,1,494185,900,131734.0,44052.9
244,matrix_95_seed43_iter2,PARDISO,1,494013,900,93480.0,27965.8
245,matrix_96_seed43_iter2,PARDISO,1,524204,1000,70163.0,20378.9
246,matrix_97_seed43_iter2,PARDISO,1,523815,1000,68213.0,19270.3
247,matrix_98_seed43_iter2,PARDISO,1,523621,1000,67350.0,18869.4
248,matrix_99_seed43_iter2,PARDISO,1,523280,1000,72699.0,20447.6
249,matrix_9_seed42_iter1,PARDISO,1,1015,100,15636.0,38.2
250,matrix_1,PARDISO,2,6055,100,15483.0,185.46
251,matrix_10,PARDISO,2,547532,1000,67848.0,11074.9
252,matrix_100_seed43_iter2,PARDISO,2,523647,1000,69657.0,12090.9
253,matrix_101_seed44_iter3,PARDISO,2,100,100,16469.0,28.66
254,matrix_102_seed44_iter3,PARDISO,2,100,100,15029.0,28.16
255,matrix_103_seed44_iter3,PARDISO,2,100,100,14520.0,24.8
256,matrix_104_seed44_iter3,PARDISO,2,100,100,14671.0,25.5
257,matrix_105_seed44_iter3,PARDISO,2,100,100,14622.0,25.84
258,matrix_106_seed44_iter3,PARDISO,2,24468,200,16943.0,522.48
259,matrix_107_seed44_iter3,PARDISO,2,24478,200,17548.0,611.68
260,matrix_108_seed44_iter3,PARDISO,2,24517,200,18131.0,726.2
261,matrix_109_seed44_iter3,PARDISO,2,25398,200,17343.0,527.7
262,matrix_10_seed42_iter1,PARDISO,2,1021,100,15194.0,60.32
263,matrix_110_seed44_iter3,PARDISO,2,26345,200,17038.0,639.62
264,matrix_111_seed44_iter3,PARDISO,2,89890,300,21758.0,1094.02
265,matrix_112_seed44_iter3,PARDISO,2,89894,300,21138.0,1139.12
266,matrix_113_seed44_iter3,PARDISO,2,89888,300,20035.0,1107.54
267,matrix_114_seed44_iter3,PARDISO,2,89884,300,21520.0,1165.32
268,matrix_115_seed44_iter3,PARDISO,2,89886,300,21084.0,1096.5
269,matrix_116_seed44_iter3,PARDISO,2,400,400,16505.0,75.5
270,matrix_117_seed44_iter3,PARDISO,2,400,400,14841.0,66.86
271,matrix_118_seed44_iter3,PARDISO,2,400,400,14484.0,71.18
272,matrix_119_seed44_iter3,PARDISO,2,400,400,14410.0,62.22
273,matrix_11_seed42_iter1,PARDISO,2,200,200,14118.0,38.12
274,matrix_120_seed44_iter3,PARDISO,2,400,400,13879.0,73.48
275,matrix_121_seed44_iter3,PARDISO,2,131177,500,30516.0,2525.32
276,matrix_122_seed44_iter3,PARDISO,2,130996,500,30841.0,2616.38
277,matrix_123_seed44_iter3,PARDISO,2,130991,500,30934.0,2547.04
278,matrix_124_seed44_iter3,PARDISO,2,131029,500,29358.0,2615.6
279,matrix_125_seed44_iter3,PARDISO,2,133757,500,31202.0,2594.78
280,matrix_126_seed44_iter3,PARDISO,2,600,600,15631.0,84.14
281,matrix_127_seed44_iter3,PARDISO,2,600,600,14557.0,88.38
282,matrix_128_seed44_iter3,PARDISO,2,600,600,14499.0,81.38
283,matrix_129_seed44_iter3,PARDISO,2,600,600,13878.0,81.42
284,matrix_12_seed42_iter1,PARDISO,2,200,200,13926.0,36.02
285,matrix_130_seed44_iter3,PARDISO,2,600,600,14559.0,91.6
286,matrix_131_seed44_iter3,PARDISO,2,700,700,13878.0,115.96
287,matrix_132_seed44_iter3,PARDISO,2,700,700,14602.0,125.76
288,matrix_133_seed44_iter3,PARDISO,2,700,700,14557.0,122.28
289,matrix_134_seed44_iter3,PARDISO,2,700,700,14593.0,125.92
290,matrix_135_seed44_iter3,PARDISO,2,700,700,14749.0,96.78
291,matrix_136_seed44_iter3,PARDISO,2,47499,800,50493.0,7195.08
292,matrix_137_seed44_iter3,PARDISO,2,47505,800,51842.0,6704.56
293,matrix_138_seed44_iter3,PARDISO,2,47502,800,50414.0,6143.7
294,matrix_139_seed44_iter3,PARDISO,2,47430,800,49302.0,6122.84
295,matrix_13_seed42_iter1,PARDISO,2,200,200,15635.0,48.02
296,matrix_140_seed44_iter3,PARDISO,2,47503,800,52307.0,5989.98
297,matrix_141_seed44_iter3,PARDISO,2,900,900,15586.0,142.54
298,matrix_142_seed44_iter3,PARDISO,2,900,900,15831.0,154.46
299,matrix_143_seed44_iter3,PARDISO,2,900,900,15195.0,123.66
300,matrix_144_seed44_iter3,PARDISO,2,900,900,14978.0,145.56
301,matrix_145_seed44_iter3,PARDISO,2,900,900,14774.0,147.22
302,matrix_146_seed44_iter3,PARDISO,2,999240,1000,60782.0,11250.6
303,matrix_147_seed44_iter3,PARDISO,2,999266,1000,62196.0,11224.9
304,matrix_148_seed44_iter3,PARDISO,2,999274,1000,61311.0,11251.8
305,matrix_149_seed44_iter3,PARDISO,2,999318,1000,62596.0,11707.6
306,matrix_14_seed42_iter1,PARDISO,2,200,200,15950.0,41.78
307,matrix_150_seed44_iter3,PARDISO,2,999322,1000,62217.0,11599.8
308,matrix_151_seed45_iter4,PARDISO,2,5266,100,16243.0,177.0
309,matrix_152_seed45_iter4,PARDISO,2,5283,100,15465.0,187.8
310,matrix_153_seed45_iter4,PARDISO,2,5434,100,15673.0,175.96
311,matrix_154_seed45_iter4,PARDISO,2,5659,100,15630.0,187.7
312,matrix_155_seed45_iter4,PARDISO,2,5686,100,15332.0,179.56
313,matrix_156_seed45_iter4,PARDISO,2,200,200,14519.0,38.06
314,matrix_157_seed45_iter4,PARDISO,2,200,200,13958.0,41.56
315,matrix_158_seed45_iter4,PARDISO,2,200,200,13813.0,36.86
316,matrix_159_seed45_iter4,PARDISO,2,200,200,13835.0,41.54
317,matrix_15_seed42_iter1,PARDISO,2,200,200,13778.0,45.04
318,matrix_160_seed45_iter4,PARDISO,2,200,200,13874.0,48.42
319,matrix_161_seed45_iter4,PARDISO,2,47247,300,18978.0,1212.5
320,matrix_162_seed45_iter4,PARDISO,2,47193,300,21876.0,1085.72
321,matrix_163_seed45_iter4,PARDISO,2,47421,300,26379.0,1195.66
322,matrix_164_seed45_iter4,PARDISO,2,47937,300,20969.0,1077.02
323,matrix_165_seed45_iter4,PARDISO,2,49507,300,21527.0,1196.58
324,matrix_166_seed45_iter4,PARDISO,2,400,400,15733.0,76.32
325,matrix_167_seed45_iter4,PARDISO,2,400,400,14710.0,66.7
326,matrix_168_seed45_iter4,PARDISO,2,400,400,14565.0,73.3
327,matrix_169_seed45_iter4,PARDISO,2,400,400,14003.0,75.06
328,matrix_16_seed42_iter1,PARDISO,2,200,200,14704.0,48.44
329,matrix_170_seed45_iter4,PARDISO,2,400,400,14650.0,76.94
330,matrix_171_seed45_iter4,PARDISO,2,130956,500,31042.0,2596.58
331,matrix_172_seed45_iter4,PARDISO,2,131253,500,29927.0,2515.1
332,matrix_173_seed45_iter4,PARDISO,2,130616,500,31126.0,2856.02
333,matrix_174_seed45_iter4,PARDISO,2,130811,500,30331.0,2634.48
334,matrix_175_seed45_iter4,PARDISO,2,133606,500,29399.0,2712.74
335,matrix_176_seed45_iter4,PARDISO,2,188428,600,34789.0,4003.08
336,matrix_177_seed45_iter4,PARDISO,2,188529,600,36414.0,3534.2
337,matrix_178_seed45_iter4,PARDISO,2,188732,600,36818.0,4104.1
338,matrix_179_seed45_iter4,PARDISO,2,188507,600,36357.0,3716.74
339,matrix_17_seed42_iter1,PARDISO,2,200,200,15439.0,39.42
340,matrix_180_seed45_iter4,PARDISO,2,190878,600,36916.0,3711.96
341,matrix_181_seed45_iter4,PARDISO,2,256240,700,41200.0,5211.14
342,matrix_182_seed45_iter4,PARDISO,2,256938,700,42682.0,5332.62
343,matrix_183_seed45_iter4,PARDISO,2,256317,700,43117.0,4884.2
344,matrix_184_seed45_iter4,PARDISO,2,256991,700,42438.0,4903.74
345,matrix_185_seed45_iter4,PARDISO,2,257562,700,43130.0,4953.76
346,matrix_186_seed45_iter4,PARDISO,2,334466,800,50041.0,6412.04
347,matrix_187_seed45_iter4,PARDISO,2,335449,800,49027.0,7603.1
348,matrix_188_seed45_iter4,PARDISO,2,335168,800,49730.0,6707.32
349,matrix_189_seed45_iter4,PARDISO,2,335451,800,49966.0,6504.8
350,matrix_18_seed42_iter1,PARDISO,2,200,200,16447.0,39.64
351,matrix_190_seed45_iter4,PARDISO,2,335227,800,50381.0,6741.64
352,matrix_191_seed45_iter4,PARDISO,2,900,900,15686.0,121.36
353,matrix_192_seed45_iter4,PARDISO,2,900,900,15651.0,149.7
354,matrix_193_seed45_iter4,PARDISO,2,900,900,15691.0,137.08
355,matrix_194_seed45_iter4,PARDISO,2,900,900,15608.0,148.66
356,matrix_195_seed45_iter4,PARDISO,2,900,900,14581.0,135.28
357,matrix_196_seed45_iter4,PARDISO,2,73988,1000,68352.0,11181.7
358,matrix_197_seed45_iter4,PARDISO,2,73943,1000,71798.0,11651.5
359,matrix_19_seed42_iter1,PARDISO,2,200,200,16521.0,45.12
360,matrix_1_seed42_iter1,PARDISO,2,1729,100,15586.0,71.96
361,matrix_2,PARDISO,2,29959,200,17582.0,627.14
362,matrix_20_seed42_iter1,PARDISO,2,200,200,16480.0,44.66
363,matrix_21_seed42_iter1,PARDISO,2,16042,300,16335.0,434.8
364,matrix_22_seed42_iter1,PARDISO,2,16076,300,16831.0,389.26
365,matrix_23_seed42_iter1,PARDISO,2,16058,300,17054.0,441.84
366,matrix_24_seed42_iter1,PARDISO,2,16046,300,17121.0,428.66
367,matrix_25_seed42_iter1,PARDISO,2,16082,300,17049.0,474.72
368,matrix_26_seed42_iter1,PARDISO,2,16035,300,17074.0,440.08
369,matrix_27_seed42_iter1,PARDISO,2,16082,300,16976.0,449.36
370,matrix_28_seed42_iter1,PARDISO,2,16033,300,16930.0,443.72
371,matrix_29_seed42_iter1,PARDISO,2,16023,300,17097.0,426.34
372,matrix_2_seed42_iter1,PARDISO,2,1733,100,15582.0,70.08
373,matrix_3,PARDISO,2,72144,300,20539.0,1105.38
374,matrix_30_seed42_iter1,PARDISO,2,16005,300,17754.0,435.92
375,matrix_31_seed42_iter1,PARDISO,2,28649,400,19118.0,708.62
376,matrix_32_seed42_iter1,PARDISO,2,28699,400,18986.0,685.34
377,matrix_33_seed42_iter1,PARDISO,2,28592,400,19222.0,729.54
378,matrix_34_seed42_iter1,PARDISO,2,28603,400,19192.0,705.82
379,matrix_35_seed42_iter1,PARDISO,2,28686,400,18914.0,672.98
380,matrix_36_seed42_iter1,PARDISO,2,28618,400,18325.0,774.8
381,matrix_37_seed42_iter1,PARDISO,2,28575,400,18329.0,675.3
382,matrix_38_seed42_iter1,PARDISO,2,28582,400,18882.0,664.96
383,matrix_39_seed42_iter1,PARDISO,2,28656,400,19363.0,689.76
384,matrix_3_seed42_iter1,PARDISO,2,1717,100,15326.0,76.62
385,matrix_4,PARDISO,2,82469,400,25515.0,2100.54
386,matrix_40_seed42_iter1,PARDISO,2,28611,400,19073.0,740.02
387,matrix_41_seed42_iter1,PARDISO,2,44842,500,20887.0,1280.88
388,matrix_42_seed42_iter1,PARDISO,2,44794,500,20950.0,1288.12
389,matrix_43_seed42_iter1,PARDISO,2,44816,500,20835.0,1276.52
390,matrix_44_seed42_iter1,PARDISO,2,44888,500,20952.0,1165.58
391,matrix_45_seed42_iter1,PARDISO,2,44862,500,20801.0,1321.16
392,matrix_46_seed42_iter1,PARDISO,2,44814,500,20916.0,1332.46
393,matrix_47_seed42_iter1,PARDISO,2,44800,500,20752.0,1338.32
394,matrix_48_seed42_iter1,PARDISO,2,44852,500,20216.0,1246.7
395,matrix_49_seed42_iter1,PARDISO,2,44931,500,20584.0,1117.66
396,matrix_4_seed42_iter1,PARDISO,2,1731,100,15723.0,68.98
397,matrix_5,PARDISO,2,173613,500,31055.0,2915.9
398,matrix_50_seed42_iter1,PARDISO,2,44826,500,20748.0,1280.44
399,matrix_51_seed42_iter1,PARDISO,2,600,600,15188.0,92.46
400,matrix_51_seed43_iter2,PARDISO,2,5264,100,14851.0,177.58
401,matrix_52_seed42_iter1,PARDISO,2,600,600,14695.0,99.28
402,matrix_52_seed43_iter2,PARDISO,2,5244,100,14883.0,183.28
403,matrix_53_seed42_iter1,PARDISO,2,600,600,14946.0,87.24
404,matrix_53_seed43_iter2,PARDISO,2,5396,100,14548.0,185.02
405,matrix_54_seed42_iter1,PARDISO,2,600,600,14002.0,88.84
406,matrix_54_seed43_iter2,PARDISO,2,5576,100,14593.0,182.8
407,matrix_55_seed42_iter1,PARDISO,2,600,600,15444.0,105.4
408,matrix_55_seed43_iter2,PARDISO,2,5640,100,14709.0,182.82
409,matrix_56_seed42_iter1,PARDISO,2,600,600,14742.0,94.88
410,matrix_56_seed43_iter2,PARDISO,2,24509,200,16291.0,576.2
411,matrix_57_seed42_iter1,PARDISO,2,600,600,15472.0,103.82
412,matrix_57_seed43_iter2,PARDISO,2,24465,200,17256.0,567.96
413,matrix_58_seed42_iter1,PARDISO,2,600,600,15715.0,105.36
414,matrix_58_seed43_iter2,PARDISO,2,24488,200,17021.0,636.08
415,matrix_59_seed42_iter1,PARDISO,2,600,600,15780.0,86.76
416,matrix_59_seed43_iter2,PARDISO,2,25416,200,16904.0,626.38
417,matrix_5_seed42_iter1,PARDISO,2,1730,100,15541.0,71.32
418,matrix_6,PARDISO,2,277359,600,35791.0,3631.68
419,matrix_60_seed42_iter1,PARDISO,2,600,600,15900.0,83.86
420,matrix_60_seed43_iter2,PARDISO,2,26209,200,16517.0,644.18
421,matrix_61_seed42_iter1,PARDISO,2,9918,700,31191.0,3417.58
422,matrix_61_seed43_iter2,PARDISO,2,6841,300,19378.0,883.6
423,matrix_62_seed42_iter1,PARDISO,2,9923,700,32471.0,3332.56
424,matrix_62_seed43_iter2,PARDISO,2,6863,300,19953.0,938.86
425,matrix_63_seed42_iter1,PARDISO,2,9906,700,32871.0,3415.54
426,matrix_63_seed43_iter2,PARDISO,2,6864,300,20253.0,912.6
427,matrix_64_seed42_iter1,PARDISO,2,9930,700,31689.0,3335.62
428,matrix_64_seed43_iter2,PARDISO,2,6948,300,19223.0,982.64
429,matrix_65_seed42_iter1,PARDISO,2,9936,700,28952.0,3426.74
430,matrix_65_seed43_iter2,PARDISO,2,7363,300,19408.0,981.94
431,matrix_66_seed42_iter1,PARDISO,2,9938,700,31028.0,3191.62
432,matrix_66_seed43_iter2,PARDISO,2,400,400,15896.0,65.8
433,matrix_67_seed42_iter1,PARDISO,2,9905,700,31028.0,3316.14
434,matrix_67_seed43_iter2,PARDISO,2,400,400,15958.0,65.04
435,matrix_68_seed42_iter1,PARDISO,2,9946,700,30470.0,3338.02
436,matrix_68_seed43_iter2,PARDISO,2,400,400,15420.0,77.28
437,matrix_69_seed42_iter1,PARDISO,2,9932,700,29332.0,3359.74
438,matrix_69_seed43_iter2,PARDISO,2,400,400,15691.0,66.92
439,matrix_6_seed42_iter1,PARDISO,2,1557,100,14853.0,61.42
440,matrix_7,PARDISO,2,414107,700,42488.0,4940.96
441,matrix_70_seed42_iter1,PARDISO,2,9937,700,32607.0,3370.66
442,matrix_70_seed43_iter2,PARDISO,2,400,400,15628.0,63.78
443,matrix_71_seed42_iter1,PARDISO,2,110905,800,52032.0,6894.34
444,matrix_71_seed43_iter2,PARDISO,2,131203,500,31564.0,2555.64
445,matrix_72_seed42_iter1,PARDISO,2,110787,800,50756.0,7037.14
446,matrix_72_seed43_iter2,PARDISO,2,131332,500,30741.0,2525.14
447,matrix_73_seed42_iter1,PARDISO,2,111001,800,51243.0,6900.24
448,matrix_73_seed43_iter2,PARDISO,2,131232,500,30837.0,2494.92
449,matrix_74_seed42_iter1,PARDISO,2,110953,800,53143.0,7322.88
450,matrix_74_seed43_iter2,PARDISO,2,131152,500,29835.0,2862.8
451,matrix_75_seed42_iter1,PARDISO,2,111031,800,50529.0,7134.74
452,matrix_75_seed43_iter2,PARDISO,2,134013,500,30066.0,2644.84
453,matrix_76_seed42_iter1,PARDISO,2,110987,800,53765.0,7351.18
454,matrix_76_seed43_iter2,PARDISO,2,188694,600,36855.0,4064.92
455,matrix_77_seed42_iter1,PARDISO,2,110888,800,55622.0,7432.96
456,matrix_77_seed43_iter2,PARDISO,2,188837,600,50101.0,3559.6
457,matrix_78_seed42_iter1,PARDISO,2,110784,800,49436.0,6831.2
458,matrix_78_seed43_iter2,PARDISO,2,188803,600,37080.0,3724.74
459,matrix_79_seed42_iter1,PARDISO,2,110845,800,52822.0,7370.9
460,matrix_79_seed43_iter2,PARDISO,2,188495,600,36644.0,3656.86
461,matrix_7_seed42_iter1,PARDISO,2,1373,100,15827.0,59.46
462,matrix_8,PARDISO,2,389866,800,46946.0,6772.36
463,matrix_80_seed42_iter1,PARDISO,2,110983,800,50095.0,7141.94
464,matrix_80_seed43_iter2,PARDISO,2,190828,600,34651.0,3557.36
465,matrix_81_seed42_iter1,PARDISO,2,1700,1700,16327.0,277.02
466,matrix_81_seed43_iter2,PARDISO,2,256891,700,41754.0,5077.38
467,matrix_82_seed42_iter1,PARDISO,2,1700,1700,15948.0,197.9
468,matrix_82_seed43_iter2,PARDISO,2,256122,700,42214.0,5461.76
469,matrix_83_seed42_iter1,PARDISO,2,1700,1700,15482.0,204.6
470,matrix_83_seed43_iter2,PARDISO,2,256324,700,44382.0,5626.62
471,matrix_84_seed42_iter1,PARDISO,2,1700,1700,15761.0,203.92
472,matrix_84_seed43_iter2,PARDISO,2,256242,700,43627.0,4910.8
473,matrix_85_seed42_iter1,PARDISO,2,1700,1700,15562.0,226.8
474,matrix_85_seed43_iter2,PARDISO,2,257608,700,44064.0,4945.6
475,matrix_86_seed42_iter1,PARDISO,2,1800,1800,16707.0,216.84
476,matrix_86_seed43_iter2,PARDISO,2,800,800,16252.0,119.48
477,matrix_87_seed42_iter1,PARDISO,2,1800,1800,15541.0,211.1
478,matrix_87_seed43_iter2,PARDISO,2,800,800,15425.0,106.74
479,matrix_88_seed42_iter1,PARDISO,2,1800,1800,19445.0,196.34
480,matrix_88_seed43_iter2,PARDISO,2,800,800,15213.0,103.14
481,matrix_89_seed42_iter1,PARDISO,2,1800,1800,15278.0,284.14
482,matrix_89_seed43_iter2,PARDISO,2,800,800,15524.0,119.54
483,matrix_8_seed42_iter1,PARDISO,2,1212,100,14804.0,65.34
484,matrix_9,PARDISO,2,624303,900,58225.0,9566.4
485,matrix_90_seed42_iter1,PARDISO,2,1800,1800,15727.0,270.46
486,matrix_90_seed43_iter2,PARDISO,2,800,800,15584.0,121.18
487,matrix_91_seed42_iter1,PARDISO,2,2201332,1900,619700.0,211466.0
488,matrix_91_seed43_iter2,PARDISO,2,494239,900,90953.0,17390.2
489,matrix_92_seed42_iter1,PARDISO,2,2201137,1900,768283.0,271619.0
490,matrix_92_seed43_iter2,PARDISO,2,494273,900,89902.0,17749.5
491,matrix_93_seed42_iter1,PARDISO,2,2201527,1900,580833.0,158588.0
492,matrix_93_seed43_iter2,PARDISO,2,494577,900,89844.0,18493.1
493,matrix_94_seed43_iter2,PARDISO,2,494185,900,134023.0,36942.5
494,matrix_95_seed43_iter2,PARDISO,2,494013,900,94581.0,19046.5
495,matrix_96_seed43_iter2,PARDISO,2,524204,1000,72365.0,11994.3
496,matrix_97_seed43_iter2,PARDISO,2,523815,1000,68865.0,11406.2
497,matrix_98_seed43_iter2,PARDISO,2,523621,1000,69170.0,11009.3
498,matrix_99_seed43_iter2,PARDISO,2,523280,1000,72936.0,12332.1
499,matrix_9_seed42_iter1,PARDISO,2,1015,100,16460.0,57.68
500,matrix_1,PARDISO,4,6055,100,16203.0,186.04
501,matrix_10,PARDISO,4,547532,1000,68986.0,9285.22
502,matrix_100_seed43_iter2,PARDISO,4,523647,1000,71265.0,10638.9
503,matrix_101_seed44_iter3,PARDISO,4,100,100,16369.0,21.34
504,matrix_102_seed44_iter3,PARDISO,4,100,100,14788.0,19.92
505,matrix_103_seed44_iter3,PARDISO,4,100,100,14881.0,22.98
506,matrix_104_seed44_iter3,PARDISO,4,100,100,14499.0,23.86
507,matrix_105_seed44_iter3,PARDISO,4,100,100,14001.0,20.72
508,matrix_106_seed44_iter3,PARDISO,4,24468,200,16854.0,478.66
509,matrix_107_seed44_iter3,PARDISO,4,24478,200,18324.0,499.84
510,matrix_108_seed44_iter3,PARDISO,4,24517,200,17691.0,558.08
511,matrix_109_seed44_iter3,PARDISO,4,25398,200,18893.0,480.22
512,matrix_10_seed42_iter1,PARDISO,4,1021,100,15759.0,59.9
513,matrix_110_seed44_iter3,PARDISO,4,26345,200,17001.0,542.42
514,matrix_111_seed44_iter3,PARDISO,4,89890,300,20834.0,1157.64
515,matrix_112_seed44_iter3,PARDISO,4,89894,300,21030.0,1216.8
516,matrix_113_seed44_iter3,PARDISO,4,89888,300,20900.0,1152.08
517,matrix_114_seed44_iter3,PARDISO,4,89884,300,21031.0,1234.2
518,matrix_115_seed44_iter3,PARDISO,4,89886,300,20545.0,1147.6
519,matrix_116_seed44_iter3,PARDISO,4,400,400,16033.0,69.08
520,matrix_117_seed44_iter3,PARDISO,4,400,400,14961.0,59.74
521,matrix_118_seed44_iter3,PARDISO,4,400,400,14595.0,59.52
522,matrix_119_seed44_iter3,PARDISO,4,400,400,14604.0,60.36
523,matrix_11_seed42_iter1,PARDISO,4,200,200,13808.0,32.86
524,matrix_120_seed44_iter3,PARDISO,4,400,400,13312.0,56.96
525,matrix_121_seed44_iter3,PARDISO,4,131177,500,31016.0,2727.5
526,matrix_122_seed44_iter3,PARDISO,4,130996,500,31441.0,2881.96
527,matrix_123_seed44_iter3,PARDISO,4,130991,500,30550.0,2666.42
528,matrix_124_seed44_iter3,PARDISO,4,131029,500,29636.0,2745.34
529,matrix_125_seed44_iter3,PARDISO,4,133757,500,31168.0,2750.72
530,matrix_126_seed44_iter3,PARDISO,4,600,600,16527.0,98.1
531,matrix_127_seed44_iter3,PARDISO,4,600,600,15814.0,95.3
532,matrix_128_seed44_iter3,PARDISO,4,600,600,15621.0,79.18
533,matrix_129_seed44_iter3,PARDISO,4,600,600,15578.0,82.46
534,matrix_12_seed42_iter1,PARDISO,4,200,200,15552.0,34.22
535,matrix_130_seed44_iter3,PARDISO,4,600,600,23975.0,96.74
536,matrix_131_seed44_iter3,PARDISO,4,700,700,15480.0,92.52
537,matrix_132_seed44_iter3,PARDISO,4,700,700,15031.0,93.34
538,matrix_133_seed44_iter3,PARDISO,4,700,700,15091.0,110.78
539,matrix_134_seed44_iter3,PARDISO,4,700,700,15446.0,106.48
540,matrix_135_seed44_iter3,PARDISO,4,700,700,15064.0,107.28
541,matrix_136_seed44_iter3,PARDISO,4,47499,800,52055.0,6613.44
542,matrix_137_seed44_iter3,PARDISO,4,47505,800,53465.0,6438.46
543,matrix_138_seed44_iter3,PARDISO,4,47502,800,49383.0,5913.14
544,matrix_139_seed44_iter3,PARDISO,4,47430,800,49983.0,5881.52
545,matrix_13_seed42_iter1,PARDISO,4,200,200,16059.0,34.32
546,matrix_140_seed44_iter3,PARDISO,4,47503,800,52163.0,5769.64
547,matrix_141_seed44_iter3,PARDISO,4,900,900,16700.0,116.36
548,matrix_142_seed44_iter3,PARDISO,4,900,900,15537.0,116.04
549,matrix_143_seed44_iter3,PARDISO,4,900,900,15133.0,114.14
550,matrix_144_seed44_iter3,PARDISO,4,900,900,15475.0,115.02
551,matrix_145_seed44_iter3,PARDISO,4,900,900,15281.0,129.44
552,matrix_146_seed44_iter3,PARDISO,4,999240,1000,60091.0,9726.34
553,matrix_147_seed44_iter3,PARDISO,4,999266,1000,61484.0,9742.56
554,matrix_148_seed44_iter3,PARDISO,4,999274,1000,61364.0,9679.9
555,matrix_149_seed44_iter3,PARDISO,4,999318,1000,62220.0,10280.1
556,matrix_14_seed42_iter1,PARDISO,4,200,200,16434.0,39.62
557,matrix_150_seed44_iter3,PARDISO,4,999322,1000,62123.0,10210.7
558,matrix_151_seed45_iter4,PARDISO,4,5266,100,16566.0,178.8
559,matrix_152_seed45_iter4,PARDISO,4,5283,100,15163.0,188.52
560,matrix_153_seed45_iter4,PARDISO,4,5434,100,15011.0,176.46
561,matrix_154_seed45_iter4,PARDISO,4,5659,100,15416.0,184.6
562,matrix_155_seed45_iter4,PARDISO,4,5686,100,16103.0,181.9
563,matrix_156_seed45_iter4,PARDISO,4,200,200,15204.0,39.12
564,matrix_157_seed45_iter4,PARDISO,4,200,200,14959.0,39.02
565,matrix_158_seed45_iter4,PARDISO,4,200,200,15181.0,34.14
566,matrix_159_seed45_iter4,PARDISO,4,200,200,14585.0,34.32
567,matrix_15_seed42_iter1,PARDISO,4,200,200,14663.0,34.22
568,matrix_160_seed45_iter4,PARDISO,4,200,200,14285.0,39.28
569,matrix_161_seed45_iter4,PARDISO,4,47247,300,19415.0,1168.52
570,matrix_162_seed45_iter4,PARDISO,4,47193,300,21029.0,1080.46
571,matrix_163_seed45_iter4,PARDISO,4,47421,300,20998.0,1193.24
572,matrix_164_seed45_iter4,PARDISO,4,47937,300,21363.0,1062.62
573,matrix_165_seed45_iter4,PARDISO,4,49507,300,21103.0,1174.92
574,matrix_166_seed45_iter4,PARDISO,4,400,400,15878.0,57.18
575,matrix_167_seed45_iter4,PARDISO,4,400,400,15738.0,58.14
576,matrix_168_seed45_iter4,PARDISO,4,400,400,15106.0,59.62
577,matrix_169_seed45_iter4,PARDISO,4,400,400,15717.0,60.36
578,matrix_16_seed42_iter1,PARDISO,4,200,200,15015.0,33.5
579,matrix_170_seed45_iter4,PARDISO,4,400,400,14605.0,60.68
580,matrix_171_seed45_iter4,PARDISO,4,130956,500,30328.0,2737.06
581,matrix_172_seed45_iter4,PARDISO,4,131253,500,30214.0,2684.9
582,matrix_173_seed45_iter4,PARDISO,4,130616,500,31299.0,3002.36
583,matrix_174_seed45_iter4,PARDISO,4,130811,500,29596.0,2753.22
584,matrix_175_seed45_iter4,PARDISO,4,133606,500,30011.0,2826.14
585,matrix_176_seed45_iter4,PARDISO,4,188428,600,35754.0,4221.96
586,matrix_177_seed45_iter4,PARDISO,4,188529,600,36473.0,3582.08
587,matrix_178_seed45_iter4,PARDISO,4,188732,600,36925.0,4275.38
588,matrix_179_seed45_iter4,PARDISO,4,188507,600,36864.0,3863.88
589,matrix_17_seed42_iter1,PARDISO,4,200,200,15541.0,39.96
590,matrix_180_seed45_iter4,PARDISO,4,190878,600,37347.0,3963.6
591,matrix_181_seed45_iter4,PARDISO,4,256240,700,40718.0,5228.86
592,matrix_182_seed45_iter4,PARDISO,4,256938,700,42032.0,5747.34
593,matrix_183_seed45_iter4,PARDISO,4,256317,700,44158.0,5079.28
594,matrix_184_seed45_iter4,PARDISO,4,256991,700,42654.0,4978.9
595,matrix_185_seed45_iter4,PARDISO,4,257562,700,43511.0,5211.78
596,matrix_186_seed45_iter4,PARDISO,4,334466,800,50327.0,6011.68
597,matrix_187_seed45_iter4,PARDISO,4,335449,800,50056.0,7381.18
598,matrix_188_seed45_iter4,PARDISO,4,335168,800,50262.0,6464.12
599,matrix_189_seed45_iter4,PARDISO,4,335451,800,49218.0,5993.98
600,matrix_18_seed42_iter1,PARDISO,4,200,200,15972.0,36.46
601,matrix_190_seed45_iter4,PARDISO,4,335227,800,50414.0,6543.46
602,matrix_191_seed45_iter4,PARDISO,4,900,900,16170.0,130.44
603,matrix_192_seed45_iter4,PARDISO,4,900,900,14814.0,111.66
604,matrix_193_seed45_iter4,PARDISO,4,900,900,14453.0,114.84
605,matrix_194_seed45_iter4,PARDISO,4,900,900,14586.0,113.32
606,matrix_195_seed45_iter4,PARDISO,4,900,900,14126.0,125.62
607,matrix_196_seed45_iter4,PARDISO,4,73988,1000,68793.0,9888.42
608,matrix_197_seed45_iter4,PARDISO,4,73943,1000,73206.0,10007.0
609,matrix_19_seed42_iter1,PARDISO,4,200,200,15852.0,33.4
610,matrix_1_seed42_iter1,PARDISO,4,1729,100,15609.0,60.84
611,matrix_2,PARDISO,4,29959,200,17383.0,615.24
612,matrix_20_seed42_iter1,PARDISO,4,200,200,15025.0,34.22
613,matrix_21_seed42_iter1,PARDISO,4,16042,300,30001.0,355.96
614,matrix_22_seed42_iter1,PARDISO,4,16076,300,17366.0,365.2
615,matrix_23_seed42_iter1,PARDISO,4,16058,300,16867.0,330.56
616,matrix_24_seed42_iter1,PARDISO,4,16046,300,17108.0,361.32
617,matrix_25_seed42_iter1,PARDISO,4,16082,300,17146.0,365.88
618,matrix_26_seed42_iter1,PARDISO,4,16035,300,16766.0,367.28
619,matrix_27_seed42_iter1,PARDISO,4,16082,300,17093.0,360.42
620,matrix_28_seed42_iter1,PARDISO,4,16033,300,17331.0,341.92
621,matrix_29_seed42_iter1,PARDISO,4,16023,300,16776.0,355.14
622,matrix_2_seed42_iter1,PARDISO,4,1733,100,15729.0,63.52
623,matrix_3,PARDISO,4,72144,300,20741.0,1165.18
624,matrix_30_seed42_iter1,PARDISO,4,16005,300,17739.0,352.2
625,matrix_31_seed42_iter1,PARDISO,4,28649,400,18511.0,571.52
626,matrix_32_seed42_iter1,PARDISO,4,28699,400,18690.0,558.82
627,matrix_33_seed42_iter1,PARDISO,4,28592,400,18815.0,583.16
628,matrix_34_seed42_iter1,PARDISO,4,28603,400,19184.0,556.26
629,matrix_35_seed42_iter1,PARDISO,4,28686,400,19204.0,541.74
630,matrix_36_seed42_iter1,PARDISO,4,28618,400,17562.0,576.1
631,matrix_37_seed42_iter1,PARDISO,4,28575,400,19496.0,531.4
632,matrix_38_seed42_iter1,PARDISO,4,28582,400,19181.0,526.6
633,matrix_39_seed42_iter1,PARDISO,4,28656,400,17923.0,559.82
634,matrix_3_seed42_iter1,PARDISO,4,1717,100,15669.0,67.2
635,matrix_4,PARDISO,4,82469,400,25274.0,2081.74
636,matrix_40_seed42_iter1,PARDISO,4,28611,400,19203.0,615.56
637,matrix_41_seed42_iter1,PARDISO,4,44842,500,21261.0,912.62
638,matrix_42_seed42_iter1,PARDISO,4,44794,500,21157.0,868.06
639,matrix_43_seed42_iter1,PARDISO,4,44816,500,21094.0,879.74
640,matrix_44_seed42_iter1,PARDISO,4,44888,500,21491.0,828.58
641,matrix_45_seed42_iter1,PARDISO,4,44862,500,21026.0,867.58
642,matrix_46_seed42_iter1,PARDISO,4,44814,500,21329.0,846.44
643,matrix_47_seed42_iter1,PARDISO,4,44800,500,20971.0,931.06
644,matrix_48_seed42_iter1,PARDISO,4,44852,500,20963.0,809.12
645,matrix_49_seed42_iter1,PARDISO,4,44931,500,21021.0,840.44
646,matrix_4_seed42_iter1,PARDISO,4,1731,100,15911.0,62.22
647,matrix_5,PARDISO,4,173613,500,31790.0,3057.96
648,matrix_50_seed42_iter1,PARDISO,4,44826,500,21629.0,913.96
649,matrix_51_seed42_iter1,PARDISO,4,600,600,15821.0,96.02
650,matrix_51_seed43_iter2,PARDISO,4,5264,100,15651.0,179.6
651,matrix_52_seed42_iter1,PARDISO,4,600,600,15009.0,79.94
652,matrix_52_seed43_iter2,PARDISO,4,5244,100,15247.0,178.8
653,matrix_53_seed42_iter1,PARDISO,4,600,600,15317.0,94.1
654,matrix_53_seed43_iter2,PARDISO,4,5396,100,15301.0,184.36
655,matrix_54_seed42_iter1,PARDISO,4,600,600,15355.0,96.98
656,matrix_54_seed43_iter2,PARDISO,4,5576,100,15884.0,179.28
657,matrix_55_seed42_iter1,PARDISO,4,600,600,15914.0,95.78
658,matrix_55_seed43_iter2,PARDISO,4,5640,100,15740.0,183.94
659,matrix_56_seed42_iter1,PARDISO,4,600,600,14761.0,96.0
660,matrix_56_seed43_iter2,PARDISO,4,24509,200,17410.0,494.5
661,matrix_57_seed42_iter1,PARDISO,4,600,600,15601.0,97.8
662,matrix_57_seed43_iter2,PARDISO,4,24465,200,17269.0,478.02
663,matrix_58_seed42_iter1,PARDISO,4,600,600,15562.0,94.88
664,matrix_58_seed43_iter2,PARDISO,4,24488,200,17464.0,509.52
665,matrix_59_seed42_iter1,PARDISO,4,600,600,15770.0,93.92
666,matrix_59_seed43_iter2,PARDISO,4,25416,200,17492.0,495.36
667,matrix_5_seed42_iter1,PARDISO,4,1730,100,15673.0,64.76
668,matrix_6,PARDISO,4,277359,600,34615.0,3844.12
669,matrix_60_seed42_iter1,PARDISO,4,600,600,15923.0,82.06
670,matrix_60_seed43_iter2,PARDISO,4,26209,200,17130.0,539.76
671,matrix_61_seed42_iter1,PARDISO,4,9918,700,30887.0,3617.58
672,matrix_61_seed43_iter2,PARDISO,4,6841,300,19258.0,869.82
673,matrix_62_seed42_iter1,PARDISO,4,9923,700,32335.0,3401.98
674,matrix_62_seed43_iter2,PARDISO,4,6863,300,19725.0,916.8
675,matrix_63_seed42_iter1,PARDISO,4,9906,700,32998.0,3422.18
676,matrix_63_seed43_iter2,PARDISO,4,6864,300,21218.0,840.52
677,matrix_64_seed42_iter1,PARDISO,4,9930,700,32058.0,3416.98
678,matrix_64_seed43_iter2,PARDISO,4,6948,300,19952.0,944.16
679,matrix_65_seed42_iter1,PARDISO,4,9936,700,28983.0,3903.0
680,matrix_65_seed43_iter2,PARDISO,4,7363,300,18343.0,996.74
681,matrix_66_seed42_iter1,PARDISO,4,9938,700,31464.0,3503.28
682,matrix_66_seed43_iter2,PARDISO,4,400,400,15372.0,70.28
683,matrix_67_seed42_iter1,PARDISO,4,9905,700,29999.0,3543.58
684,matrix_67_seed43_iter2,PARDISO,4,400,400,15752.0,69.96
685,matrix_68_seed42_iter1,PARDISO,4,9946,700,29653.0,3386.62
686,matrix_68_seed43_iter2,PARDISO,4,400,400,16362.0,68.44
687,matrix_69_seed42_iter1,PARDISO,4,9932,700,30331.0,3495.94
688,matrix_69_seed43_iter2,PARDISO,4,400,400,17576.0,67.38
689,matrix_6_seed42_iter1,PARDISO,4,1557,100,15462.0,62.28
690,matrix_7,PARDISO,4,414107,700,40979.0,5205.72
691,matrix_70_seed42_iter1,PARDISO,4,9937,700,32362.0,3460.26
692,matrix_70_seed43_iter2,PARDISO,4,400,400,15792.0,57.72
693,matrix_71_seed42_iter1,PARDISO,4,110905,800,51952.0,6454.46
694,matrix_71_seed43_iter2,PARDISO,4,131203,500,30876.0,2784.06
695,matrix_72_seed42_iter1,PARDISO,4,110787,800,51639.0,6882.4
696,matrix_72_seed43_iter2,PARDISO,4,131332,500,30974.0,2670.94
697,matrix_73_seed42_iter1,PARDISO,4,111001,800,52364.0,6749.02
698,matrix_73_seed43_iter2,PARDISO,4,131232,500,31235.0,2600.48
699,matrix_74_seed42_iter1,PARDISO,4,110953,800,53434.0,7034.4
700,matrix_74_seed43_iter2,PARDISO,4,131152,500,29196.0,3205.38
701,matrix_75_seed42_iter1,PARDISO,4,111031,800,55379.0,6986.82
702,matrix_75_seed43_iter2,PARDISO,4,134013,500,30213.0,2774.18
703,matrix_76_seed42_iter1,PARDISO,4,110987,800,56214.0,7263.88
704,matrix_76_seed43_iter2,PARDISO,4,188694,600,36075.0,4159.44
705,matrix_77_seed42_iter1,PARDISO,4,110888,800,55587.0,6950.94
706,matrix_77_seed43_iter2,PARDISO,4,188837,600,37407.0,3845.32
707,matrix_78_seed42_iter1,PARDISO,4,110784,800,50977.0,6570.96
708,matrix_78_seed43_iter2,PARDISO,4,188803,600,38013.0,3957.74
709,matrix_79_seed42_iter1,PARDISO,4,110845,800,52203.0,7356.2
710,matrix_79_seed43_iter2,PARDISO,4,188495,600,36983.0,3929.76
711,matrix_7_seed42_iter1,PARDISO,4,1373,100,16191.0,57.18
712,matrix_8,PARDISO,4,389866,800,47846.0,6637.38
713,matrix_80_seed42_iter1,PARDISO,4,110983,800,49373.0,7153.04
714,matrix_80_seed43_iter2,PARDISO,4,190828,600,36381.0,3796.26
715,matrix_81_seed42_iter1,PARDISO,4,1700,1700,16425.0,198.94
716,matrix_81_seed43_iter2,PARDISO,4,256891,700,42789.0,5286.34
717,matrix_82_seed42_iter1,PARDISO,4,1700,1700,17432.0,203.8
718,matrix_82_seed43_iter2,PARDISO,4,256122,700,43213.0,5707.04
719,matrix_83_seed42_iter1,PARDISO,4,1700,1700,16860.0,190.5
720,matrix_83_seed43_iter2,PARDISO,4,256324,700,45812.0,5902.54
721,matrix_84_seed42_iter1,PARDISO,4,1700,1700,15984.0,197.02
722,matrix_84_seed43_iter2,PARDISO,4,256242,700,44040.0,4962.42
723,matrix_85_seed42_iter1,PARDISO,4,1700,1700,16103.0,211.34
724,matrix_85_seed43_iter2,PARDISO,4,257608,700,43448.0,4962.86
725,matrix_86_seed42_iter1,PARDISO,4,1800,1800,16636.0,199.14
726,matrix_86_seed43_iter2,PARDISO,4,800,800,15725.0,118.4
727,matrix_87_seed42_iter1,PARDISO,4,1800,1800,15646.0,213.76
728,matrix_87_seed43_iter2,PARDISO,4,800,800,15692.0,106.94
729,matrix_88_seed42_iter1,PARDISO,4,1800,1800,15719.0,214.54
730,matrix_88_seed43_iter2,PARDISO,4,800,800,15483.0,102.98
731,matrix_89_seed42_iter1,PARDISO,4,1800,1800,14888.0,216.42
732,matrix_89_seed43_iter2,PARDISO,4,800,800,14771.0,119.7
733,matrix_8_seed42_iter1,PARDISO,4,1212,100,14759.0,64.52
734,matrix_9,PARDISO,4,624303,900,58326.0,9000.74
735,matrix_90_seed42_iter1,PARDISO,4,1800,1800,15753.0,211.34
736,matrix_90_seed43_iter2,PARDISO,4,800,800,15326.0,96.18
737,matrix_91_seed42_iter1,PARDISO,4,2201332,1900,624388.0,112617.0
738,matrix_91_seed43_iter2,PARDISO,4,494239,900,93282.0,11158.3
739,matrix_92_seed42_iter1,PARDISO,4,2201137,1900,769606.0,140279.0
740,matrix_92_seed43_iter2,PARDISO,4,494273,900,89999.0,10694.1
741,matrix_93_seed42_iter1,PARDISO,4,2201527,1900,585163.0,81039.7
742,matrix_93_seed43_iter2,PARDISO,4,494577,900,89770.0,11165.9
743,matrix_94_seed43_iter2,PARDISO,4,494185,900,134271.0,19404.5
744,matrix_95_seed43_iter2,PARDISO,4,494013,900,95213.0,11307.0
745,matrix_96_seed43_iter2,PARDISO,4,524204,1000,74784.0,10317.9
746,matrix_97_seed43_iter2,PARDISO,4,523815,1000,68897.0,9848.74
747,matrix_98_seed43_iter2,PARDISO,4,523621,1000,69323.0,9037.28
748,matrix_99_seed43_iter2,PARDISO,4,523280,1000,72073.0,10824.8
749,matrix_9_seed42_iter1,PARDISO,4,1015,100,16174.0,62.16
750,matrix_1,PARDISO,8,6055,100,16309.0,185.68
751,matrix_10,PARDISO,8,547532,1000,69844.0,10492.5
752,matrix_100_seed43_iter2,PARDISO,8,523647,1000,73302.0,11897.8
753,matrix_101_seed44_iter3,PARDISO,8,100,100,17237.0,26.64
754,matrix_102_seed44_iter3,PARDISO,8,100,100,16052.0,25.06
755,matrix_103_seed44_iter3,PARDISO,8,100,100,15522.0,20.9
756,matrix_104_seed44_iter3,PARDISO,8,100,100,14756.0,20.08
757,matrix_105_seed44_iter3,PARDISO,8,100,100,14977.0,27.84
758,matrix_106_seed44_iter3,PARDISO,8,24468,200,17310.0,435.98
759,matrix_107_seed44_iter3,PARDISO,8,24478,200,17771.0,453.5
760,matrix_108_seed44_iter3,PARDISO,8,24517,200,17873.0,479.94
761,matrix_109_seed44_iter3,PARDISO,8,25398,200,18686.0,466.66
762,matrix_10_seed42_iter1,PARDISO,8,1021,100,16109.0,70.26
763,matrix_110_seed44_iter3,PARDISO,8,26345,200,17480.0,494.36
764,matrix_111_seed44_iter3,PARDISO,8,89890,300,20980.0,1204.54
765,matrix_112_seed44_iter3,PARDISO,8,89894,300,21024.0,1270.04
766,matrix_113_seed44_iter3,PARDISO,8,89888,300,21240.0,1187.22
767,matrix_114_seed44_iter3,PARDISO,8,89884,300,20929.0,1267.72
768,matrix_115_seed44_iter3,PARDISO,8,89886,300,20287.0,1190.34
769,matrix_116_seed44_iter3,PARDISO,8,400,400,15929.0,53.54
770,matrix_117_seed44_iter3,PARDISO,8,400,400,14708.0,65.96
771,matrix_118_seed44_iter3,PARDISO,8,400,400,13557.0,52.68
772,matrix_119_seed44_iter3,PARDISO,8,400,400,13582.0,67.58
773,matrix_11_seed42_iter1,PARDISO,8,200,200,14103.0,35.86
774,matrix_120_seed44_iter3,PARDISO,8,400,400,14581.0,51.54
775,matrix_121_seed44_iter3,PARDISO,8,131177,500,31228.0,2991.32
776,matrix_122_seed44_iter3,PARDISO,8,130996,500,31761.0,3167.0
777,matrix_123_seed44_iter3,PARDISO,8,130991,500,31484.0,3020.36
778,matrix_124_seed44_iter3,PARDISO,8,131029,500,31105.0,3096.76
779,matrix_125_seed44_iter3,PARDISO,8,133757,500,32293.0,3110.12
780,matrix_126_seed44_iter3,PARDISO,8,600,600,16077.0,96.76
781,matrix_127_seed44_iter3,PARDISO,8,600,600,15606.0,73.68
782,matrix_128_seed44_iter3,PARDISO,8,600,600,14762.0,98.2
783,matrix_129_seed44_iter3,PARDISO,8,600,600,13996.0,75.84
784,matrix_12_seed42_iter1,PARDISO,8,200,200,13995.0,39.52
785,matrix_130_seed44_iter3,PARDISO,8,600,600,13655.0,70.34
786,matrix_131_seed44_iter3,PARDISO,8,700,700,14152.0,84.5
787,matrix_132_seed44_iter3,PARDISO,8,700,700,14417.0,82.84
788,matrix_133_seed44_iter3,PARDISO,8,700,700,16407.0,84.36
789,matrix_134_seed44_iter3,PARDISO,8,700,700,15349.0,85.0
790,matrix_135_seed44_iter3,PARDISO,8,700,700,15634.0,80.58
791,matrix_136_seed44_iter3,PARDISO,8,47499,800,52757.0,6677.22
792,matrix_137_seed44_iter3,PARDISO,8,47505,800,53969.0,6716.4
793,matrix_138_seed44_iter3,PARDISO,8,47502,800,51396.0,6334.46
794,matrix_139_seed44_iter3,PARDISO,8,47430,800,50973.0,6308.6
795,matrix_13_seed42_iter1,PARDISO,8,200,200,16975.0,32.14
796,matrix_140_seed44_iter3,PARDISO,8,47503,800,54166.0,6047.64
797,matrix_141_seed44_iter3,PARDISO,8,900,900,16273.0,139.24
798,matrix_142_seed44_iter3,PARDISO,8,900,900,16110.0,136.04
799,matrix_143_seed44_iter3,PARDISO,8,900,900,14878.0,138.72
800,matrix_144_seed44_iter3,PARDISO,8,900,900,14646.0,104.36
801,matrix_145_seed44_iter3,PARDISO,8,900,900,14297.0,137.76
802,matrix_146_seed44_iter3,PARDISO,8,999240,1000,65204.0,10761.4
803,matrix_147_seed44_iter3,PARDISO,8,999266,1000,65249.0,10820.2
804,matrix_148_seed44_iter3,PARDISO,8,999274,1000,63301.0,10634.3
805,matrix_149_seed44_iter3,PARDISO,8,999318,1000,64142.0,11261.6
806,matrix_14_seed42_iter1,PARDISO,8,200,200,16029.0,39.22
807,matrix_150_seed44_iter3,PARDISO,8,999322,1000,62182.0,11069.7
808,matrix_151_seed45_iter4,PARDISO,8,5266,100,16781.0,178.44
809,matrix_152_seed45_iter4,PARDISO,8,5283,100,16023.0,189.24
810,matrix_153_seed45_iter4,PARDISO,8,5434,100,16747.0,177.38
811,matrix_154_seed45_iter4,PARDISO,8,5659,100,16078.0,181.3
812,matrix_155_seed45_iter4,PARDISO,8,5686,100,15446.0,180.64
813,matrix_156_seed45_iter4,PARDISO,8,200,200,14993.0,33.04
814,matrix_157_seed45_iter4,PARDISO,8,200,200,14533.0,31.06
815,matrix_158_seed45_iter4,PARDISO,8,200,200,14359.0,38.82
816,matrix_159_seed45_iter4,PARDISO,8,200,200,14288.0,29.9
817,matrix_15_seed42_iter1,PARDISO,8,200,200,14865.0,32.34
818,matrix_160_seed45_iter4,PARDISO,8,200,200,14458.0,39.18
819,matrix_161_seed45_iter4,PARDISO,8,47247,300,19693.0,1247.4
820,matrix_162_seed45_iter4,PARDISO,8,47193,300,21312.0,1160.0
821,matrix_163_seed45_iter4,PARDISO,8,47421,300,21804.0,1259.48
822,matrix_164_seed45_iter4,PARDISO,8,47937,300,21670.0,1127.14
823,matrix_165_seed45_iter4,PARDISO,8,49507,300,21716.0,1262.72
824,matrix_166_seed45_iter4,PARDISO,8,400,400,16504.0,67.08
825,matrix_167_seed45_iter4,PARDISO,8,400,400,14988.0,53.42
826,matrix_168_seed45_iter4,PARDISO,8,400,400,15559.0,66.06
827,matrix_169_seed45_iter4,PARDISO,8,400,400,15046.0,68.18
828,matrix_16_seed42_iter1,PARDISO,8,200,200,14582.0,31.3
829,matrix_170_seed45_iter4,PARDISO,8,400,400,14269.0,53.4
830,matrix_171_seed45_iter4,PARDISO,8,130956,500,31225.0,3096.4
831,matrix_172_seed45_iter4,PARDISO,8,131253,500,30112.0,3026.64
832,matrix_173_seed45_iter4,PARDISO,8,130616,500,32433.0,3320.04
833,matrix_174_seed45_iter4,PARDISO,8,130811,500,30435.0,3105.34
834,matrix_175_seed45_iter4,PARDISO,8,133606,500,30038.0,3201.8
835,matrix_176_seed45_iter4,PARDISO,8,188428,600,36357.0,4464.42
836,matrix_177_seed45_iter4,PARDISO,8,188529,600,36993.0,3872.56
837,matrix_178_seed45_iter4,PARDISO,8,188732,600,37307.0,4616.28
838,matrix_179_seed45_iter4,PARDISO,8,188507,600,37432.0,4152.16
839,matrix_17_seed42_iter1,PARDISO,8,200,200,16613.0,32.62
840,matrix_180_seed45_iter4,PARDISO,8,190878,600,38052.0,4185.9
841,matrix_181_seed45_iter4,PARDISO,8,256240,700,43141.0,5553.74
842,matrix_182_seed45_iter4,PARDISO,8,256938,700,43821.0,5917.84
843,matrix_183_seed45_iter4,PARDISO,8,256317,700,44531.0,5398.1
844,matrix_184_seed45_iter4,PARDISO,8,256991,700,43940.0,5126.32
845,matrix_185_seed45_iter4,PARDISO,8,257562,700,44324.0,5491.08
846,matrix_186_seed45_iter4,PARDISO,8,334466,800,52027.0,6475.98
847,matrix_187_seed45_iter4,PARDISO,8,335449,800,52272.0,7734.56
848,matrix_188_seed45_iter4,PARDISO,8,335168,800,52426.0,6962.74
849,matrix_189_seed45_iter4,PARDISO,8,335451,800,51179.0,6500.12
850,matrix_18_seed42_iter1,PARDISO,8,200,200,16871.0,39.58
851,matrix_190_seed45_iter4,PARDISO,8,335227,800,53614.0,6886.72
852,matrix_191_seed45_iter4,PARDISO,8,900,900,16270.0,105.4
853,matrix_192_seed45_iter4,PARDISO,8,900,900,15538.0,137.4
854,matrix_193_seed45_iter4,PARDISO,8,900,900,15791.0,139.34
855,matrix_194_seed45_iter4,PARDISO,8,900,900,15354.0,135.86
856,matrix_195_seed45_iter4,PARDISO,8,900,900,15136.0,101.62
857,matrix_196_seed45_iter4,PARDISO,8,73988,1000,71973.0,10452.8
858,matrix_197_seed45_iter4,PARDISO,8,73943,1000,77453.0,10609.9
859,matrix_19_seed42_iter1,PARDISO,8,200,200,16671.0,39.76
860,matrix_1_seed42_iter1,PARDISO,8,1729,100,14931.0,70.9
861,matrix_2,PARDISO,8,29959,200,17957.0,634.16
862,matrix_20_seed42_iter1,PARDISO,8,200,200,15878.0,32.92
863,matrix_21_seed42_iter1,PARDISO,8,16042,300,16450.0,284.12
864,matrix_22_seed42_iter1,PARDISO,8,16076,300,16485.0,268.24
865,matrix_23_seed42_iter1,PARDISO,8,16058,300,17333.0,261.92
866,matrix_24_seed42_iter1,PARDISO,8,16046,300,17430.0,267.36
867,matrix_25_seed42_iter1,PARDISO,8,16082,300,17244.0,262.46
868,matrix_26_seed42_iter1,PARDISO,8,16035,300,17382.0,272.14
869,matrix_27_seed42_iter1,PARDISO,8,16082,300,17153.0,268.38
870,matrix_28_seed42_iter1,PARDISO,8,16033,300,17463.0,275.08
871,matrix_29_seed42_iter1,PARDISO,8,16023,300,17672.0,265.08
872,matrix_2_seed42_iter1,PARDISO,8,1733,100,15835.0,70.44
873,matrix_3,PARDISO,8,72144,300,21155.0,1177.0
874,matrix_30_seed42_iter1,PARDISO,8,16005,300,17466.0,276.26
875,matrix_31_seed42_iter1,PARDISO,8,28649,400,19050.0,391.28
876,matrix_32_seed42_iter1,PARDISO,8,28699,400,18696.0,404.74
877,matrix_33_seed42_iter1,PARDISO,8,28592,400,18716.0,395.32
878,matrix_34_seed42_iter1,PARDISO,8,28603,400,18767.0,390.72
879,matrix_35_seed42_iter1,PARDISO,8,28686,400,18292.0,406.74
880,matrix_36_seed42_iter1,PARDISO,8,28618,400,18730.0,417.8
881,matrix_37_seed42_iter1,PARDISO,8,28575,400,19436.0,410.2
882,matrix_38_seed42_iter1,PARDISO,8,28582,400,18783.0,385.04
883,matrix_39_seed42_iter1,PARDISO,8,28656,400,19318.0,386.36
884,matrix_3_seed42_iter1,PARDISO,8,1717,100,16649.0,73.08
885,matrix_4,PARDISO,8,82469,400,24939.0,2249.26
886,matrix_40_seed42_iter1,PARDISO,8,28611,400,19053.0,415.54
887,matrix_41_seed42_iter1,PARDISO,8,44842,500,21408.0,625.44
888,matrix_42_seed42_iter1,PARDISO,8,44794,500,21312.0,613.28
889,matrix_43_seed42_iter1,PARDISO,8,44816,500,20440.0,582.22
890,matrix_44_seed42_iter1,PARDISO,8,44888,500,22172.0,624.16
891,matrix_45_seed42_iter1,PARDISO,8,44862,500,21116.0,619.44
892,matrix_46_seed42_iter1,PARDISO,8,44814,500,21153.0,625.3
893,matrix_47_seed42_iter1,PARDISO,8,44800,500,19798.0,621.86
894,matrix_48_seed42_iter1,PARDISO,8,44852,500,24497.0,630.56
895,matrix_49_seed42_iter1,PARDISO,8,44931,500,20926.0,614.56
896,matrix_4_seed42_iter1,PARDISO,8,1731,100,15702.0,71.54
897,matrix_5,PARDISO,8,173613,500,29280.0,3342.64
898,matrix_50_seed42_iter1,PARDISO,8,44826,500,25224.0,638.1
899,matrix_51_seed42_iter1,PARDISO,8,600,600,15423.0,95.46
900,matrix_51_seed43_iter2,PARDISO,8,5264,100,15330.0,178.56
901,matrix_52_seed42_iter1,PARDISO,8,600,600,15319.0,71.78
902,matrix_52_seed43_iter2,PARDISO,8,5244,100,15513.0,180.5
903,matrix_53_seed42_iter1,PARDISO,8,600,600,15139.0,74.36
904,matrix_53_seed43_iter2,PARDISO,8,5396,100,15838.0,183.7
905,matrix_54_seed42_iter1,PARDISO,8,600,600,16420.0,98.02
906,matrix_54_seed43_iter2,PARDISO,8,5576,100,16215.0,186.0
907,matrix_55_seed42_iter1,PARDISO,8,600,600,15636.0,73.76
908,matrix_55_seed43_iter2,PARDISO,8,5640,100,15884.0,179.58
909,matrix_56_seed42_iter1,PARDISO,8,600,600,15243.0,99.78
910,matrix_56_seed43_iter2,PARDISO,8,24509,200,16928.0,436.38
911,matrix_57_seed42_iter1,PARDISO,8,600,600,16030.0,75.12
912,matrix_57_seed43_iter2,PARDISO,8,24465,200,18335.0,437.5
913,matrix_58_seed42_iter1,PARDISO,8,600,600,16162.0,93.92
914,matrix_58_seed43_iter2,PARDISO,8,24488,200,17571.0,434.7
915,matrix_59_seed42_iter1,PARDISO,8,600,600,15976.0,71.5
916,matrix_59_seed43_iter2,PARDISO,8,25416,200,18062.0,464.02
917,matrix_5_seed42_iter1,PARDISO,8,1730,100,16057.0,73.64
918,matrix_6,PARDISO,8,277359,600,35722.0,3980.26
919,matrix_60_seed42_iter1,PARDISO,8,600,600,16117.0,97.08
920,matrix_60_seed43_iter2,PARDISO,8,26209,200,17147.0,511.12
921,matrix_61_seed42_iter1,PARDISO,8,9918,700,30283.0,3700.68
922,matrix_61_seed43_iter2,PARDISO,8,6841,300,20212.0,887.98
923,matrix_62_seed42_iter1,PARDISO,8,9923,700,32904.0,3657.24
924,matrix_62_seed43_iter2,PARDISO,8,6863,300,20953.0,942.2
925,matrix_63_seed42_iter1,PARDISO,8,9906,700,33647.0,3555.58
926,matrix_63_seed43_iter2,PARDISO,8,6864,300,21197.0,890.48
927,matrix_64_seed42_iter1,PARDISO,8,9930,700,33158.0,3620.74
928,matrix_64_seed43_iter2,PARDISO,8,6948,300,19856.0,972.4
929,matrix_65_seed42_iter1,PARDISO,8,9936,700,30226.0,3764.94
930,matrix_65_seed43_iter2,PARDISO,8,7363,300,19838.0,978.02
931,matrix_66_seed42_iter1,PARDISO,8,9938,700,31929.0,3479.04
932,matrix_66_seed43_iter2,PARDISO,8,400,400,16162.0,53.54
933,matrix_67_seed42_iter1,PARDISO,8,9905,700,31476.0,3721.5
934,matrix_67_seed43_iter2,PARDISO,8,400,400,16754.0,51.74
935,matrix_68_seed42_iter1,PARDISO,8,9946,700,31087.0,3595.72
936,matrix_68_seed43_iter2,PARDISO,8,400,400,15564.0,67.38
937,matrix_69_seed42_iter1,PARDISO,8,9932,700,30194.0,3829.1
938,matrix_69_seed43_iter2,PARDISO,8,400,400,19990.0,67.26
939,matrix_6_seed42_iter1,PARDISO,8,1557,100,15100.0,70.08
940,matrix_7,PARDISO,8,414107,700,43044.0,5569.28
941,matrix_70_seed42_iter1,PARDISO,8,9937,700,32124.0,3704.42
942,matrix_70_seed43_iter2,PARDISO,8,400,400,15556.0,51.38
943,matrix_71_seed42_iter1,PARDISO,8,110905,800,55462.0,6934.62
944,matrix_71_seed43_iter2,PARDISO,8,131203,500,31139.0,3049.18
945,matrix_72_seed42_iter1,PARDISO,8,110787,800,52923.0,7179.64
946,matrix_72_seed43_iter2,PARDISO,8,131332,500,32035.0,3023.0
947,matrix_73_seed42_iter1,PARDISO,8,111001,800,54539.0,7136.62
948,matrix_73_seed43_iter2,PARDISO,8,131232,500,31997.0,2968.9
949,matrix_74_seed42_iter1,PARDISO,8,110953,800,56226.0,7447.46
950,matrix_74_seed43_iter2,PARDISO,8,131152,500,30428.0,3283.54
951,matrix_75_seed42_iter1,PARDISO,8,111031,800,52036.0,7208.32
952,matrix_75_seed43_iter2,PARDISO,8,134013,500,31295.0,3113.5
953,matrix_76_seed42_iter1,PARDISO,8,110987,800,57264.0,7406.36
954,matrix_76_seed43_iter2,PARDISO,8,188694,600,36283.0,4475.12
955,matrix_77_seed42_iter1,PARDISO,8,110888,800,58440.0,7284.6
956,matrix_77_seed43_iter2,PARDISO,8,188837,600,38203.0,4126.78
957,matrix_78_seed42_iter1,PARDISO,8,110784,800,53035.0,6897.42
958,matrix_78_seed43_iter2,PARDISO,8,188803,600,38290.0,4215.92
959,matrix_79_seed42_iter1,PARDISO,8,110845,800,53330.0,7480.6
960,matrix_79_seed43_iter2,PARDISO,8,188495,600,38033.0,4224.84
961,matrix_7_seed42_iter1,PARDISO,8,1373,100,16338.0,64.92
962,matrix_8,PARDISO,8,389866,800,52081.0,7083.26
963,matrix_80_seed42_iter1,PARDISO,8,110983,800,51281.0,7449.52
964,matrix_80_seed43_iter2,PARDISO,8,190828,600,36118.0,4053.28
965,matrix_81_seed42_iter1,PARDISO,8,1700,1700,17163.0,181.18
966,matrix_81_seed43_iter2,PARDISO,8,256891,700,43161.0,5515.3
967,matrix_82_seed42_iter1,PARDISO,8,1700,1700,16263.0,186.02
968,matrix_82_seed43_iter2,PARDISO,8,256122,700,44558.0,5983.58
969,matrix_83_seed42_iter1,PARDISO,8,1700,1700,16893.0,183.48
970,matrix_83_seed43_iter2,PARDISO,8,256324,700,46619.0,5877.76
971,matrix_84_seed42_iter1,PARDISO,8,1700,1700,16017.0,222.16
972,matrix_84_seed43_iter2,PARDISO,8,256242,700,44863.0,5189.28
973,matrix_85_seed42_iter1,PARDISO,8,1700,1700,16923.0,219.74
974,matrix_85_seed43_iter2,PARDISO,8,257608,700,45431.0,5191.64
975,matrix_86_seed42_iter1,PARDISO,8,1800,1800,17067.0,192.54
976,matrix_86_seed43_iter2,PARDISO,8,800,800,16011.0,95.8
977,matrix_87_seed42_iter1,PARDISO,8,1800,1800,15169.0,195.16
978,matrix_87_seed43_iter2,PARDISO,8,800,800,14960.0,121.16
979,matrix_88_seed42_iter1,PARDISO,8,1800,1800,15324.0,229.8
980,matrix_88_seed43_iter2,PARDISO,8,800,800,15262.0,125.14
981,matrix_89_seed42_iter1,PARDISO,8,1800,1800,15040.0,179.52
982,matrix_89_seed43_iter2,PARDISO,8,800,800,28408.0,125.72
983,matrix_8_seed42_iter1,PARDISO,8,1212,100,15389.0,69.56
984,matrix_9,PARDISO,8,624303,900,59296.0,9483.1
985,matrix_90_seed42_iter1,PARDISO,8,1800,1800,17033.0,236.94
986,matrix_90_seed43_iter2,PARDISO,8,800,800,16162.0,122.22
987,matrix_91_seed42_iter1,PARDISO,8,2201332,1900,624882.0,62913.4
988,matrix_91_seed43_iter2,PARDISO,8,494239,900,110608.0,8501.82
989,matrix_92_seed42_iter1,PARDISO,8,2201137,1900,775524.0,75083.8
990,matrix_92_seed43_iter2,PARDISO,8,494273,900,98532.0,8480.56
991,matrix_93_seed42_iter1,PARDISO,8,2201527,1900,584516.0,50857.1
992,matrix_93_seed43_iter2,PARDISO,8,494577,900,98692.0,8739.8
993,matrix_94_seed43_iter2,PARDISO,8,494185,900,141776.0,11619.4
994,matrix_95_seed43_iter2,PARDISO,8,494013,900,99615.0,8939.54
995,matrix_96_seed43_iter2,PARDISO,8,524204,1000,74514.0,11425.0
996,matrix_97_seed43_iter2,PARDISO,8,523815,1000,72490.0,10755.4
997,matrix_98_seed43_iter2,PARDISO,8,523621,1000,71507.0,9914.06
998,matrix_99_seed43_iter2,PARDISO,8,523280,1000,78217.0,11775.5
999,matrix_9_seed42_iter1,PARDISO,8,1015,100,16942.0,72.66
1000,matrix_1,PARDISO,16,6055,100,16620.0,188.36
1001,matrix_10,PARDISO,16,547532,1000,73448.0,10991.7
1002,matrix_100_seed43_iter2,PARDISO,16,523647,1000,75291.0,12388.2
1003,matrix_101_seed44_iter3,PARDISO,16,100,100,17276.0,20.98
1004,matrix_102_seed44_iter3,PARDISO,16,100,100,15629.0,18.96
1005,matrix_103_seed44_iter3,PARDISO,16,100,100,15589.0,20.92
1006,matrix_104_seed44_iter3,PARDISO,16,100,100,14914.0,20.88
1007,matrix_105_seed44_iter3,PARDISO,16,100,100,14466.0,20.38
1008,matrix_106_seed44_iter3,PARDISO,16,24468,200,17275.0,424.0
1009,matrix_107_seed44_iter3,PARDISO,16,24478,200,17856.0,446.32
1010,matrix_108_seed44_iter3,PARDISO,16,24517,200,18816.0,480.08
1011,matrix_109_seed44_iter3,PARDISO,16,25398,200,18529.0,457.64
1012,matrix_10_seed42_iter1,PARDISO,16,1021,100,15898.0,77.16
1013,matrix_110_seed44_iter3,PARDISO,16,26345,200,17614.0,484.44
1014,matrix_111_seed44_iter3,PARDISO,16,89890,300,20763.0,1207.76
1015,matrix_112_seed44_iter3,PARDISO,16,89894,300,21497.0,1275.3
1016,matrix_113_seed44_iter3,PARDISO,16,89888,300,20843.0,1200.88
1017,matrix_114_seed44_iter3,PARDISO,16,89884,300,20229.0,1274.94
1018,matrix_115_seed44_iter3,PARDISO,16,89886,300,20678.0,1205.28
1019,matrix_116_seed44_iter3,PARDISO,16,400,400,15815.0,44.96
1020,matrix_117_seed44_iter3,PARDISO,16,400,400,14509.0,44.6
1021,matrix_118_seed44_iter3,PARDISO,16,400,400,15378.0,35.38
1022,matrix_119_seed44_iter3,PARDISO,16,400,400,15953.0,43.1
1023,matrix_11_seed42_iter1,PARDISO,16,200,200,15518.0,29.36
1024,matrix_120_seed44_iter3,PARDISO,16,400,400,15162.0,45.06
1025,matrix_121_seed44_iter3,PARDISO,16,131177,500,30903.0,3017.56
1026,matrix_122_seed44_iter3,PARDISO,16,130996,500,31604.0,3171.12
1027,matrix_123_seed44_iter3,PARDISO,16,130991,500,31867.0,3053.96
1028,matrix_124_seed44_iter3,PARDISO,16,131029,500,30877.0,3106.36
1029,matrix_125_seed44_iter3,PARDISO,16,133757,500,32058.0,3116.92
1030,matrix_126_seed44_iter3,PARDISO,16,600,600,17530.0,61.1
1031,matrix_127_seed44_iter3,PARDISO,16,600,600,15689.0,60.2
1032,matrix_128_seed44_iter3,PARDISO,16,600,600,15304.0,61.04
1033,matrix_129_seed44_iter3,PARDISO,16,600,600,14797.0,46.46
1034,matrix_12_seed42_iter1,PARDISO,16,200,200,14535.0,23.58
1035,matrix_130_seed44_iter3,PARDISO,16,600,600,14677.0,59.36
1036,matrix_131_seed44_iter3,PARDISO,16,700,700,14773.0,67.12
1037,matrix_132_seed44_iter3,PARDISO,16,700,700,15398.0,67.74
1038,matrix_133_seed44_iter3,PARDISO,16,700,700,15956.0,64.96
1039,matrix_134_seed44_iter3,PARDISO,16,700,700,15757.0,51.52
1040,matrix_135_seed44_iter3,PARDISO,16,700,700,15814.0,65.86
1041,matrix_136_seed44_iter3,PARDISO,16,47499,800,52757.0,7209.4
1042,matrix_137_seed44_iter3,PARDISO,16,47505,800,54684.0,7036.72
1043,matrix_138_seed44_iter3,PARDISO,16,47502,800,52095.0,6519.32
1044,matrix_139_seed44_iter3,PARDISO,16,47430,800,54033.0,6528.62
1045,matrix_13_seed42_iter1,PARDISO,16,200,200,15728.0,27.24
1046,matrix_140_seed44_iter3,PARDISO,16,47503,800,53043.0,6379.06
1047,matrix_141_seed44_iter3,PARDISO,16,900,900,16947.0,83.56
1048,matrix_142_seed44_iter3,PARDISO,16,900,900,15879.0,83.1
1049,matrix_143_seed44_iter3,PARDISO,16,900,900,16065.0,84.7
1050,matrix_144_seed44_iter3,PARDISO,16,900,900,14614.0,86.26
1051,matrix_145_seed44_iter3,PARDISO,16,900,900,14977.0,78.96
1052,matrix_146_seed44_iter3,PARDISO,16,999240,1000,65355.0,11300.6
1053,matrix_147_seed44_iter3,PARDISO,16,999266,1000,65377.0,11303.8
1054,matrix_148_seed44_iter3,PARDISO,16,999274,1000,65813.0,11312.0
1055,matrix_149_seed44_iter3,PARDISO,16,999318,1000,66905.0,11830.2
1056,matrix_14_seed42_iter1,PARDISO,16,200,200,16552.0,24.28
1057,matrix_150_seed44_iter3,PARDISO,16,999322,1000,64709.0,11787.2
1058,matrix_151_seed45_iter4,PARDISO,16,5266,100,16547.0,179.76
1059,matrix_152_seed45_iter4,PARDISO,16,5283,100,17057.0,184.76
1060,matrix_153_seed45_iter4,PARDISO,16,5434,100,16872.0,179.92
1061,matrix_154_seed45_iter4,PARDISO,16,5659,100,16188.0,184.7
1062,matrix_155_seed45_iter4,PARDISO,16,5686,100,16041.0,183.34
1063,matrix_156_seed45_iter4,PARDISO,16,200,200,15663.0,26.92
1064,matrix_157_seed45_iter4,PARDISO,16,200,200,15491.0,29.2
1065,matrix_158_seed45_iter4,PARDISO,16,200,200,15066.0,24.12
1066,matrix_159_seed45_iter4,PARDISO,16,200,200,15008.0,23.8
1067,matrix_15_seed42_iter1,PARDISO,16,200,200,14938.0,28.62
1068,matrix_160_seed45_iter4,PARDISO,16,200,200,14045.0,28.24
1069,matrix_161_seed45_iter4,PARDISO,16,47247,300,19734.0,1256.34
1070,matrix_162_seed45_iter4,PARDISO,16,47193,300,22061.0,1157.08
1071,matrix_163_seed45_iter4,PARDISO,16,47421,300,21323.0,1249.08
1072,matrix_164_seed45_iter4,PARDISO,16,47937,300,21068.0,1135.28
1073,matrix_165_seed45_iter4,PARDISO,16,49507,300,21746.0,1256.24
1074,matrix_166_seed45_iter4,PARDISO,16,400,400,16585.0,45.74
1075,matrix_167_seed45_iter4,PARDISO,16,400,400,16021.0,43.52
1076,matrix_168_seed45_iter4,PARDISO,16,400,400,15713.0,45.18
1077,matrix_169_seed45_iter4,PARDISO,16,400,400,15544.0,36.66
1078,matrix_16_seed42_iter1,PARDISO,16,200,200,14941.0,27.62
1079,matrix_170_seed45_iter4,PARDISO,16,400,400,14688.0,43.38
1080,matrix_171_seed45_iter4,PARDISO,16,130956,500,32083.0,3108.98
1081,matrix_172_seed45_iter4,PARDISO,16,131253,500,30222.0,3063.98
1082,matrix_173_seed45_iter4,PARDISO,16,130616,500,32715.0,3353.26
1083,matrix_174_seed45_iter4,PARDISO,16,130811,500,30739.0,3148.52
1084,matrix_175_seed45_iter4,PARDISO,16,133606,500,30362.0,3210.86
1085,matrix_176_seed45_iter4,PARDISO,16,188428,600,36856.0,4636.24
1086,matrix_177_seed45_iter4,PARDISO,16,188529,600,36891.0,4056.16
1087,matrix_178_seed45_iter4,PARDISO,16,188732,600,37829.0,4734.38
1088,matrix_179_seed45_iter4,PARDISO,16,188507,600,36839.0,4346.9
1089,matrix_17_seed42_iter1,PARDISO,16,200,200,16653.0,27.82
1090,matrix_180_seed45_iter4,PARDISO,16,190878,600,37590.0,4401.94
1091,matrix_181_seed45_iter4,PARDISO,16,256240,700,43316.0,5840.38
1092,matrix_182_seed45_iter4,PARDISO,16,256938,700,43788.0,6151.82
1093,matrix_183_seed45_iter4,PARDISO,16,256317,700,44770.0,5691.88
1094,matrix_184_seed45_iter4,PARDISO,16,256991,700,44127.0,5457.38
1095,matrix_185_seed45_iter4,PARDISO,16,257562,700,45247.0,5691.84
1096,matrix_186_seed45_iter4,PARDISO,16,334466,800,52753.0,6765.32
1097,matrix_187_seed45_iter4,PARDISO,16,335449,800,52814.0,8078.54
1098,matrix_188_seed45_iter4,PARDISO,16,335168,800,52209.0,7296.46
1099,matrix_189_seed45_iter4,PARDISO,16,335451,800,52201.0,6783.5
1100,matrix_18_seed42_iter1,PARDISO,16,200,200,16510.0,29.58
1101,matrix_190_seed45_iter4,PARDISO,16,335227,800,53718.0,7286.24
1102,matrix_191_seed45_iter4,PARDISO,16,900,900,17536.0,85.44
1103,matrix_192_seed45_iter4,PARDISO,16,900,900,16383.0,71.58
1104,matrix_193_seed45_iter4,PARDISO,16,900,900,15320.0,79.76
1105,matrix_194_seed45_iter4,PARDISO,16,900,900,15678.0,85.04
1106,matrix_195_seed45_iter4,PARDISO,16,900,900,15415.0,83.7
1107,matrix_196_seed45_iter4,PARDISO,16,73988,1000,72842.0,11041.2
1108,matrix_197_seed45_iter4,PARDISO,16,73943,1000,77600.0,11261.8
1109,matrix_19_seed42_iter1,PARDISO,16,200,200,16385.0,27.22
1110,matrix_1_seed42_iter1,PARDISO,16,1729,100,15494.0,80.96
1111,matrix_2,PARDISO,16,29959,200,17532.0,634.48
1112,matrix_20_seed42_iter1,PARDISO,16,200,200,15487.0,26.72
1113,matrix_21_seed42_iter1,PARDISO,16,16042,300,15943.0,284.66
1114,matrix_22_seed42_iter1,PARDISO,16,16076,300,33388.0,275.02
1115,matrix_23_seed42_iter1,PARDISO,16,16058,300,17277.0,268.8
1116,matrix_24_seed42_iter1,PARDISO,16,16046,300,17691.0,275.22
1117,matrix_25_seed42_iter1,PARDISO,16,16082,300,17732.0,260.04
1118,matrix_26_seed42_iter1,PARDISO,16,16035,300,17672.0,273.78
1119,matrix_27_seed42_iter1,PARDISO,16,16082,300,17591.0,261.66
1120,matrix_28_seed42_iter1,PARDISO,16,16033,300,17453.0,266.36
1121,matrix_29_seed42_iter1,PARDISO,16,16023,300,17105.0,270.12
1122,matrix_2_seed42_iter1,PARDISO,16,1733,100,15586.0,81.68
1123,matrix_3,PARDISO,16,72144,300,20858.0,1199.44
1124,matrix_30_seed42_iter1,PARDISO,16,16005,300,16257.0,276.34
1125,matrix_31_seed42_iter1,PARDISO,16,28649,400,18683.0,384.94
1126,matrix_32_seed42_iter1,PARDISO,16,28699,400,18980.0,381.64
1127,matrix_33_seed42_iter1,PARDISO,16,28592,400,19197.0,381.28
1128,matrix_34_seed42_iter1,PARDISO,16,28603,400,19345.0,382.6
1129,matrix_35_seed42_iter1,PARDISO,16,28686,400,19500.0,383.48
1130,matrix_36_seed42_iter1,PARDISO,16,28618,400,19252.0,399.56
1131,matrix_37_seed42_iter1,PARDISO,16,28575,400,19301.0,372.72
1132,matrix_38_seed42_iter1,PARDISO,16,28582,400,18986.0,375.42
1133,matrix_39_seed42_iter1,PARDISO,16,28656,400,19064.0,357.78
1134,matrix_3_seed42_iter1,PARDISO,16,1717,100,16412.0,81.86
1135,matrix_4,PARDISO,16,82469,400,25521.0,2261.64
1136,matrix_40_seed42_iter1,PARDISO,16,28611,400,19284.0,397.78
1137,matrix_41_seed42_iter1,PARDISO,16,44842,500,21455.0,553.18
1138,matrix_42_seed42_iter1,PARDISO,16,44794,500,21041.0,568.08
1139,matrix_43_seed42_iter1,PARDISO,16,44816,500,20849.0,543.56
1140,matrix_44_seed42_iter1,PARDISO,16,44888,500,21678.0,538.16
1141,matrix_45_seed42_iter1,PARDISO,16,44862,500,20895.0,586.04
1142,matrix_46_seed42_iter1,PARDISO,16,44814,500,21332.0,569.64
1143,matrix_47_seed42_iter1,PARDISO,16,44800,500,20437.0,573.6
1144,matrix_48_seed42_iter1,PARDISO,16,44852,500,21251.0,582.8
1145,matrix_49_seed42_iter1,PARDISO,16,44931,500,21465.0,596.94
1146,matrix_4_seed42_iter1,PARDISO,16,1731,100,16619.0,81.2
1147,matrix_5,PARDISO,16,173613,500,31704.0,3380.26
1148,matrix_50_seed42_iter1,PARDISO,16,44826,500,21614.0,540.92
1149,matrix_51_seed42_iter1,PARDISO,16,600,600,17046.0,60.56
1150,matrix_51_seed43_iter2,PARDISO,16,5264,100,15876.0,182.56
1151,matrix_52_seed42_iter1,PARDISO,16,600,600,15757.0,57.18
1152,matrix_52_seed43_iter2,PARDISO,16,5244,100,16117.0,183.76
1153,matrix_53_seed42_iter1,PARDISO,16,600,600,15675.0,57.54
1154,matrix_53_seed43_iter2,PARDISO,16,5396,100,15473.0,184.0
1155,matrix_54_seed42_iter1,PARDISO,16,600,600,15313.0,60.14
1156,matrix_54_seed43_iter2,PARDISO,16,5576,100,16354.0,184.56
1157,matrix_55_seed42_iter1,PARDISO,16,600,600,15683.0,62.44
1158,matrix_55_seed43_iter2,PARDISO,16,5640,100,15383.0,183.28
1159,matrix_56_seed42_iter1,PARDISO,16,600,600,14710.0,46.66
1160,matrix_56_seed43_iter2,PARDISO,16,24509,200,16829.0,433.12
1161,matrix_57_seed42_iter1,PARDISO,16,600,600,16445.0,57.68
1162,matrix_57_seed43_iter2,PARDISO,16,24465,200,17909.0,422.32
1163,matrix_58_seed42_iter1,PARDISO,16,600,600,16630.0,61.66
1164,matrix_58_seed43_iter2,PARDISO,16,24488,200,17947.0,429.8
1165,matrix_59_seed42_iter1,PARDISO,16,600,600,16122.0,59.22
1166,matrix_59_seed43_iter2,PARDISO,16,25416,200,18094.0,451.66
1167,matrix_5_seed42_iter1,PARDISO,16,1730,100,15808.0,81.6
1168,matrix_6,PARDISO,16,277359,600,35812.0,4295.14
1169,matrix_60_seed42_iter1,PARDISO,16,600,600,16739.0,60.48
1170,matrix_60_seed43_iter2,PARDISO,16,26209,200,17779.0,497.52
1171,matrix_61_seed42_iter1,PARDISO,16,9918,700,30602.0,3751.08
1172,matrix_61_seed43_iter2,PARDISO,16,6841,300,20640.0,878.06
1173,matrix_62_seed42_iter1,PARDISO,16,9923,700,32353.0,3649.22
1174,matrix_62_seed43_iter2,PARDISO,16,6863,300,20675.0,940.78
1175,matrix_63_seed42_iter1,PARDISO,16,9906,700,33367.0,3712.32
1176,matrix_63_seed43_iter2,PARDISO,16,6864,300,21646.0,894.56
1177,matrix_64_seed42_iter1,PARDISO,16,9930,700,31872.0,3614.48
1178,matrix_64_seed43_iter2,PARDISO,16,6948,300,20086.0,971.16
1179,matrix_65_seed42_iter1,PARDISO,16,9936,700,29426.0,3808.62
1180,matrix_65_seed43_iter2,PARDISO,16,7363,300,20381.0,977.5
1181,matrix_66_seed42_iter1,PARDISO,16,9938,700,32116.0,3530.5
1182,matrix_66_seed43_iter2,PARDISO,16,400,400,16697.0,36.76
1183,matrix_67_seed42_iter1,PARDISO,16,9905,700,31401.0,3710.62
1184,matrix_67_seed43_iter2,PARDISO,16,400,400,16940.0,45.56
1185,matrix_68_seed42_iter1,PARDISO,16,9946,700,31632.0,3752.62
1186,matrix_68_seed43_iter2,PARDISO,16,400,400,14187.0,44.96
1187,matrix_69_seed42_iter1,PARDISO,16,9932,700,29309.0,3729.86
1188,matrix_69_seed43_iter2,PARDISO,16,400,400,16632.0,42.92
1189,matrix_6_seed42_iter1,PARDISO,16,1557,100,16120.0,81.2
1190,matrix_7,PARDISO,16,414107,700,41473.0,5819.54
1191,matrix_70_seed42_iter1,PARDISO,16,9937,700,32738.0,3696.6
1192,matrix_70_seed43_iter2,PARDISO,16,400,400,16773.0,45.26
1193,matrix_71_seed42_iter1,PARDISO,16,110905,800,55635.0,7209.86
1194,matrix_71_seed43_iter2,PARDISO,16,131203,500,31580.0,3051.64
1195,matrix_72_seed42_iter1,PARDISO,16,110787,800,53305.0,7587.76
1196,matrix_72_seed43_iter2,PARDISO,16,131332,500,31232.0,3052.9
1197,matrix_73_seed42_iter1,PARDISO,16,111001,800,54632.0,7522.92
1198,matrix_73_seed43_iter2,PARDISO,16,131232,500,32077.0,2984.92
1199,matrix_74_seed42_iter1,PARDISO,16,110953,800,56667.0,7940.34
1200,matrix_74_seed43_iter2,PARDISO,16,131152,500,30810.0,3527.7
1201,matrix_75_seed42_iter1,PARDISO,16,111031,800,56508.0,7657.12
1202,matrix_75_seed43_iter2,PARDISO,16,134013,500,31232.0,3130.76
1203,matrix_76_seed42_iter1,PARDISO,16,110987,800,57788.0,7938.1
1204,matrix_76_seed43_iter2,PARDISO,16,188694,600,37343.0,4643.0
1205,matrix_77_seed42_iter1,PARDISO,16,110888,800,59080.0,7685.36
1206,matrix_77_seed43_iter2,PARDISO,16,188837,600,37978.0,4216.7
1207,matrix_78_seed42_iter1,PARDISO,16,110784,800,53339.0,7241.14
1208,matrix_78_seed43_iter2,PARDISO,16,188803,600,38467.0,4377.26
1209,matrix_79_seed42_iter1,PARDISO,16,110845,800,55517.0,8025.62
1210,matrix_79_seed43_iter2,PARDISO,16,188495,600,37889.0,4408.6
1211,matrix_7_seed42_iter1,PARDISO,16,1373,100,17406.0,73.96
1212,matrix_8,PARDISO,16,389866,800,50979.0,7492.22
1213,matrix_80_seed42_iter1,PARDISO,16,110983,800,52121.0,7950.52
1214,matrix_80_seed43_iter2,PARDISO,16,190828,600,35723.0,4258.28
1215,matrix_81_seed42_iter1,PARDISO,16,1700,1700,17733.0,148.46
1216,matrix_81_seed43_iter2,PARDISO,16,256891,700,43078.0,5771.68
1217,matrix_82_seed42_iter1,PARDISO,16,1700,1700,27364.0,151.76
1218,matrix_82_seed43_iter2,PARDISO,16,256122,700,44601.0,6238.62
1219,matrix_83_seed42_iter1,PARDISO,16,1700,1700,17303.0,146.08
1220,matrix_83_seed43_iter2,PARDISO,16,256324,700,47380.0,6224.88
1221,matrix_84_seed42_iter1,PARDISO,16,1700,1700,16628.0,148.72
1222,matrix_84_seed43_iter2,PARDISO,16,256242,700,45555.0,5452.18
1223,matrix_85_seed42_iter1,PARDISO,16,1700,1700,17498.0,149.34
1224,matrix_85_seed43_iter2,PARDISO,16,257608,700,45340.0,5459.48
1225,matrix_86_seed42_iter1,PARDISO,16,1800,1800,16996.0,113.98
1226,matrix_86_seed43_iter2,PARDISO,16,800,800,15981.0,75.44
1227,matrix_87_seed42_iter1,PARDISO,16,1800,1800,15668.0,158.14
1228,matrix_87_seed43_iter2,PARDISO,16,800,800,15416.0,72.42
1229,matrix_88_seed42_iter1,PARDISO,16,1800,1800,15450.0,155.42
1230,matrix_88_seed43_iter2,PARDISO,16,800,800,15665.0,55.82
1231,matrix_89_seed42_iter1,PARDISO,16,1800,1800,14978.0,111.24
1232,matrix_89_seed43_iter2,PARDISO,16,800,800,14904.0,77.7
1233,matrix_8_seed42_iter1,PARDISO,16,1212,100,15010.0,78.88
1234,matrix_9,PARDISO,16,624303,900,61408.0,10191.4
1235,matrix_90_seed42_iter1,PARDISO,16,1800,1800,17586.0,156.44
1236,matrix_90_seed43_iter2,PARDISO,16,800,800,16472.0,73.24
1237,matrix_91_seed42_iter1,PARDISO,16,2201332,1900,631124.0,42838.7
1238,matrix_91_seed43_iter2,PARDISO,16,494239,900,98111.0,7957.38
1239,matrix_92_seed42_iter1,PARDISO,16,2201137,1900,772718.0,45436.5
1240,matrix_92_seed43_iter2,PARDISO,16,494273,900,102373.0,7770.92
1241,matrix_93_seed42_iter1,PARDISO,16,2201527,1900,589851.0,41409.7
1242,matrix_93_seed43_iter2,PARDISO,16,494577,900,99329.0,8038.32
1243,matrix_94_seed43_iter2,PARDISO,16,494185,900,147755.0,7337.56
1244,matrix_95_seed43_iter2,PARDISO,16,494013,900,103780.0,7807.66
1245,matrix_96_seed43_iter2,PARDISO,16,524204,1000,77523.0,11937.9
1246,matrix_97_seed43_iter2,PARDISO,16,523815,1000,73823.0,11348.3
1247,matrix_98_seed43_iter2,PARDISO,16,523621,1000,73871.0,10535.5
1248,matrix_99_seed43_iter2,PARDISO,16,523280,1000,77961.0,12307.4
1249,matrix_9_seed42_iter1,PARDISO,16,1015,100,17201.0,81.66
